"id","block_number","timestamp_","transactionHash_","contractId_","token","recipient","amount"
"0x000a58cf325a3a332c54473d99d0bb9582f8f1ab4d97653faf91c677ec807a55-334","28336854","1753764882","0x000a58cf325a3a332c54473d99d0bb9582f8f1ab4d97653faf91c677ec807a55","0xddd77e91c222e36d4bd5ca8e78682a2172314197","0x0fba475e92cfef19f7dbada8ec2cce4ad7bbc0d9","0xe44064500c662d2b5b3f414441590b0b7dab7e9d","553633217993079584775086"
"0x00150c0fd4f787a78e4626e94e74b25e19a09325e1f05ff3500be00f64b7fc5f-15","28330292","1753760925","0x00150c0fd4f787a78e4626e94e74b25e19a09325e1f05ff3500be00f64b7fc5f","0xddd77e91c222e36d4bd5ca8e78682a2172314197","0x0fba475e92cfef19f7dbada8ec2cce4ad7bbc0d9","0xd2f7f1eac217adde93f463c615231748af43d37a","553633217993079584775086"
"0x0033bcc37350c04d3a399c5fcd4cf1a515b50d1c950450202c17f81ee6a71ccf-45","28382684","1753792524","0x0033bcc37350c04d3a399c5fcd4cf1a515b50d1c950450202c17f81ee6a71ccf","0xddd77e91c222e36d4bd5ca8e78682a2172314197","0x0fba475e92cfef19f7dbada8ec2cce4ad7bbc0d9","0xe7a8ed2cb9e8430f662b9a7c92f703a6d73f70d4","553633217993079584775086"
"0x004f28dda3e378c7e0cb0dd9c3f33a1c6d9d13bb7122a254e035b41187e483a6-139","28364888","1753781739","0x004f28dda3e378c7e0cb0dd9c3f33a1c6d9d13bb7122a254e035b41187e483a6","0xddd77e91c222e36d4bd5ca8e78682a2172314197","0x0fba475e92cfef19f7dbada8ec2cce4ad7bbc0d9","0x4adac7642766f4a4dcc534ec40d050f1d26d18fb","553633217993079584775086"
"0x0052ad5121c91b109c2f9097668991a09796bc2c89ec018c4496f8a8528f2aea-230","28335772","1753764236","0x0052ad5121c91b109c2f9097668991a09796bc2c89ec018c4496f8a8528f2aea","0xddd77e91c222e36d4bd5ca8e78682a2172314197","0x0fba475e92cfef19f7dbada8ec2cce4ad7bbc0d9","0xe73e03a5765036bec6b6d7d848a7b8d366354fe9","553633217993079584775086"
"0x008445f8ec462bd584a84e8adeae8c814ee80acd37d245353ae52d2401ddff93-159","28335657","1753764161","0x008445f8ec462bd584a84e8adeae8c814ee80acd37d245353ae52d2401ddff93","0xddd77e91c222e36d4bd5ca8e78682a2172314197","0x0fba475e92cfef19f7dbada8ec2cce4ad7bbc0d9","0x96836e93eb24744aed65a122ab99404b5e67cc72","553633217993079584775086"
"0x00c024ae98ea2cf0780a66e84ac18beb29c47aea33469eb460c681f07b41635b-13","28341677","1753767760","0x00c024ae98ea2cf0780a66e84ac18beb29c47aea33469eb460c681f07b41635b","0xddd77e91c222e36d4bd5ca8e78682a2172314197","0x0fba475e92cfef19f7dbada8ec2cce4ad7bbc0d9","0xd0eb7b37fd11678f0c922aff550f9f354faa6817","553633217993079584775086"
"0x00c6bb009874ee2232d05c044848c9a206d537ca5d84aed7238d83b162a0fbe8-292","28374337","1753787449","0x00c6bb009874ee2232d05c044848c9a206d537ca5d84aed7238d83b162a0fbe8","0xddd77e91c222e36d4bd5ca8e78682a2172314197","0x0fba475e92cfef19f7dbada8ec2cce4ad7bbc0d9","0x7bfc30640f182fcbc8d108e25f023fcaee9973be","553633217993079584775086"
"0x00f22b6bfe5dc6c3045ab1ea7e59076fa43f4fa50e5eef36f2aa52eb9e542428-148","28398253","1753801862","0x00f22b6bfe5dc6c3045ab1ea7e59076fa43f4fa50e5eef36f2aa52eb9e542428","0xddd77e91c222e36d4bd5ca8e78682a2172314197","0x0fba475e92cfef19f7dbada8ec2cce4ad7bbc0d9","0xcab23d87637fbdc821fca09838457d667e8c1df9","553633217993079584775086"
"0x00f41d29f10051356724f643b52262440033aaf4111ce84dfdbc5401e594d661-49","28337131","1753765048","0x00f41d29f10051356724f643b52262440033aaf4111ce84dfdbc5401e594d661","0xddd77e91c222e36d4bd5ca8e78682a2172314197","0x0fba475e92cfef19f7dbada8ec2cce4ad7bbc0d9","0xc90ba03539d5c5a564c1de51c9c9c0ed6d40f97b","553633217993079584775086"
"0x0110ce1565b03d1b9652afa8cdceda4ece923966b1aadc591426f5d9dee0eb34-129","28345314","1753769978","0x0110ce1565b03d1b9652afa8cdceda4ece923966b1aadc591426f5d9dee0eb34","0xddd77e91c222e36d4bd5ca8e78682a2172314197","0x0fba475e92cfef19f7dbada8ec2cce4ad7bbc0d9","0xead266cd319717d60ee1e1ac36b8eced0287064c","553633217993079584775086"
"0x01129cdd19cefb5f31fb9700c9dea33bb34c15a0c799441a9701dcbb2ef285de-698","28391507","1753797787","0x01129cdd19cefb5f31fb9700c9dea33bb34c15a0c799441a9701dcbb2ef285de","0xddd77e91c222e36d4bd5ca8e78682a2172314197","0x0fba475e92cfef19f7dbada8ec2cce4ad7bbc0d9","0x09f52bc3510173c60bf60ad5ae51d1d50ee54512","553633217993079584775086"
"0x01212a42c1b0ed532ca1204d66aa592bbe28570fef14fbdd2424b847ec6a0a33-77","28384505","1753793617","0x01212a42c1b0ed532ca1204d66aa592bbe28570fef14fbdd2424b847ec6a0a33","0xddd77e91c222e36d4bd5ca8e78682a2172314197","0x0fba475e92cfef19f7dbada8ec2cce4ad7bbc0d9","0x1a80ce13d228fa7dc39b1d0e75615995816eea34","553633217993079584775086"
"0x0132d94c4cc4e1deaa96d1d393d2c904e6adea6037a5233d5f344240434600b5-54","28358677","1753778000","0x0132d94c4cc4e1deaa96d1d393d2c904e6adea6037a5233d5f344240434600b5","0xddd77e91c222e36d4bd5ca8e78682a2172314197","0x0fba475e92cfef19f7dbada8ec2cce4ad7bbc0d9","0x10324535c8f40591c24cd8748c582ecaad028c70","553633217993079584775086"
"0x01480e7bf314a4b30d36fb2f516effa2e78ebdc795a7c87f0bd63a70d4bb6c5c-4","28331199","1753761484","0x01480e7bf314a4b30d36fb2f516effa2e78ebdc795a7c87f0bd63a70d4bb6c5c","0xddd77e91c222e36d4bd5ca8e78682a2172314197","0x0fba475e92cfef19f7dbada8ec2cce4ad7bbc0d9","0x3ab67ad046be1bd4e406050f47fd31f990064848","553633217993079584775086"
"0x01bf0f9bdf810e56e1d8f73f327935c034195d447755830c4eb36d5c200931ca-189","28369799","1753784718","0x01bf0f9bdf810e56e1d8f73f327935c034195d447755830c4eb36d5c200931ca","0xddd77e91c222e36d4bd5ca8e78682a2172314197","0x0fba475e92cfef19f7dbada8ec2cce4ad7bbc0d9","0x2bfe1a3a8804a8b5f4b55f916009e51655aa46eb","553633217993079584775086"
"0x01c44215255022800beee213a93cfd170953056cd072a4f13b82b8fa7fd92b11-253","28350074","1753772833","0x01c44215255022800beee213a93cfd170953056cd072a4f13b82b8fa7fd92b11","0xddd77e91c222e36d4bd5ca8e78682a2172314197","0x0fba475e92cfef19f7dbada8ec2cce4ad7bbc0d9","0xa2b92e7156af0332a945184715b2f9b99c4bba25","553633217993079584775086"
"0x01c4cd4293a1aaf96d68503b796907a831cdfc9a5631c30e4f65d9b6e19842d0-87","28348050","1753771640","0x01c4cd4293a1aaf96d68503b796907a831cdfc9a5631c30e4f65d9b6e19842d0","0xddd77e91c222e36d4bd5ca8e78682a2172314197","0x0fba475e92cfef19f7dbada8ec2cce4ad7bbc0d9","0xe20757263a77f961a67a539b026d836e1d0bde66","553633217993079584775086"
"0x01cf875862f77af046ea8c87b4bd4c5234d6f6d58d7105024f59a73a3966b987-84","28394825","1753799801","0x01cf875862f77af046ea8c87b4bd4c5234d6f6d58d7105024f59a73a3966b987","0xddd77e91c222e36d4bd5ca8e78682a2172314197","0x0fba475e92cfef19f7dbada8ec2cce4ad7bbc0d9","0xb3fda23a9206f3a0c136a8bf47ab0098482bd6d9","553633217993079584775086"
"0x01d10ab56af91b7c82e4a31e9b52842d7bec238014e7b12bc9fb7972eeb46e42-91","28334048","1753763168","0x01d10ab56af91b7c82e4a31e9b52842d7bec238014e7b12bc9fb7972eeb46e42","0xddd77e91c222e36d4bd5ca8e78682a2172314197","0x0fba475e92cfef19f7dbada8ec2cce4ad7bbc0d9","0x2daba257cecaba1abf8fb9704bf280c896f8d63f","553633217993079584775086"
"0x01eba18896b746b4608e7af141f6a51cb4fca7116e38490f6e43166d846e7887-81","28375488","1753788161","0x01eba18896b746b4608e7af141f6a51cb4fca7116e38490f6e43166d846e7887","0xddd77e91c222e36d4bd5ca8e78682a2172314197","0x0fba475e92cfef19f7dbada8ec2cce4ad7bbc0d9","0x01d38197d1caf82c7970e78545babd9229d22929","553633217993079584775086"
"0x01f2686d8a38f83f05b08682da110421d3b52e31f0023636b32baecfb9db7f2d-36","28349688","1753772596","0x01f2686d8a38f83f05b08682da110421d3b52e31f0023636b32baecfb9db7f2d","0xddd77e91c222e36d4bd5ca8e78682a2172314197","0x0fba475e92cfef19f7dbada8ec2cce4ad7bbc0d9","0x546bf996547d7f73bb0b74750f1deb66949b3644","553633217993079584775086"
"0x0203eb8505662424f14c8a418329d50ce505eed82188c3e88f944d6a341d40e0-9","28337527","1753765282","0x0203eb8505662424f14c8a418329d50ce505eed82188c3e88f944d6a341d40e0","0xddd77e91c222e36d4bd5ca8e78682a2172314197","0x0fba475e92cfef19f7dbada8ec2cce4ad7bbc0d9","0x60e9d4a789b99c86dd3313b63acb883b050f0ff6","553633217993079584775086"
"0x02a5268fdf1650e91bb5bfc3aed6edf7da54edc984063ba4650a448f54068121-17","28339682","1753766591","0x02a5268fdf1650e91bb5bfc3aed6edf7da54edc984063ba4650a448f54068121","0xddd77e91c222e36d4bd5ca8e78682a2172314197","0x0fba475e92cfef19f7dbada8ec2cce4ad7bbc0d9","0xb736536598473931d7b0b028b3ef7640766e7879","553633217993079584775086"
"0x02a5e61cf5c3309f89c37a17d126b7cd78d0fa4e3e2527bcfb6c4194b0794dbc-80","28362944","1753780576","0x02a5e61cf5c3309f89c37a17d126b7cd78d0fa4e3e2527bcfb6c4194b0794dbc","0xddd77e91c222e36d4bd5ca8e78682a2172314197","0x0fba475e92cfef19f7dbada8ec2cce4ad7bbc0d9","0x93a4d3d4454644a3df432d196999424283420cd0","553633217993079584775086"
"0x02b0df4cc7d7af53df041479351f97bf48093c449fda3fd9102263bbcc62362e-36","28332253","1753762104","0x02b0df4cc7d7af53df041479351f97bf48093c449fda3fd9102263bbcc62362e","0xddd77e91c222e36d4bd5ca8e78682a2172314197","0x0fba475e92cfef19f7dbada8ec2cce4ad7bbc0d9","0x086e353a30a65297cfcb72ad873db432fde3db94","553633217993079584775086"
"0x02b714bd212c31ceef27aafb1b71b993ab1b04f461bb0fca5b9ef80e2276a908-35","28346772","1753770854","0x02b714bd212c31ceef27aafb1b71b993ab1b04f461bb0fca5b9ef80e2276a908","0xddd77e91c222e36d4bd5ca8e78682a2172314197","0x0fba475e92cfef19f7dbada8ec2cce4ad7bbc0d9","0xac1676e7344251be2ab774c7e97565432a997e6e","553633217993079584775086"
"0x02ce84e196d7ff493627cdd6dfaf69614a3dcefae418ca803811bac5e288ed5f-93","28392254","1753798249","0x02ce84e196d7ff493627cdd6dfaf69614a3dcefae418ca803811bac5e288ed5f","0xddd77e91c222e36d4bd5ca8e78682a2172314197","0x0fba475e92cfef19f7dbada8ec2cce4ad7bbc0d9","0xeb87874fbeec9e2607ba295ee99cc741ebebbb6c","553633217993079584775086"
"0x02d1abb4b7de0b112f11d8ba96c5c011270c0b0e072f375d61b2185c637b4e8a-141","28357874","1753777515","0x02d1abb4b7de0b112f11d8ba96c5c011270c0b0e072f375d61b2185c637b4e8a","0xddd77e91c222e36d4bd5ca8e78682a2172314197","0x0fba475e92cfef19f7dbada8ec2cce4ad7bbc0d9","0x5b45dcd14f03794222726cb162c938ee4139dbd0","553633217993079584775086"
"0x02f4a1ac5d2b2cfa96c3bf6ebedfd013df2c5931bd87ad993a770a5fc4fc637e-116","28336831","1753764865","0x02f4a1ac5d2b2cfa96c3bf6ebedfd013df2c5931bd87ad993a770a5fc4fc637e","0xddd77e91c222e36d4bd5ca8e78682a2172314197","0x0fba475e92cfef19f7dbada8ec2cce4ad7bbc0d9","0xd0eff69f6306ab150b9e50b4987ff72d477ca608","553633217993079584775086"
"0x031f07cb42fe154b5ac5fcb8de84e08017522db5eecb9b4f04e4b405f6f51884-123","28354254","1753775324","0x031f07cb42fe154b5ac5fcb8de84e08017522db5eecb9b4f04e4b405f6f51884","0xddd77e91c222e36d4bd5ca8e78682a2172314197","0x0fba475e92cfef19f7dbada8ec2cce4ad7bbc0d9","0x1580c6f73c93ea83674c00da2acbfbea935a4740","553633217993079584775086"
"0x033467a39abd7033acf76ae5725e552d0058f611f00626289722819b1aaac25b-140","28391114","1753797558","0x033467a39abd7033acf76ae5725e552d0058f611f00626289722819b1aaac25b","0xddd77e91c222e36d4bd5ca8e78682a2172314197","0x0fba475e92cfef19f7dbada8ec2cce4ad7bbc0d9","0x54f6f93b520467ff2ef0d2fff6c9e643f52978de","553633217993079584775086"
"0x03365c4d98c565ea5b0a239fdb733113221cdc4023ad5adeda0e219cca414577-107","28330409","1753760993","0x03365c4d98c565ea5b0a239fdb733113221cdc4023ad5adeda0e219cca414577","0xddd77e91c222e36d4bd5ca8e78682a2172314197","0x0fba475e92cfef19f7dbada8ec2cce4ad7bbc0d9","0x436fd824d8dcad7e20c4ea6436aaffed6abf4832","553633217993079584775086"
"0x0379be4fca879729aa8c11625c0273be433d8af30bd57e398a1721753d3e8a90-9","28368333","1753783844","0x0379be4fca879729aa8c11625c0273be433d8af30bd57e398a1721753d3e8a90","0xddd77e91c222e36d4bd5ca8e78682a2172314197","0x0fba475e92cfef19f7dbada8ec2cce4ad7bbc0d9","0x348ec19d87f5ad9cb5aa7e3f135e0219d5d1747d","553633217993079584775086"
"0x037fbb639bf621070ad77d2cab7fd2eac693be1c7f8979a5e8f9e33084f6aaac-132","28352089","1753774031","0x037fbb639bf621070ad77d2cab7fd2eac693be1c7f8979a5e8f9e33084f6aaac","0xddd77e91c222e36d4bd5ca8e78682a2172314197","0x0fba475e92cfef19f7dbada8ec2cce4ad7bbc0d9","0x62565006b689fd71967a1ec9026b7b429d4df6d5","553633217993079584775086"
"0x038df1984abdc53d3a9e8f6709b8bccbac10b5838e9395b67ae6f3a6712bbdb2-185","28391255","1753797635","0x038df1984abdc53d3a9e8f6709b8bccbac10b5838e9395b67ae6f3a6712bbdb2","0xddd77e91c222e36d4bd5ca8e78682a2172314197","0x0fba475e92cfef19f7dbada8ec2cce4ad7bbc0d9","0x6c65267028f68a22f999216bc68ba58286ae7385","553633217993079584775086"
"0x03954a8a1d3456dfc9ca0b72fd6dde5b11637347925353cae5ab87f8b0d3dc34-164","28392249","1753798247","0x03954a8a1d3456dfc9ca0b72fd6dde5b11637347925353cae5ab87f8b0d3dc34","0xddd77e91c222e36d4bd5ca8e78682a2172314197","0x0fba475e92cfef19f7dbada8ec2cce4ad7bbc0d9","0x3e4c0153fac83cbeea95254a33a665e967cbd4e7","553633217993079584775086"
"0x03963c27a68ba87c85fb45a2096abbe3f37cff3fddc86869c7850c3735e6fb29-66","28392424","1753798346","0x03963c27a68ba87c85fb45a2096abbe3f37cff3fddc86869c7850c3735e6fb29","0xddd77e91c222e36d4bd5ca8e78682a2172314197","0x0fba475e92cfef19f7dbada8ec2cce4ad7bbc0d9","0x014d5b98b0adaa9b194df1c33a883060283d24d4","553633217993079584775086"
"0x03a71ed1c10ffa8602caf11d08e8686a9d03599e3bb04af44278dad08b099e8c-119","28369714","1753784664","0x03a71ed1c10ffa8602caf11d08e8686a9d03599e3bb04af44278dad08b099e8c","0xddd77e91c222e36d4bd5ca8e78682a2172314197","0x0fba475e92cfef19f7dbada8ec2cce4ad7bbc0d9","0x9227d45d8373c15ddd095a5fdc6ee01a678fed8d","553633217993079584775086"
"0x03acaefd686cf5e769b34af9c530e28489ce3852cfd62fb8d04e1b0496225da2-3","28373515","1753786932","0x03acaefd686cf5e769b34af9c530e28489ce3852cfd62fb8d04e1b0496225da2","0xddd77e91c222e36d4bd5ca8e78682a2172314197","0x0fba475e92cfef19f7dbada8ec2cce4ad7bbc0d9","0x95c276da923a3ff7ec8df0f0f858315e15584069","553633217993079584775086"
"0x03e52d397130da6476fef10c517319e71522fee5134b3908e8e55810cced7ca3-131","28368606","1753784007","0x03e52d397130da6476fef10c517319e71522fee5134b3908e8e55810cced7ca3","0xddd77e91c222e36d4bd5ca8e78682a2172314197","0x0fba475e92cfef19f7dbada8ec2cce4ad7bbc0d9","0x259b739ba719ed2ba64e1cc761bb94cadb573ce1","553633217993079584775086"
"0x0400eb84e352da6a0c57f2f973bc9009a792d39fafc87cd1711bdbc05a56e0ff-141","28360998","1753779413","0x0400eb84e352da6a0c57f2f973bc9009a792d39fafc87cd1711bdbc05a56e0ff","0xddd77e91c222e36d4bd5ca8e78682a2172314197","0x0fba475e92cfef19f7dbada8ec2cce4ad7bbc0d9","0xcd9235d766a100fda8af1773bec77179621e22a9","553633217993079584775086"
"0x0405468ce7cc7d83f94a6413a781ac73ac3469ac9af1864046335c52ed3fcfcd-13","28130260","1753640894","0x0405468ce7cc7d83f94a6413a781ac73ac3469ac9af1864046335c52ed3fcfcd","0xddd77e91c222e36d4bd5ca8e78682a2172314197","0x0fba475e92cfef19f7dbada8ec2cce4ad7bbc0d9","0x20f2b769835acd0fbe13ec7ea4029236d371498f","553633217993079584775086"
"0x04144c8b7e2746e26d7b495ab4bfff456faddaae858c2bfd5fd81d441b7efa83-134","28363119","1753780675","0x04144c8b7e2746e26d7b495ab4bfff456faddaae858c2bfd5fd81d441b7efa83","0xddd77e91c222e36d4bd5ca8e78682a2172314197","0x0fba475e92cfef19f7dbada8ec2cce4ad7bbc0d9","0x9d65421ebdbec3ddc0eb8fa7ec8f1faa528aaad2","553633217993079584775086"
"0x043590684e4e06074f746a4ff7b9e99c43c8e422da30d8607e0da6cebdda334a-8","28333092","1753762598","0x043590684e4e06074f746a4ff7b9e99c43c8e422da30d8607e0da6cebdda334a","0xddd77e91c222e36d4bd5ca8e78682a2172314197","0x0fba475e92cfef19f7dbada8ec2cce4ad7bbc0d9","0x2c42d641029ad421efee09a208e23e27effba10e","553633217993079584775086"
"0x04497f3f6a784044e816c469f79816159b1a4320e9830750391789ab2c789990-684","28393379","1753798921","0x04497f3f6a784044e816c469f79816159b1a4320e9830750391789ab2c789990","0xddd77e91c222e36d4bd5ca8e78682a2172314197","0x0fba475e92cfef19f7dbada8ec2cce4ad7bbc0d9","0xf43cd8f9c1f57d94c5731e3c0379696990793dc0","553633217993079584775086"
"0x046bcbadb0f85190cc88b6645df70463b4ae6346f0430fb4c0f958a6bab69831-611","28385506","1753794201","0x046bcbadb0f85190cc88b6645df70463b4ae6346f0430fb4c0f958a6bab69831","0xddd77e91c222e36d4bd5ca8e78682a2172314197","0x0fba475e92cfef19f7dbada8ec2cce4ad7bbc0d9","0x3d984a5be6789829020f065851b6080b313d10e3","553633217993079584775086"
"0x0472d136ec5e6e7560116dae5eb557fe412a6bc54888b06e427a244fbd79462c-3","28362475","1753780296","0x0472d136ec5e6e7560116dae5eb557fe412a6bc54888b06e427a244fbd79462c","0xddd77e91c222e36d4bd5ca8e78682a2172314197","0x0fba475e92cfef19f7dbada8ec2cce4ad7bbc0d9","0x4983cafe5973070b134a52842545ff62540c97dc","553633217993079584775086"
"0x047d4b2eb2ec6d8c3c136e6d71ba0212637d5864d33849720128e9fee2cc92ff-117","28334891","1753763701","0x047d4b2eb2ec6d8c3c136e6d71ba0212637d5864d33849720128e9fee2cc92ff","0xddd77e91c222e36d4bd5ca8e78682a2172314197","0x0fba475e92cfef19f7dbada8ec2cce4ad7bbc0d9","0x56cf268ce5a8a1431b2bdc7c11337cac48b72af8","553633217993079584775086"
"0x0490f4eb1896595e882a95f8cf134334ee3efd6a5c83a6a2d8e77fa397e1b87c-62","28137817","1753645454","0x0490f4eb1896595e882a95f8cf134334ee3efd6a5c83a6a2d8e77fa397e1b87c","0xddd77e91c222e36d4bd5ca8e78682a2172314197","0x0fba475e92cfef19f7dbada8ec2cce4ad7bbc0d9","0x5f8e3bc4531e8d5cb31c5763775f1386c4e9bb8c","553633217993079584775086"
"0x04a6282e37c7b91041be26c68268470e7fe237c6e48c04bbd7c331bf3189b1de-146","28353189","1753774699","0x04a6282e37c7b91041be26c68268470e7fe237c6e48c04bbd7c331bf3189b1de","0xddd77e91c222e36d4bd5ca8e78682a2172314197","0x0fba475e92cfef19f7dbada8ec2cce4ad7bbc0d9","0x9994dbe802cb6be82e01dfc7fb61494cf21d2c06","553633217993079584775086"
"0x04ac81c31784e167ed30967790f167ddefd6684346eabf593d0f01cc8b3c65e8-953","28354848","1753775684","0x04ac81c31784e167ed30967790f167ddefd6684346eabf593d0f01cc8b3c65e8","0xddd77e91c222e36d4bd5ca8e78682a2172314197","0x0fba475e92cfef19f7dbada8ec2cce4ad7bbc0d9","0x5a0920941c1709b3e277cbdd1b05df62761d19b0","553633217993079584775086"
"0x04b818597691970929925c770c67b0b0449341ddeafd8979f36064c82393cfe8-440","28352333","1753774185","0x04b818597691970929925c770c67b0b0449341ddeafd8979f36064c82393cfe8","0xddd77e91c222e36d4bd5ca8e78682a2172314197","0x0fba475e92cfef19f7dbada8ec2cce4ad7bbc0d9","0x523f655dc663161349e7a8a85bb085449ff15008","553633217993079584775086"
"0x04d2dc159921734e9dbb03516d2947877cd7cccc816f1e8c5bd500f440ace4dc-87","28356449","1753776644","0x04d2dc159921734e9dbb03516d2947877cd7cccc816f1e8c5bd500f440ace4dc","0xddd77e91c222e36d4bd5ca8e78682a2172314197","0x0fba475e92cfef19f7dbada8ec2cce4ad7bbc0d9","0x384e343ffff257835b891bdb821a5e9ca24fcbac","553633217993079584775086"
"0x05043a3927a69f5eac48d1927e38f934679bc76b7e5829f08c68506e932e6182-213","28352333","1753774185","0x05043a3927a69f5eac48d1927e38f934679bc76b7e5829f08c68506e932e6182","0xddd77e91c222e36d4bd5ca8e78682a2172314197","0x0fba475e92cfef19f7dbada8ec2cce4ad7bbc0d9","0xbcbace7db159c0255ae5ccce0a4f46732bbd19ef","553633217993079584775086"
"0x051b561b66f4cdd71c4a01d42eb0820ac35f51224cc36bf0e30e94d3a25a7ce0-256","28403660","1753805179","0x051b561b66f4cdd71c4a01d42eb0820ac35f51224cc36bf0e30e94d3a25a7ce0","0xddd77e91c222e36d4bd5ca8e78682a2172314197","0x0fba475e92cfef19f7dbada8ec2cce4ad7bbc0d9","0x5d3d30d61dfea6bdc15c2179b3b4d13711976264","553633217993079584775086"
"0x053173c90221dba941b7c100a310d47ecc4ceec1ab3eb920c115c76394429126-179","28350098","1753772847","0x053173c90221dba941b7c100a310d47ecc4ceec1ab3eb920c115c76394429126","0xddd77e91c222e36d4bd5ca8e78682a2172314197","0x0fba475e92cfef19f7dbada8ec2cce4ad7bbc0d9","0xf83c2b36b82f965b61d56762e74d327b69948a51","553633217993079584775086"
"0x05320c2eb7af5105fccb8d957127aa23ef86cc18d6f7a847e6fa1d8eb9897a69-44","28371954","1753786002","0x05320c2eb7af5105fccb8d957127aa23ef86cc18d6f7a847e6fa1d8eb9897a69","0xddd77e91c222e36d4bd5ca8e78682a2172314197","0x0fba475e92cfef19f7dbada8ec2cce4ad7bbc0d9","0x8053ca5d0835109ce7f6b385dae690d161e4919e","553633217993079584775086"
"0x05562e33c5d8d0c897e3864ca84a392bab162ff13b9c256493d17094ea6a3172-20","28340257","1753766917","0x05562e33c5d8d0c897e3864ca84a392bab162ff13b9c256493d17094ea6a3172","0xddd77e91c222e36d4bd5ca8e78682a2172314197","0x0fba475e92cfef19f7dbada8ec2cce4ad7bbc0d9","0x104c84d1a8f24be2fa69c537929749c5436e782d","553633217993079584775086"
"0x05563ec30f68c5e3f231981a86929a9ca2eb21b7b76ed2d6343d1d82d4b6f6e7-288","28374337","1753787449","0x05563ec30f68c5e3f231981a86929a9ca2eb21b7b76ed2d6343d1d82d4b6f6e7","0xddd77e91c222e36d4bd5ca8e78682a2172314197","0x0fba475e92cfef19f7dbada8ec2cce4ad7bbc0d9","0x4b992dd2cbb545b7a63fd14789bd355b41cea7ee","553633217993079584775086"
"0x056305da29d7aa61baa600f74f7b5f559d4801664841305f713b746be6c8bcff-178","28347131","1753771078","0x056305da29d7aa61baa600f74f7b5f559d4801664841305f713b746be6c8bcff","0xddd77e91c222e36d4bd5ca8e78682a2172314197","0x0fba475e92cfef19f7dbada8ec2cce4ad7bbc0d9","0x7969434e63fa5fd13445c2c770f10c9e45ebc2d9","553633217993079584775086"
"0x058dcd6dd547858ceba7e636c6b79f7523dfbc0c61b2540352b53f838b241a82-16","28362842","1753780518","0x058dcd6dd547858ceba7e636c6b79f7523dfbc0c61b2540352b53f838b241a82","0xddd77e91c222e36d4bd5ca8e78682a2172314197","0x0fba475e92cfef19f7dbada8ec2cce4ad7bbc0d9","0xd274a849b2d9389a36c610ec456e8d4450d1d883","553633217993079584775086"
"0x05f48be01ffd5d7fb1942c525df44d689158dc68c7c95ada27ab549bb0399628-54","28348527","1753771930","0x05f48be01ffd5d7fb1942c525df44d689158dc68c7c95ada27ab549bb0399628","0xddd77e91c222e36d4bd5ca8e78682a2172314197","0x0fba475e92cfef19f7dbada8ec2cce4ad7bbc0d9","0xea6b7165f63b3a427f759f213d627922fe708969","553633217993079584775086"
"0x061a6a091848775d37afd11fc359370c75e92da6f79f19a9e5e8ff8024a80446-476","28373772","1753787101","0x061a6a091848775d37afd11fc359370c75e92da6f79f19a9e5e8ff8024a80446","0xddd77e91c222e36d4bd5ca8e78682a2172314197","0x0fba475e92cfef19f7dbada8ec2cce4ad7bbc0d9","0xa3c49b2d5a3d76eb961e7a54ef34b1dd16419f93","553633217993079584775086"
"0x062fd8d8eaeff3e389f3f472d0733c2c4f3e2a1f6d3063843357bd92dcc4446f-7","28386702","1753794884","0x062fd8d8eaeff3e389f3f472d0733c2c4f3e2a1f6d3063843357bd92dcc4446f","0xddd77e91c222e36d4bd5ca8e78682a2172314197","0x0fba475e92cfef19f7dbada8ec2cce4ad7bbc0d9","0xf6b6b5f8688d04b9657d1273a909de60470896bf","553633217993079584775086"
"0x06383a08d2291a46c7196831ad95769d7125602a75c8544446a98b5ef325acca-235","28334291","1753763335","0x06383a08d2291a46c7196831ad95769d7125602a75c8544446a98b5ef325acca","0xddd77e91c222e36d4bd5ca8e78682a2172314197","0x0fba475e92cfef19f7dbada8ec2cce4ad7bbc0d9","0xe52361972e5a51981bd672cf89941f2abd1ed7ed","553633217993079584775086"
"0x063e50dafaaa87462b072748ec94dfe8b11ad4ac348aa31dcd331552e33ee0bc-32","28349688","1753772596","0x063e50dafaaa87462b072748ec94dfe8b11ad4ac348aa31dcd331552e33ee0bc","0xddd77e91c222e36d4bd5ca8e78682a2172314197","0x0fba475e92cfef19f7dbada8ec2cce4ad7bbc0d9","0x93a5f3788acaa31588c196b7a5975903f9ccb752","553633217993079584775086"
"0x06446856bc3b55ecbdbf1452c4132ac4964f2b7f2fddf32a656b993bb5cacf34-137","28392018","1753798114","0x06446856bc3b55ecbdbf1452c4132ac4964f2b7f2fddf32a656b993bb5cacf34","0xddd77e91c222e36d4bd5ca8e78682a2172314197","0x0fba475e92cfef19f7dbada8ec2cce4ad7bbc0d9","0x136679fe58c7071b82ec4bb92c032437852efe1f","553633217993079584775086"
"0x065e0c5712ef8db99b6a41456219ed3e240b2a5307e3cdb3b685e2c96b750491-143","28351881","1753773914","0x065e0c5712ef8db99b6a41456219ed3e240b2a5307e3cdb3b685e2c96b750491","0xddd77e91c222e36d4bd5ca8e78682a2172314197","0x0fba475e92cfef19f7dbada8ec2cce4ad7bbc0d9","0x029c5aeea06c2bfe218c6c71ca6b04f54996388f","553633217993079584775086"
"0x0674b41143f38ef5422c7cee0a33458eab0d1d19baf7268ecfdd0247a6f6c787-12","28373175","1753786733","0x0674b41143f38ef5422c7cee0a33458eab0d1d19baf7268ecfdd0247a6f6c787","0xddd77e91c222e36d4bd5ca8e78682a2172314197","0x0fba475e92cfef19f7dbada8ec2cce4ad7bbc0d9","0x20973a3c7726f7299c70ea3042d0e38181335a7b","553633217993079584775086"
"0x06926ee426d526c0713bc44b81da8345ad4248d2d3f7f66912ba0938837de1e5-165","28366210","1753782551","0x06926ee426d526c0713bc44b81da8345ad4248d2d3f7f66912ba0938837de1e5","0xddd77e91c222e36d4bd5ca8e78682a2172314197","0x0fba475e92cfef19f7dbada8ec2cce4ad7bbc0d9","0x06666ce34b938d934e41d3a17b1bbaefd81ff547","553633217993079584775086"
"0x06abf81dff50de8073487ca92594ca478dc2f3fe6a7e1e64ee07d4a4d10d40cc-82","28365168","1753781904","0x06abf81dff50de8073487ca92594ca478dc2f3fe6a7e1e64ee07d4a4d10d40cc","0xddd77e91c222e36d4bd5ca8e78682a2172314197","0x0fba475e92cfef19f7dbada8ec2cce4ad7bbc0d9","0xde3003e4608e8176e90ba4b0750b58dc7e70caa3","553633217993079584775086"
"0x06d0759d1afe44c83106495f8837a87d5921d3ff2684434e1ed8784a56af775f-53","28335678","1753764171","0x06d0759d1afe44c83106495f8837a87d5921d3ff2684434e1ed8784a56af775f","0xddd77e91c222e36d4bd5ca8e78682a2172314197","0x0fba475e92cfef19f7dbada8ec2cce4ad7bbc0d9","0x70a541eb5555ae25664776d25468d310027eb815","553633217993079584775086"
"0x06f1eee5a1bcca44207f5c7ba7b52d09a7e6c360965c57f2f843c2769458a357-642","28330744","1753761202","0x06f1eee5a1bcca44207f5c7ba7b52d09a7e6c360965c57f2f843c2769458a357","0xddd77e91c222e36d4bd5ca8e78682a2172314197","0x0fba475e92cfef19f7dbada8ec2cce4ad7bbc0d9","0xf0b7288458152cf19739e7b2de9d9a6cff6fc601","553633217993079584775086"
"0x06f5197ca21df815db4164af5fb798ec57dd3bed2a68ec70c794abf8d29507e7-59","28337361","1753765181","0x06f5197ca21df815db4164af5fb798ec57dd3bed2a68ec70c794abf8d29507e7","0xddd77e91c222e36d4bd5ca8e78682a2172314197","0x0fba475e92cfef19f7dbada8ec2cce4ad7bbc0d9","0xd428d42df467ecc635bb3928c304530c53d8198a","553633217993079584775086"
"0x06f67fb66988c6124cdc80a10f184c0f46f7658a3f51f619e1a121892f06d967-733","28353554","1753774919","0x06f67fb66988c6124cdc80a10f184c0f46f7658a3f51f619e1a121892f06d967","0xddd77e91c222e36d4bd5ca8e78682a2172314197","0x0fba475e92cfef19f7dbada8ec2cce4ad7bbc0d9","0x3a1714ce2ee093b25393b454faac730979d6e49f","553633217993079584775086"
"0x0742dc7ae17e4833ddea5047b5ef576113df9958dafee2cc33bc72c2e43550e5-3","28347653","1753771373","0x0742dc7ae17e4833ddea5047b5ef576113df9958dafee2cc33bc72c2e43550e5","0xddd77e91c222e36d4bd5ca8e78682a2172314197","0x0fba475e92cfef19f7dbada8ec2cce4ad7bbc0d9","0xa99214658d1293c87b22454217ef7fd29154dd26","553633217993079584775086"
"0x0743d625a61f914d20c1c7180ccd808c4516e6e980b597e348f4cef3dc5af792-131","28339798","1753766656","0x0743d625a61f914d20c1c7180ccd808c4516e6e980b597e348f4cef3dc5af792","0xddd77e91c222e36d4bd5ca8e78682a2172314197","0x0fba475e92cfef19f7dbada8ec2cce4ad7bbc0d9","0x956cac82f920248b316b3b6b224779167e01f91b","553633217993079584775086"
"0x075c1be975128fc6dc3bb3d0d6f0d17e5cb0f6fff37adec9f974984ae62fe066-96","28401263","1753803716","0x075c1be975128fc6dc3bb3d0d6f0d17e5cb0f6fff37adec9f974984ae62fe066","0xddd77e91c222e36d4bd5ca8e78682a2172314197","0x0fba475e92cfef19f7dbada8ec2cce4ad7bbc0d9","0xdbbf2c278598d1ab240b29e48a7f1138cfd4135f","553633217993079584775086"
"0x07746e79fcca9162b9382e8ff95d52268d2fc0094c4fa44cfd0aa4bb9efd3e5d-127","28395987","1753800500","0x07746e79fcca9162b9382e8ff95d52268d2fc0094c4fa44cfd0aa4bb9efd3e5d","0xddd77e91c222e36d4bd5ca8e78682a2172314197","0x0fba475e92cfef19f7dbada8ec2cce4ad7bbc0d9","0x06bbc74976726f55951afe424954438a2b4f8266","553633217993079584775086"
"0x07b50fe9d5fe6b6fa01e69d40444b4d5ecf5f149b17cf1da811e545e14243f08-50","28357952","1753777559","0x07b50fe9d5fe6b6fa01e69d40444b4d5ecf5f149b17cf1da811e545e14243f08","0xddd77e91c222e36d4bd5ca8e78682a2172314197","0x0fba475e92cfef19f7dbada8ec2cce4ad7bbc0d9","0x5abddab6631e8fe70f41887d3322a26605c7afd3","553633217993079584775086"
"0x07c01fc58fc51710f4f8962f38a522845e54b9769938223c7b4b55660dab9f80-107","28390752","1753797328","0x07c01fc58fc51710f4f8962f38a522845e54b9769938223c7b4b55660dab9f80","0xddd77e91c222e36d4bd5ca8e78682a2172314197","0x0fba475e92cfef19f7dbada8ec2cce4ad7bbc0d9","0xdbfccea4501cdac914c20779602d6feb125a976c","553633217993079584775086"
"0x07c5fe17a88bae4aabafb1a23403e51d7187a558688f61c65c5c61920056f13c-27","28383402","1753792951","0x07c5fe17a88bae4aabafb1a23403e51d7187a558688f61c65c5c61920056f13c","0xddd77e91c222e36d4bd5ca8e78682a2172314197","0x0fba475e92cfef19f7dbada8ec2cce4ad7bbc0d9","0x002232fbf9b56d5e6ad003c5d57f103b9e2a85df","553633217993079584775086"
"0x07d362b4d9d5db7cbe2b3c506a15d4a1fee481d1b79db01f097fc5cb1039be78-857","28342432","1753768196","0x07d362b4d9d5db7cbe2b3c506a15d4a1fee481d1b79db01f097fc5cb1039be78","0xddd77e91c222e36d4bd5ca8e78682a2172314197","0x0fba475e92cfef19f7dbada8ec2cce4ad7bbc0d9","0x6bd963357ab1428b9751952edb31cc9ada3ddf38","553633217993079584775086"
"0x07d4f4be90000cd30bec5fdc0f915ddbcd2e13f13637ef90b66d26647214f16a-37","28347472","1753771274","0x07d4f4be90000cd30bec5fdc0f915ddbcd2e13f13637ef90b66d26647214f16a","0xddd77e91c222e36d4bd5ca8e78682a2172314197","0x0fba475e92cfef19f7dbada8ec2cce4ad7bbc0d9","0xa46f0600fb8728e2b96951c85cb526d3ee4eb645","553633217993079584775086"
"0x07d99e912fd5f306bef952e31ce9a7995309c4eb2a573ecf18a5003e8832c484-127","28389898","1753796801","0x07d99e912fd5f306bef952e31ce9a7995309c4eb2a573ecf18a5003e8832c484","0xddd77e91c222e36d4bd5ca8e78682a2172314197","0x0fba475e92cfef19f7dbada8ec2cce4ad7bbc0d9","0x03a7ea476ef72b9f2112ab865e082f0622e7a75a","553633217993079584775086"
"0x07db65e36e81625cbc6ab44ddb1722fa2517a656308621a30e5198519edc061f-179","28374190","1753787361","0x07db65e36e81625cbc6ab44ddb1722fa2517a656308621a30e5198519edc061f","0xddd77e91c222e36d4bd5ca8e78682a2172314197","0x0fba475e92cfef19f7dbada8ec2cce4ad7bbc0d9","0x2d594c1018247aee74b3193a3d0e9dad5a352908","553633217993079584775086"
"0x07f1778f4936707c987e0673101877f6df7eabdf566c412ec35810ffa845bee3-107","28128264","1753639692","0x07f1778f4936707c987e0673101877f6df7eabdf566c412ec35810ffa845bee3","0xddd77e91c222e36d4bd5ca8e78682a2172314197","0x0fba475e92cfef19f7dbada8ec2cce4ad7bbc0d9","0x3f0256e18dccce302a440010cab149ed1df9a45f","553633217993079584775086"
"0x07f1ef2dac5d10386b5703416ed1ad4d21fd06bb39da47d41556354c2ebb40d9-627","28375583","1753788220","0x07f1ef2dac5d10386b5703416ed1ad4d21fd06bb39da47d41556354c2ebb40d9","0xddd77e91c222e36d4bd5ca8e78682a2172314197","0x0fba475e92cfef19f7dbada8ec2cce4ad7bbc0d9","0xeaea3a97d636416ae313a60311e7dc42c268280d","553633217993079584775086"
"0x08141c7a041de1688234f51f2b9c910e971edb28edbcd13d8bde2e57eeafee8a-23","28339724","1753766615","0x08141c7a041de1688234f51f2b9c910e971edb28edbcd13d8bde2e57eeafee8a","0xddd77e91c222e36d4bd5ca8e78682a2172314197","0x0fba475e92cfef19f7dbada8ec2cce4ad7bbc0d9","0xddbd9be2a9dea55becca88705083d9d68d9398b7","553633217993079584775086"
"0x08210377469e1b155366fc82c6df28cf83799a1321c3e221f457083e43e1ad8c-141","28358869","1753778121","0x08210377469e1b155366fc82c6df28cf83799a1321c3e221f457083e43e1ad8c","0xddd77e91c222e36d4bd5ca8e78682a2172314197","0x0fba475e92cfef19f7dbada8ec2cce4ad7bbc0d9","0x0d00c8aea7d7ed6318d80658a8d999ad5b45cbc5","553633217993079584775086"
"0x08450598c5af452f49fa12ff931f7a6369c1b2620cf1cb3299041835da2549a9-3","28358752","1753778042","0x08450598c5af452f49fa12ff931f7a6369c1b2620cf1cb3299041835da2549a9","0xddd77e91c222e36d4bd5ca8e78682a2172314197","0x0fba475e92cfef19f7dbada8ec2cce4ad7bbc0d9","0x4d7ca1afd5499e35c002e4d77cd8b5a2b3a38c91","553633217993079584775086"
"0x084c49f5957e56f87924a1297d19b893eebae42def3ec7ea951b6966f0871bb7-20","28392525","1753798408","0x084c49f5957e56f87924a1297d19b893eebae42def3ec7ea951b6966f0871bb7","0xddd77e91c222e36d4bd5ca8e78682a2172314197","0x0fba475e92cfef19f7dbada8ec2cce4ad7bbc0d9","0x63623706717be4174e787c3c2f6232daa35c4ebe","553633217993079584775086"
"0x08583e9c5359a3d727a9dcd2748ff1e173f38ce870d7d8124a7614865e207e2a-10","28337741","1753765408","0x08583e9c5359a3d727a9dcd2748ff1e173f38ce870d7d8124a7614865e207e2a","0xddd77e91c222e36d4bd5ca8e78682a2172314197","0x0fba475e92cfef19f7dbada8ec2cce4ad7bbc0d9","0x0bb82b4c6d07dd76edecf24d78afba56e7b453e5","553633217993079584775086"
"0x086258aae948a83619168ba4a34ea420f1c4aae2a0be38707eac426643e7aab2-79","28338635","1753765934","0x086258aae948a83619168ba4a34ea420f1c4aae2a0be38707eac426643e7aab2","0xddd77e91c222e36d4bd5ca8e78682a2172314197","0x0fba475e92cfef19f7dbada8ec2cce4ad7bbc0d9","0x0bae168a1fa3120f0bda687d761f1f4c30ce7f40","553633217993079584775086"
"0x0867ab96dddd03a3c8a2de484928ddc093f15af3087d3f5c5eacdce3194c7b91-46","28394831","1753799804","0x0867ab96dddd03a3c8a2de484928ddc093f15af3087d3f5c5eacdce3194c7b91","0xddd77e91c222e36d4bd5ca8e78682a2172314197","0x0fba475e92cfef19f7dbada8ec2cce4ad7bbc0d9","0x40efe37eee2c3d4daba1e7308fd0b304949a95c4","553633217993079584775086"
"0x086cf9d5a0af30a4f86f4d2ccf0978df661dd3a635c1830bbe5903d6cc1cbc49-3","28130016","1753640742","0x086cf9d5a0af30a4f86f4d2ccf0978df661dd3a635c1830bbe5903d6cc1cbc49","0xddd77e91c222e36d4bd5ca8e78682a2172314197","0x0fba475e92cfef19f7dbada8ec2cce4ad7bbc0d9","0x3afa42d87d546bf899159d858af7a650719ddbc9","553633217993079584775086"
"0x08755ad2af0420e17454b6a6407c34fc28a984d06d05afaeba1844d969ac0da7-27","28377037","1753789094","0x08755ad2af0420e17454b6a6407c34fc28a984d06d05afaeba1844d969ac0da7","0xddd77e91c222e36d4bd5ca8e78682a2172314197","0x0fba475e92cfef19f7dbada8ec2cce4ad7bbc0d9","0xe8e182da4c2514527296b9ca1115c25058078fe0","553633217993079584775086"
"0x08874b657b6c9b6b148cc5114a4f353fe91395801cce61f65ee1de90bc32eafe-45","28363662","1753781007","0x08874b657b6c9b6b148cc5114a4f353fe91395801cce61f65ee1de90bc32eafe","0xddd77e91c222e36d4bd5ca8e78682a2172314197","0x0fba475e92cfef19f7dbada8ec2cce4ad7bbc0d9","0x8f4a19cf53a7a578280d087ea521e694336b5704","553633217993079584775086"
"0x08c90abd50ad4928789f99dd80ef2aad0dfc1cd4f6146f49fc6a42464f62d663-122","28343507","1753768872","0x08c90abd50ad4928789f99dd80ef2aad0dfc1cd4f6146f49fc6a42464f62d663","0xddd77e91c222e36d4bd5ca8e78682a2172314197","0x0fba475e92cfef19f7dbada8ec2cce4ad7bbc0d9","0x8cb96700073af707ab6d36dcb350d05302a05866","553633217993079584775086"
"0x08d701ef5a4dbc8e92dd65cc860de62b6fb2d850ea799cfa1ab68cc84508c486-97","28396090","1753800554","0x08d701ef5a4dbc8e92dd65cc860de62b6fb2d850ea799cfa1ab68cc84508c486","0xddd77e91c222e36d4bd5ca8e78682a2172314197","0x0fba475e92cfef19f7dbada8ec2cce4ad7bbc0d9","0x0a0f09458d49228ed80b457b7d259b20f365d4d0","553633217993079584775086"
"0x08e88d9a193200e965bb1a9b9cf8948cb005452f988511a1cc7e3ee0cf2c1aad-24","28357611","1753777356","0x08e88d9a193200e965bb1a9b9cf8948cb005452f988511a1cc7e3ee0cf2c1aad","0xddd77e91c222e36d4bd5ca8e78682a2172314197","0x0fba475e92cfef19f7dbada8ec2cce4ad7bbc0d9","0xfaf85acd0a582b54171b3ff4b46a1c62f5c37ec2","553633217993079584775086"
"0x0902afadee341230e1fae0291e71a43c9642dbb4f278532f0444f59243c34b7c-45","28334289","1753763332","0x0902afadee341230e1fae0291e71a43c9642dbb4f278532f0444f59243c34b7c","0xddd77e91c222e36d4bd5ca8e78682a2172314197","0x0fba475e92cfef19f7dbada8ec2cce4ad7bbc0d9","0x5f3603fed258b05d8f85d59e63e9df3df521f7c9","553633217993079584775086"
"0x090dc6b4018be51d0db9c8054723f1f184f54f26ee0a223aac42dca249281902-49","28343380","1753768795","0x090dc6b4018be51d0db9c8054723f1f184f54f26ee0a223aac42dca249281902","0xddd77e91c222e36d4bd5ca8e78682a2172314197","0x0fba475e92cfef19f7dbada8ec2cce4ad7bbc0d9","0xae185a05cbb0acdc0c9e805df5f7bad069395503","553633217993079584775086"
"0x09127054b8af9e11df0596a2bb6946932de124e8a2190f408a4a72c4a4f1a672-169","28357712","1753777416","0x09127054b8af9e11df0596a2bb6946932de124e8a2190f408a4a72c4a4f1a672","0xddd77e91c222e36d4bd5ca8e78682a2172314197","0x0fba475e92cfef19f7dbada8ec2cce4ad7bbc0d9","0xe108e715975281ecbcf53e222957a6d8eccd6a86","553633217993079584775086"
"0x0964c2a9737db5d26d1385538011ef1dad4f7d642f81a37e407351fa14b002cf-249","28363678","1753781018","0x0964c2a9737db5d26d1385538011ef1dad4f7d642f81a37e407351fa14b002cf","0xddd77e91c222e36d4bd5ca8e78682a2172314197","0x0fba475e92cfef19f7dbada8ec2cce4ad7bbc0d9","0xcd62ebc8f041ff29725ca24c7691ce5f741b971a","553633217993079584775086"
"0x0971ddca5137e027a9ccca26f5865eb6d2304090023e94608b400668f9763e9a-3","28361832","1753779904","0x0971ddca5137e027a9ccca26f5865eb6d2304090023e94608b400668f9763e9a","0xddd77e91c222e36d4bd5ca8e78682a2172314197","0x0fba475e92cfef19f7dbada8ec2cce4ad7bbc0d9","0x809e0495a82b9ed4288ab3fedcb456634ee3dd85","553633217993079584775086"
"0x097c9504a42acd35a5f95480b588205828528bdb6fd2ceb4f613d8e16efaf9cb-111","28123328","1753636706","0x097c9504a42acd35a5f95480b588205828528bdb6fd2ceb4f613d8e16efaf9cb","0xddd77e91c222e36d4bd5ca8e78682a2172314197","0x0fba475e92cfef19f7dbada8ec2cce4ad7bbc0d9","0x44b96982ae2a486bd77d9113f95703a7626e23cf","553633217993079584775086"
"0x097ca91f1347f8598edd5551845d8a61613c2255e2ae8321d5f487babe999106-623","28386888","1753795001","0x097ca91f1347f8598edd5551845d8a61613c2255e2ae8321d5f487babe999106","0xddd77e91c222e36d4bd5ca8e78682a2172314197","0x0fba475e92cfef19f7dbada8ec2cce4ad7bbc0d9","0x34a2b46287930b6902c433701c79a96e5c9fde27","553633217993079584775086"
"0x09918e9217e3da331432922d31bc985b19746e5dad5c33a7a42c8dbe536565d9-46","28348848","1753772105","0x09918e9217e3da331432922d31bc985b19746e5dad5c33a7a42c8dbe536565d9","0xddd77e91c222e36d4bd5ca8e78682a2172314197","0x0fba475e92cfef19f7dbada8ec2cce4ad7bbc0d9","0xa6ce0e9570903821e159ba9136cbecb9b34754da","553633217993079584775086"
"0x09a7d1c3386af9b48aa4ae19cd4f678eb82ab985e6faeb28582f00393a240cc4-77","28393243","1753798832","0x09a7d1c3386af9b48aa4ae19cd4f678eb82ab985e6faeb28582f00393a240cc4","0xddd77e91c222e36d4bd5ca8e78682a2172314197","0x0fba475e92cfef19f7dbada8ec2cce4ad7bbc0d9","0x2293b526825176ff039543b3b8088c8a72bab3ab","553633217993079584775086"
"0x09af9d6269aa4b2a1d135474af2af2c1cf618c6bd5913d95b7d46f6a7787b65c-42","28372920","1753786581","0x09af9d6269aa4b2a1d135474af2af2c1cf618c6bd5913d95b7d46f6a7787b65c","0xddd77e91c222e36d4bd5ca8e78682a2172314197","0x0fba475e92cfef19f7dbada8ec2cce4ad7bbc0d9","0xb8b0b1cc3992f648e74b803d14f274a34ecb8ac7","553633217993079584775086"
"0x09b0205375184ebd80a304247e8beea9a7ebdbf06601ade6e70d3a11acb35c69-32","28375030","1753787891","0x09b0205375184ebd80a304247e8beea9a7ebdbf06601ade6e70d3a11acb35c69","0xddd77e91c222e36d4bd5ca8e78682a2172314197","0x0fba475e92cfef19f7dbada8ec2cce4ad7bbc0d9","0x1b37b36675f408a4a5a92f99a5a3bafa9df64916","553633217993079584775086"
"0x09d30574dfff033c9b2dc67242c281065366905d0d9f7c6cf56daf81de1c1d19-36","28390489","1753797160","0x09d30574dfff033c9b2dc67242c281065366905d0d9f7c6cf56daf81de1c1d19","0xddd77e91c222e36d4bd5ca8e78682a2172314197","0x0fba475e92cfef19f7dbada8ec2cce4ad7bbc0d9","0xcd9869d32d6c405a704fb0e9714c239f8f80c0c6","553633217993079584775086"
"0x09dc231b64845f066d3bbc65469cc4dee2b15ae8e6ee68a4a70653ff9a3c9ba0-114","28392793","1753798559","0x09dc231b64845f066d3bbc65469cc4dee2b15ae8e6ee68a4a70653ff9a3c9ba0","0xddd77e91c222e36d4bd5ca8e78682a2172314197","0x0fba475e92cfef19f7dbada8ec2cce4ad7bbc0d9","0x31a5b171af5c6b54f44c65dfb92d2692a375e736","553633217993079584775086"
"0x0a00e7058c2c8cd5e177fbb6ad75dba1819d80b114ee26808a57406bead6a51d-206","28354247","1753775320","0x0a00e7058c2c8cd5e177fbb6ad75dba1819d80b114ee26808a57406bead6a51d","0xddd77e91c222e36d4bd5ca8e78682a2172314197","0x0fba475e92cfef19f7dbada8ec2cce4ad7bbc0d9","0xcf746506ec408d1df1d00e5cde8624588c1c922d","553633217993079584775086"
"0x0a053e2f059ce2a5b8df0d8a55542b76738d28f1bac01e1c8d795cd436469548-37","28364492","1753781516","0x0a053e2f059ce2a5b8df0d8a55542b76738d28f1bac01e1c8d795cd436469548","0xddd77e91c222e36d4bd5ca8e78682a2172314197","0x0fba475e92cfef19f7dbada8ec2cce4ad7bbc0d9","0x67649ac58a3dce17f7b3bc19147b8b7a89ddabcb","553633217993079584775086"
"0x0a360bc5f366a71725f64554e224e9fe84cc522bce904ee2db3c990dfb11d458-3","28341393","1753767599","0x0a360bc5f366a71725f64554e224e9fe84cc522bce904ee2db3c990dfb11d458","0xddd77e91c222e36d4bd5ca8e78682a2172314197","0x0fba475e92cfef19f7dbada8ec2cce4ad7bbc0d9","0x151acaaa123f3f55787a8cd787ffab8761c520b3","553633217993079584775086"
"0x0a426aad78193be484f72df4cf577e1c13c7c8b599f2545121163c10c3bd1570-11","28332492","1753762249","0x0a426aad78193be484f72df4cf577e1c13c7c8b599f2545121163c10c3bd1570","0xddd77e91c222e36d4bd5ca8e78682a2172314197","0x0fba475e92cfef19f7dbada8ec2cce4ad7bbc0d9","0x77787fad15875c556cc96e2a8c3a5cc012a0f48d","553633217993079584775086"
"0x0a4796cfa71fb08122a0e389d34d387f9b2b1e060e9e779d7d029b6fef77614a-77","28122710","1753636331","0x0a4796cfa71fb08122a0e389d34d387f9b2b1e060e9e779d7d029b6fef77614a","0xddd77e91c222e36d4bd5ca8e78682a2172314197","0x0fba475e92cfef19f7dbada8ec2cce4ad7bbc0d9","0xd20541944d8b0581f17c198329851c24721abdff","553633217993079584775086"
"0x0a502bccce44426671bde2f3b125f742a32cac6fe3b183112866c80aa450f117-151","28366173","1753782531","0x0a502bccce44426671bde2f3b125f742a32cac6fe3b183112866c80aa450f117","0xddd77e91c222e36d4bd5ca8e78682a2172314197","0x0fba475e92cfef19f7dbada8ec2cce4ad7bbc0d9","0x1001a5759b7828a219502694daf6bde5e16de365","553633217993079584775086"
"0x0a646dc41d85f52b12dffb14664969cd75d2a7bb6b5620ca68a663998a3a2b26-700","28341616","1753767725","0x0a646dc41d85f52b12dffb14664969cd75d2a7bb6b5620ca68a663998a3a2b26","0xddd77e91c222e36d4bd5ca8e78682a2172314197","0x0fba475e92cfef19f7dbada8ec2cce4ad7bbc0d9","0x1b13ffed169e74e9129c9163c55d3cfad115992a","553633217993079584775086"
"0x0a6c9ca0d2476ba63b5c624ac57c8f67a0d7f6dc0cd603432cdf38f0cafcd88e-39","28360721","1753779246","0x0a6c9ca0d2476ba63b5c624ac57c8f67a0d7f6dc0cd603432cdf38f0cafcd88e","0xddd77e91c222e36d4bd5ca8e78682a2172314197","0x0fba475e92cfef19f7dbada8ec2cce4ad7bbc0d9","0xfbc180844f8de0a812d064b90261918f678d6731","553633217993079584775086"
"0x0a7ff0dd9931495636a1d9540076d0fdfed6b895edefd8cf3da97026b9219742-77","28137166","1753645046","0x0a7ff0dd9931495636a1d9540076d0fdfed6b895edefd8cf3da97026b9219742","0xddd77e91c222e36d4bd5ca8e78682a2172314197","0x0fba475e92cfef19f7dbada8ec2cce4ad7bbc0d9","0xa3c36a664da6ff479ca7b82d7864cd1079ba13f2","553633217993079584775086"
"0x0a8d20b347f6978b4fc57f771fb622593d6850c0a4c3a73dd1e8ed0ffd84f368-4","28352147","1753774062","0x0a8d20b347f6978b4fc57f771fb622593d6850c0a4c3a73dd1e8ed0ffd84f368","0xddd77e91c222e36d4bd5ca8e78682a2172314197","0x0fba475e92cfef19f7dbada8ec2cce4ad7bbc0d9","0x12fa71d93d66457f959fd9c74e8c287c6f47cb1e","553633217993079584775086"
"0x0aa99eb68c9ccbcf3bd6d460604de1540ec0e7cc65f1f10d9b15a4d6dea2a09c-588","28335031","1753763797","0x0aa99eb68c9ccbcf3bd6d460604de1540ec0e7cc65f1f10d9b15a4d6dea2a09c","0xddd77e91c222e36d4bd5ca8e78682a2172314197","0x0fba475e92cfef19f7dbada8ec2cce4ad7bbc0d9","0x7ee307c195a5f7e30e764681c15a497203814123","553633217993079584775086"
"0x0aba04b45c8a724a4c5d7835ebc88e35284593e0d88868dec00af0e82f5ad92d-137","28349853","1753772695","0x0aba04b45c8a724a4c5d7835ebc88e35284593e0d88868dec00af0e82f5ad92d","0xddd77e91c222e36d4bd5ca8e78682a2172314197","0x0fba475e92cfef19f7dbada8ec2cce4ad7bbc0d9","0x4b911db2977ddf3e841cfd96d7b66d6323d687b0","553633217993079584775086"
"0x0ad9e1dcd13e76a6094358eb2bb37d98f3ce707c2db313b3b7897787825deac1-5","28341052","1753767395","0x0ad9e1dcd13e76a6094358eb2bb37d98f3ce707c2db313b3b7897787825deac1","0xddd77e91c222e36d4bd5ca8e78682a2172314197","0x0fba475e92cfef19f7dbada8ec2cce4ad7bbc0d9","0xf8193c52a7bc30b3d1b8d46dcd8b51462afc065f","553633217993079584775086"
"0x0af72e511a787d67ec60b0ee434c28d1d152a5ac664a08c1390695bc5ed39828-111","28352977","1753774576","0x0af72e511a787d67ec60b0ee434c28d1d152a5ac664a08c1390695bc5ed39828","0xddd77e91c222e36d4bd5ca8e78682a2172314197","0x0fba475e92cfef19f7dbada8ec2cce4ad7bbc0d9","0x2a15522102f7884dea6be9b44cd2fc21b8c461db","553633217993079584775086"
"0x0b0a37f3321dfb9d43dcc89545ee795601771b9657d3a80d2c036f3fef71e42e-99","28409314","1753808595","0x0b0a37f3321dfb9d43dcc89545ee795601771b9657d3a80d2c036f3fef71e42e","0xddd77e91c222e36d4bd5ca8e78682a2172314197","0x0fba475e92cfef19f7dbada8ec2cce4ad7bbc0d9","0x6497af269cddd099c82f09208b89c62faeef0545","553633217993079584775086"
"0x0b1e3bf11f000abe3c55d4bd19e38eb80e0a39d68b9868f7f4c68601b09c0801-46","28378156","1753789764","0x0b1e3bf11f000abe3c55d4bd19e38eb80e0a39d68b9868f7f4c68601b09c0801","0xddd77e91c222e36d4bd5ca8e78682a2172314197","0x0fba475e92cfef19f7dbada8ec2cce4ad7bbc0d9","0x688ee3ec76df352b045395185ffcc8eab81446c3","553633217993079584775086"
"0x0b36db784640534129d6a8360e0efeecdc0c9468461bc41d2e81398a74e0bc7d-135","28340766","1753767218","0x0b36db784640534129d6a8360e0efeecdc0c9468461bc41d2e81398a74e0bc7d","0xddd77e91c222e36d4bd5ca8e78682a2172314197","0x0fba475e92cfef19f7dbada8ec2cce4ad7bbc0d9","0xbcb2379b55a6aadb7b4cf888710592f70e6dc686","553633217993079584775086"
"0x0b573bedb4b5d9fc99bbf010b0dd6bfd7fc6d3117328508c7a65c6586665149a-25","28340415","1753767008","0x0b573bedb4b5d9fc99bbf010b0dd6bfd7fc6d3117328508c7a65c6586665149a","0xddd77e91c222e36d4bd5ca8e78682a2172314197","0x0fba475e92cfef19f7dbada8ec2cce4ad7bbc0d9","0xeb3b2781e3ddbae209825a3f5b4ce6da40d11560","553633217993079584775086"
"0x0b57de548015ef9c70bb8da50893adc76923d2757148b822d09fd0f8f32b343c-125","28364727","1753781654","0x0b57de548015ef9c70bb8da50893adc76923d2757148b822d09fd0f8f32b343c","0xddd77e91c222e36d4bd5ca8e78682a2172314197","0x0fba475e92cfef19f7dbada8ec2cce4ad7bbc0d9","0x2b76da3f3e74c74a7c2b09168c60ba03f018819a","553633217993079584775086"
"0x0b8624ba58a9c3a900fa081ee42190f1beda5a3615ceb0e02486c51eb254c980-16","28354687","1753775591","0x0b8624ba58a9c3a900fa081ee42190f1beda5a3615ceb0e02486c51eb254c980","0xddd77e91c222e36d4bd5ca8e78682a2172314197","0x0fba475e92cfef19f7dbada8ec2cce4ad7bbc0d9","0x3330540a7fc4bcb1964b8d93ca18e1f7cbbfc763","553633217993079584775086"
"0x0b9387c2c55dea644ccef95c97bb51692b4c33f5bce083de58eff7b773c1b7f5-32","28350099","1753772850","0x0b9387c2c55dea644ccef95c97bb51692b4c33f5bce083de58eff7b773c1b7f5","0xddd77e91c222e36d4bd5ca8e78682a2172314197","0x0fba475e92cfef19f7dbada8ec2cce4ad7bbc0d9","0x0da7d60820d74dc05fb01ac5622375de77a7fd5c","553633217993079584775086"
"0x0bb76bbfda6f583e90f41c9bad5d9da85b57083a8c5c52f0c71545c0d7ee2ba8-252","28347775","1753771446","0x0bb76bbfda6f583e90f41c9bad5d9da85b57083a8c5c52f0c71545c0d7ee2ba8","0xddd77e91c222e36d4bd5ca8e78682a2172314197","0x0fba475e92cfef19f7dbada8ec2cce4ad7bbc0d9","0x236c79eca383247523aaad04ece74ba053990cd5","553633217993079584775086"
"0x0bc4ffb346448cae069eed4a70f133e744eedea9c1a993a90f47b898a8aec74b-3","28338400","1753765792","0x0bc4ffb346448cae069eed4a70f133e744eedea9c1a993a90f47b898a8aec74b","0xddd77e91c222e36d4bd5ca8e78682a2172314197","0x0fba475e92cfef19f7dbada8ec2cce4ad7bbc0d9","0xdad74a1c3f7c1eec8c4185acd57b692fe098cb67","553633217993079584775086"
"0x0bcc44579c188208cffaa4ad75a4e26f3bfed250bb1639e8d727c1374ae100d2-36","28348701","1753772022","0x0bcc44579c188208cffaa4ad75a4e26f3bfed250bb1639e8d727c1374ae100d2","0xddd77e91c222e36d4bd5ca8e78682a2172314197","0x0fba475e92cfef19f7dbada8ec2cce4ad7bbc0d9","0x0afa82ff7d11190fb7ab3466ac1dda7d40a0f32b","553633217993079584775086"
"0x0bd246d6bc42a57db342ef862d29f752d42342c2738baa32afa290b8abdb545e-50","28337900","1753765499","0x0bd246d6bc42a57db342ef862d29f752d42342c2738baa32afa290b8abdb545e","0xddd77e91c222e36d4bd5ca8e78682a2172314197","0x0fba475e92cfef19f7dbada8ec2cce4ad7bbc0d9","0x8a1bb1763cddcf7a0667f175544794c56b5786e2","553633217993079584775086"
"0x0beefa2450efc820b4d8df9fce3eb226232fa981f2131e28e0fb2fad9afc6414-449","28137173","1753645052","0x0beefa2450efc820b4d8df9fce3eb226232fa981f2131e28e0fb2fad9afc6414","0xddd77e91c222e36d4bd5ca8e78682a2172314197","0x0fba475e92cfef19f7dbada8ec2cce4ad7bbc0d9","0x44ecd66cb500ae9b31f8998ceaef332b3f5759f2","553633217993079584775086"
"0x0bf61a943bc9263b3192407425ccdb0372d90382e71811cfbcb5ed43c9d58ec8-52","28354362","1753775395","0x0bf61a943bc9263b3192407425ccdb0372d90382e71811cfbcb5ed43c9d58ec8","0xddd77e91c222e36d4bd5ca8e78682a2172314197","0x0fba475e92cfef19f7dbada8ec2cce4ad7bbc0d9","0xb9875cc50de7b9bad6e457a6a78c556853cb214d","553633217993079584775086"
"0x0bf9357e2bb44c6ef2441135154f9502281fdcf7739324ddba783b6b328a61d6-8","28379741","1753790727","0x0bf9357e2bb44c6ef2441135154f9502281fdcf7739324ddba783b6b328a61d6","0xddd77e91c222e36d4bd5ca8e78682a2172314197","0x0fba475e92cfef19f7dbada8ec2cce4ad7bbc0d9","0x2a174829070482e38a9a43d8a1a4531906002b41","553633217993079584775086"
"0x0c0e2d2d75fe65eee606b8d21c2df81c0c0c55f122d1e1250dfa12ac25d5a2eb-809","28351376","1753773612","0x0c0e2d2d75fe65eee606b8d21c2df81c0c0c55f122d1e1250dfa12ac25d5a2eb","0xddd77e91c222e36d4bd5ca8e78682a2172314197","0x0fba475e92cfef19f7dbada8ec2cce4ad7bbc0d9","0x91a408aa4fc5b10d5413e264ae8b95d5b3b61dbd","553633217993079584775086"
"0x0c315edc26f45dd5043df5545fcc904cb4d09ec319e74f385d5a63258911f52e-167","28330212","1753760876","0x0c315edc26f45dd5043df5545fcc904cb4d09ec319e74f385d5a63258911f52e","0xddd77e91c222e36d4bd5ca8e78682a2172314197","0x0fba475e92cfef19f7dbada8ec2cce4ad7bbc0d9","0x977e1caa029adb397d6d37af1ec3201dd6f33822","553633217993079584775086"
"0x0c347e02b142e7dabb50a38e00b72dfb31e04bf597493dc45ce42337b0a8b92d-9","28354571","1753775524","0x0c347e02b142e7dabb50a38e00b72dfb31e04bf597493dc45ce42337b0a8b92d","0xddd77e91c222e36d4bd5ca8e78682a2172314197","0x0fba475e92cfef19f7dbada8ec2cce4ad7bbc0d9","0xb4e0196d523e58ff87ae74d40971766b49e276a4","553633217993079584775086"
"0x0cc3fd5930a5dfaddec799d527e36865454536dd1787313fc965fa061bbb27c8-62","28343613","1753768950","0x0cc3fd5930a5dfaddec799d527e36865454536dd1787313fc965fa061bbb27c8","0xddd77e91c222e36d4bd5ca8e78682a2172314197","0x0fba475e92cfef19f7dbada8ec2cce4ad7bbc0d9","0x7bb4fd2ebb1636f6fd488be26a3bfed7a7d96d77","553633217993079584775086"
"0x0cd2783137d4aa6df2e95149458b3f55e46e0eda1bd4360b095255e814f7aca7-86","28373555","1753786957","0x0cd2783137d4aa6df2e95149458b3f55e46e0eda1bd4360b095255e814f7aca7","0xddd77e91c222e36d4bd5ca8e78682a2172314197","0x0fba475e92cfef19f7dbada8ec2cce4ad7bbc0d9","0xe2724bbf05a6c7965416edfb2ce3a0e9899193c2","553633217993079584775086"
"0x0d2b242115c054237e37b2d40e002ddf761113e3718e9586a5769a94203e25e4-23","28353947","1753775138","0x0d2b242115c054237e37b2d40e002ddf761113e3718e9586a5769a94203e25e4","0xddd77e91c222e36d4bd5ca8e78682a2172314197","0x0fba475e92cfef19f7dbada8ec2cce4ad7bbc0d9","0x1cb507631010113ac727e5de95b4865e8356b915","553633217993079584775086"
"0x0d2dd91e9b9689e36b0d72ed932a93436ba4a311fa006301aeba39b8d7c95629-53","28337969","1753765537","0x0d2dd91e9b9689e36b0d72ed932a93436ba4a311fa006301aeba39b8d7c95629","0xddd77e91c222e36d4bd5ca8e78682a2172314197","0x0fba475e92cfef19f7dbada8ec2cce4ad7bbc0d9","0x640e19d1d8cea004669d3832c76b0a797e111a6d","553633217993079584775086"
"0x0d5f43dcd7e73b5db9eaad026e7619d505e52cb266b85c202f879e0ebef42a77-247","28372444","1753786283","0x0d5f43dcd7e73b5db9eaad026e7619d505e52cb266b85c202f879e0ebef42a77","0xddd77e91c222e36d4bd5ca8e78682a2172314197","0x0fba475e92cfef19f7dbada8ec2cce4ad7bbc0d9","0x216f88179f851e01594349b35a029566e860d69b","553633217993079584775086"
"0x0d70d76581ac10b793ffc2c2477e9d995bb24dd3cd4ce96cc9880de7999e6d11-280","28374337","1753787449","0x0d70d76581ac10b793ffc2c2477e9d995bb24dd3cd4ce96cc9880de7999e6d11","0xddd77e91c222e36d4bd5ca8e78682a2172314197","0x0fba475e92cfef19f7dbada8ec2cce4ad7bbc0d9","0xbad267697d571586489b1dbf21552478d428fdd0","553633217993079584775086"
"0x0d7a9cbdf174a0f8152c513b134f2c8913c8f8f60cd4d3e947394544f7478b72-11","28133530","1753642871","0x0d7a9cbdf174a0f8152c513b134f2c8913c8f8f60cd4d3e947394544f7478b72","0xddd77e91c222e36d4bd5ca8e78682a2172314197","0x0fba475e92cfef19f7dbada8ec2cce4ad7bbc0d9","0x09748d883d8fead17bf6bacd7078a9659e66aa0b","553633217993079584775086"
"0x0d91f48ad400304702a318d4fcd16c0399902e3f390e09d3124c1cc34e2ccdb4-9","28339075","1753766208","0x0d91f48ad400304702a318d4fcd16c0399902e3f390e09d3124c1cc34e2ccdb4","0xddd77e91c222e36d4bd5ca8e78682a2172314197","0x0fba475e92cfef19f7dbada8ec2cce4ad7bbc0d9","0xaec72f36bfbdb8d70b4e137da3e5da619a1f8b42","553633217993079584775086"
"0x0db1d57e5b864cb2d0eb03d4afd04321503e11ea852ad2ab789264de2a433c0c-9","28129727","1753640564","0x0db1d57e5b864cb2d0eb03d4afd04321503e11ea852ad2ab789264de2a433c0c","0xddd77e91c222e36d4bd5ca8e78682a2172314197","0x0fba475e92cfef19f7dbada8ec2cce4ad7bbc0d9","0xb1a9182427fa79e81e9de68bc27c885dc24d12ca","553633217993079584775086"
"0x0dc0903c07f3f7fc050c8b85858bfcbcbdb15262a87cf6da95f46dbea6ad8817-104","28368596","1753784000","0x0dc0903c07f3f7fc050c8b85858bfcbcbdb15262a87cf6da95f46dbea6ad8817","0xddd77e91c222e36d4bd5ca8e78682a2172314197","0x0fba475e92cfef19f7dbada8ec2cce4ad7bbc0d9","0x9c5d54793f7ad0f15c76998bd0d06b94a7f2c9ab","553633217993079584775086"
"0x0dd8175b61e6aa9270a1d5701cc4d5cd26553a6310b978b4abb24d38dd78d12f-4","28340396","1753766989","0x0dd8175b61e6aa9270a1d5701cc4d5cd26553a6310b978b4abb24d38dd78d12f","0xddd77e91c222e36d4bd5ca8e78682a2172314197","0x0fba475e92cfef19f7dbada8ec2cce4ad7bbc0d9","0xc3cc80773d974c98c6320515fcf1dc2dc586dc34","553633217993079584775086"
"0x0dd8a0ebf09de317fd6b0dceb50fb5da1117136c613575b3815ce98535d2170e-64","28330479","1753761033","0x0dd8a0ebf09de317fd6b0dceb50fb5da1117136c613575b3815ce98535d2170e","0xddd77e91c222e36d4bd5ca8e78682a2172314197","0x0fba475e92cfef19f7dbada8ec2cce4ad7bbc0d9","0x03780f03b8d306b91605124b2c2c2680492c2468","553633217993079584775086"
"0x0de4543833fa6a988370f7f1dc11483e155ae11374846f0d5100a50e6024dff3-687","28362416","1753780260","0x0de4543833fa6a988370f7f1dc11483e155ae11374846f0d5100a50e6024dff3","0xddd77e91c222e36d4bd5ca8e78682a2172314197","0x0fba475e92cfef19f7dbada8ec2cce4ad7bbc0d9","0xff602a71c05a9b7962c5584094e2767b1271206c","553633217993079584775086"
"0x0e1df830ef70c06f1afc2f4b43c731840c09d3b687646b6811b7230b5bb1a1a6-30","28355857","1753776297","0x0e1df830ef70c06f1afc2f4b43c731840c09d3b687646b6811b7230b5bb1a1a6","0xddd77e91c222e36d4bd5ca8e78682a2172314197","0x0fba475e92cfef19f7dbada8ec2cce4ad7bbc0d9","0x06f13729cd499a1c1cc86cfddd9b9ee22ae0798d","553633217993079584775086"
"0x0e249899bfd24d08d8352eca812e513454efc20cb6bdd23de71d62e61b6b8ef9-159","28330470","1753761028","0x0e249899bfd24d08d8352eca812e513454efc20cb6bdd23de71d62e61b6b8ef9","0xddd77e91c222e36d4bd5ca8e78682a2172314197","0x0fba475e92cfef19f7dbada8ec2cce4ad7bbc0d9","0xc973085a10ba7a708e253d3bfe7a57505f0dd653","553633217993079584775086"
"0x0e2baff7e6e26c5addea302c6e3454e34d21f5d8342a8469e22218e595e93752-125","28398983","1753802303","0x0e2baff7e6e26c5addea302c6e3454e34d21f5d8342a8469e22218e595e93752","0xddd77e91c222e36d4bd5ca8e78682a2172314197","0x0fba475e92cfef19f7dbada8ec2cce4ad7bbc0d9","0x5cf8a70eba4ca78e3632ad30b5fca38b0e73e2b6","553633217993079584775086"
"0x0e753baa9f4e7a52577a6720431621d50febf244473156904c9622250d85e798-25","28400797","1753803442","0x0e753baa9f4e7a52577a6720431621d50febf244473156904c9622250d85e798","0xddd77e91c222e36d4bd5ca8e78682a2172314197","0x0fba475e92cfef19f7dbada8ec2cce4ad7bbc0d9","0xc90298b20a6e6d28efb9eca8d0870adba3a1f787","553633217993079584775086"
"0x0e77ec678373343d2ba127876f4c896871d4a1da6808744f24a9ddfb4f2ace3b-126","28365130","1753781883","0x0e77ec678373343d2ba127876f4c896871d4a1da6808744f24a9ddfb4f2ace3b","0xddd77e91c222e36d4bd5ca8e78682a2172314197","0x0fba475e92cfef19f7dbada8ec2cce4ad7bbc0d9","0x4074c4308f45c41aaa85ac76210b11554ee0158a","553633217993079584775086"
"0x0e80b3a19a8c509ae336968d6fbe45aa00592694f13df58ee862a2c6a8286b3a-715","28330643","1753761136","0x0e80b3a19a8c509ae336968d6fbe45aa00592694f13df58ee862a2c6a8286b3a","0xddd77e91c222e36d4bd5ca8e78682a2172314197","0x0fba475e92cfef19f7dbada8ec2cce4ad7bbc0d9","0x9e5f6e6ab1c50ce899dfb0de402ccacd2b1df042","553633217993079584775086"
"0x0e8e6359898575f73f20285299cf1e1245e0538ca04759d4375a770624ee75ca-159","28352999","1753774590","0x0e8e6359898575f73f20285299cf1e1245e0538ca04759d4375a770624ee75ca","0xddd77e91c222e36d4bd5ca8e78682a2172314197","0x0fba475e92cfef19f7dbada8ec2cce4ad7bbc0d9","0x09a04a56a1d4be7fb82634f8b2775cde81889372","553633217993079584775086"
"0x0e942f7dd974a0e5122424fd6bcb57db2514ae53c148b93fa0ddd58456d4560e-24","28394826","1753799802","0x0e942f7dd974a0e5122424fd6bcb57db2514ae53c148b93fa0ddd58456d4560e","0xddd77e91c222e36d4bd5ca8e78682a2172314197","0x0fba475e92cfef19f7dbada8ec2cce4ad7bbc0d9","0x4019a1c0e22dc24ad255eee598aee3b41cd5ef7d","553633217993079584775086"
"0x0ea936d7f788812749b6b246160d02f2b494a514f4aaa7d7edddf378d02244d3-90","28331369","1753761592","0x0ea936d7f788812749b6b246160d02f2b494a514f4aaa7d7edddf378d02244d3","0xddd77e91c222e36d4bd5ca8e78682a2172314197","0x0fba475e92cfef19f7dbada8ec2cce4ad7bbc0d9","0x9394e12e000cb24df58f6a8022a1826f77dc0bd4","553633217993079584775086"
"0x0eabadc9c40960ae083d8137915ef0adae8129318559e27409771bbd301e35e0-77","28350083","1753772837","0x0eabadc9c40960ae083d8137915ef0adae8129318559e27409771bbd301e35e0","0xddd77e91c222e36d4bd5ca8e78682a2172314197","0x0fba475e92cfef19f7dbada8ec2cce4ad7bbc0d9","0xbe1cc3ccd880648f77e4d17e51aae6a6c30894c1","553633217993079584775086"
"0x0ebd704c8c0113aa25258d4fb98458b7988985fd28ccfb93cefdb492c59ce1cb-504","28335950","1753764346","0x0ebd704c8c0113aa25258d4fb98458b7988985fd28ccfb93cefdb492c59ce1cb","0xddd77e91c222e36d4bd5ca8e78682a2172314197","0x0fba475e92cfef19f7dbada8ec2cce4ad7bbc0d9","0xf7494440cc9b0a1165e30357a814e5efd4f0ad3f","553633217993079584775086"
"0x0ee6cd46ae1b1c945f4ace7fe2d11c07554332536789ed05c2d911d1123f7ca3-79","28401242","1753803701","0x0ee6cd46ae1b1c945f4ace7fe2d11c07554332536789ed05c2d911d1123f7ca3","0xddd77e91c222e36d4bd5ca8e78682a2172314197","0x0fba475e92cfef19f7dbada8ec2cce4ad7bbc0d9","0xcc062a5228fbf37749e6cf951a5cc66871882365","553633217993079584775086"
"0x0f31bc0f5ef1bd972c0cb37911fea4e5eca090aab71d9a304f7be2190d8e3270-23","28354060","1753775203","0x0f31bc0f5ef1bd972c0cb37911fea4e5eca090aab71d9a304f7be2190d8e3270","0xddd77e91c222e36d4bd5ca8e78682a2172314197","0x0fba475e92cfef19f7dbada8ec2cce4ad7bbc0d9","0xe7f42f503e2abaad14f377b3c0e95e54c09b1d17","553633217993079584775086"
"0x0f31ff328d1fd02e11a463ad167de3f72820e97c4d5d7c9ec74b1c52011e4ae9-119","28388008","1753795632","0x0f31ff328d1fd02e11a463ad167de3f72820e97c4d5d7c9ec74b1c52011e4ae9","0xddd77e91c222e36d4bd5ca8e78682a2172314197","0x0fba475e92cfef19f7dbada8ec2cce4ad7bbc0d9","0x56d23f50054d9c7d9b69186b76b8e6ac97f147ca","553633217993079584775086"
"0x0f3b1a089bc121f9ec597c4f1bf3a26c38ae841804e50f715c7d5e1aca6e09c1-130","28353383","1753774814","0x0f3b1a089bc121f9ec597c4f1bf3a26c38ae841804e50f715c7d5e1aca6e09c1","0xddd77e91c222e36d4bd5ca8e78682a2172314197","0x0fba475e92cfef19f7dbada8ec2cce4ad7bbc0d9","0x1db5ae2d2cf6ca71b384ace7a5f7c66bd30fd39f","553633217993079584775086"
"0x0f44c2422ed56e5ba660c8d612d54ef2717b2f54be266d1efcc2a626a702ce9e-160","28392249","1753798247","0x0f44c2422ed56e5ba660c8d612d54ef2717b2f54be266d1efcc2a626a702ce9e","0xddd77e91c222e36d4bd5ca8e78682a2172314197","0x0fba475e92cfef19f7dbada8ec2cce4ad7bbc0d9","0x32e94e573d96f521ee6c6bbbb1eecedadc7a34a8","553633217993079584775086"
"0x0f6d83be9ab0873581979c447484aa6fe8cd33b784cfac76fed589bd9c85fddc-22","28129425","1753640401","0x0f6d83be9ab0873581979c447484aa6fe8cd33b784cfac76fed589bd9c85fddc","0xddd77e91c222e36d4bd5ca8e78682a2172314197","0x0fba475e92cfef19f7dbada8ec2cce4ad7bbc0d9","0xe86851f5dd2507430761b6ce70bd5617dbf66cdc","553633217993079584775086"
"0x0f771e2f8af9cae7ba47777d68b2ac7c032e3118512c41550cbd55c3b4dc0cd8-110","28367151","1753783125","0x0f771e2f8af9cae7ba47777d68b2ac7c032e3118512c41550cbd55c3b4dc0cd8","0xddd77e91c222e36d4bd5ca8e78682a2172314197","0x0fba475e92cfef19f7dbada8ec2cce4ad7bbc0d9","0x9bbb557e55adfe4918a09d8a88ca8915034ad168","553633217993079584775086"
"0x0fad8556877fc55f1bef6f75629c6b687ce55f0edd51ee94c6b4c81e9cef43a3-172","28349058","1753772219","0x0fad8556877fc55f1bef6f75629c6b687ce55f0edd51ee94c6b4c81e9cef43a3","0xddd77e91c222e36d4bd5ca8e78682a2172314197","0x0fba475e92cfef19f7dbada8ec2cce4ad7bbc0d9","0xbaef535e1f0a39326c2a5dc72accc92ecf3b37fd","553633217993079584775086"
"0x0fb9b904280f998d9e764050923ab88aad53d5302b422c00e3c4c2e4fedc5c9e-664","28343588","1753768931","0x0fb9b904280f998d9e764050923ab88aad53d5302b422c00e3c4c2e4fedc5c9e","0xddd77e91c222e36d4bd5ca8e78682a2172314197","0x0fba475e92cfef19f7dbada8ec2cce4ad7bbc0d9","0x98adf18918eb2702629387914854584b9d76d0f0","553633217993079584775086"
"0x0ff2938b77f6e359191913bd0ca0c699876945c5c86f7e87c54ea2fffca644ee-43","28394873","1753799831","0x0ff2938b77f6e359191913bd0ca0c699876945c5c86f7e87c54ea2fffca644ee","0xddd77e91c222e36d4bd5ca8e78682a2172314197","0x0fba475e92cfef19f7dbada8ec2cce4ad7bbc0d9","0x8027de60944b11137c5d7d18e68c430c1e77a9b8","553633217993079584775086"
"0x1028a30ef8ac3fd427334ae5775d3930dbef160a13f71fa027a185edb2efb107-114","28392248","1753798247","0x1028a30ef8ac3fd427334ae5775d3930dbef160a13f71fa027a185edb2efb107","0xddd77e91c222e36d4bd5ca8e78682a2172314197","0x0fba475e92cfef19f7dbada8ec2cce4ad7bbc0d9","0x046f9c3eb82c5aee29a16ea484596e9a9039ec33","553633217993079584775086"
"0x1031fa8521b97b5b3c062aaf0d04db824a818b8d85bf2f97cac50a539f0577dc-94","28399864","1753802863","0x1031fa8521b97b5b3c062aaf0d04db824a818b8d85bf2f97cac50a539f0577dc","0xddd77e91c222e36d4bd5ca8e78682a2172314197","0x0fba475e92cfef19f7dbada8ec2cce4ad7bbc0d9","0x1f54f7a0c64d4ad8de1ed32ddfbd4d62d0e0acdb","553633217993079584775086"
"0x106fe15546e78a81ea666c11320ecc4bae7972daa0199344e0edfef64b3c63ad-779","28343508","1753768875","0x106fe15546e78a81ea666c11320ecc4bae7972daa0199344e0edfef64b3c63ad","0xddd77e91c222e36d4bd5ca8e78682a2172314197","0x0fba475e92cfef19f7dbada8ec2cce4ad7bbc0d9","0x7301b1037240e70ac1cb0584446d288a9f15fd55","553633217993079584775086"
"0x107a61382eaf0f1db16a667be4e8884c7b6be9426ed60320b94130b131f4e434-12","28375078","1753787914","0x107a61382eaf0f1db16a667be4e8884c7b6be9426ed60320b94130b131f4e434","0xddd77e91c222e36d4bd5ca8e78682a2172314197","0x0fba475e92cfef19f7dbada8ec2cce4ad7bbc0d9","0x70e511b6280418ddd5813afa43bb3d4082befe29","553633217993079584775086"
"0x107e2c93aa467c1e5c0c12e92c3cdaba7a99342ac631fc7800b3299d9e937753-166","28349686","1753772595","0x107e2c93aa467c1e5c0c12e92c3cdaba7a99342ac631fc7800b3299d9e937753","0xddd77e91c222e36d4bd5ca8e78682a2172314197","0x0fba475e92cfef19f7dbada8ec2cce4ad7bbc0d9","0x5a3f24151434d3125b2dfde4f3491e35ff2bf4cd","553633217993079584775086"
"0x10ac0fcc55745862cb9e8daa989307c90e396672efd617237ca1f4cb9b3fb84a-489","28340787","1753767233","0x10ac0fcc55745862cb9e8daa989307c90e396672efd617237ca1f4cb9b3fb84a","0xddd77e91c222e36d4bd5ca8e78682a2172314197","0x0fba475e92cfef19f7dbada8ec2cce4ad7bbc0d9","0xfcd28b230f35753013cdab8c8629036987795221","553633217993079584775086"
"0x10cb17554e647edb40f5c3a8513835c493eedcb4a9a6a48e8af4100a921f9e79-12","28378436","1753789935","0x10cb17554e647edb40f5c3a8513835c493eedcb4a9a6a48e8af4100a921f9e79","0xddd77e91c222e36d4bd5ca8e78682a2172314197","0x0fba475e92cfef19f7dbada8ec2cce4ad7bbc0d9","0xa38248004479e3f6aa2d0d1c4c8b7a229e5194a2","553633217993079584775086"
"0x10ec68de79f0d4ad3eaba28ac3153a1d26f1712a84aed9b2e08c2526518118dc-122","28344552","1753769509","0x10ec68de79f0d4ad3eaba28ac3153a1d26f1712a84aed9b2e08c2526518118dc","0xddd77e91c222e36d4bd5ca8e78682a2172314197","0x0fba475e92cfef19f7dbada8ec2cce4ad7bbc0d9","0xb06eb3aeaca9541d6591ff4ad818899e6f123114","553633217993079584775086"
"0x10ee48df0ab467b0c2f0ed2c76bcd8f0a0ef5612373b0b548451fb1c3fc419a2-20","28342020","1753767948","0x10ee48df0ab467b0c2f0ed2c76bcd8f0a0ef5612373b0b548451fb1c3fc419a2","0xddd77e91c222e36d4bd5ca8e78682a2172314197","0x0fba475e92cfef19f7dbada8ec2cce4ad7bbc0d9","0xdfb3397e4a87be5cc5c499c3448d72c1ae3b9544","553633217993079584775086"
"0x10fbcc8255d2093deed346ab3d2e92406498813fa2ba18a7422900cb1e648df3-129","28366839","1753782941","0x10fbcc8255d2093deed346ab3d2e92406498813fa2ba18a7422900cb1e648df3","0xddd77e91c222e36d4bd5ca8e78682a2172314197","0x0fba475e92cfef19f7dbada8ec2cce4ad7bbc0d9","0xc070177f99a52d5ad77fd8ffe80f576fdd2d9c66","553633217993079584775086"
"0x110c0e1a529d43fc37370319f94f2a7667868c582cd7a315e4668a94ed88d876-143","28331376","1753761596","0x110c0e1a529d43fc37370319f94f2a7667868c582cd7a315e4668a94ed88d876","0xddd77e91c222e36d4bd5ca8e78682a2172314197","0x0fba475e92cfef19f7dbada8ec2cce4ad7bbc0d9","0xadc660ea82bba2e336c598ea10b0b4207e255ff0","553633217993079584775086"
"0x111f1f1e54ff09e59b575779b33934222fc239772f6550fa45cff4008dcc5581-136","28350007","1753772792","0x111f1f1e54ff09e59b575779b33934222fc239772f6550fa45cff4008dcc5581","0xddd77e91c222e36d4bd5ca8e78682a2172314197","0x0fba475e92cfef19f7dbada8ec2cce4ad7bbc0d9","0x5bcd18db0b04ef0001b21f6a582645cdc1aa0cf0","553633217993079584775086"
"0x1129bf62e02c1cc48d1d47a0d88de7ae83a7a4a9aa4b4e9c4d238e62d0fea2b8-115","28367522","1753783351","0x1129bf62e02c1cc48d1d47a0d88de7ae83a7a4a9aa4b4e9c4d238e62d0fea2b8","0xddd77e91c222e36d4bd5ca8e78682a2172314197","0x0fba475e92cfef19f7dbada8ec2cce4ad7bbc0d9","0x46f19dd84de1696d3d9018fc1d7234b9b18aa182","553633217993079584775086"
"0x1136c3a755654769ea3cf6cd0f52744c55442f2fa238b6a7bf8fc43aa5ce75db-76","28369994","1753784831","0x1136c3a755654769ea3cf6cd0f52744c55442f2fa238b6a7bf8fc43aa5ce75db","0xddd77e91c222e36d4bd5ca8e78682a2172314197","0x0fba475e92cfef19f7dbada8ec2cce4ad7bbc0d9","0xa6db9e784a640dfe2e1cec70553f52589ee0de5f","553633217993079584775086"
"0x11385124f917fd653ba9876d44a6a3d4a76df16bf3a9ea252fd96f9dc528816b-8","28338029","1753765576","0x11385124f917fd653ba9876d44a6a3d4a76df16bf3a9ea252fd96f9dc528816b","0xddd77e91c222e36d4bd5ca8e78682a2172314197","0x0fba475e92cfef19f7dbada8ec2cce4ad7bbc0d9","0x35af1b71f5b2b38b3ee605737e5541604b352fb7","553633217993079584775086"
"0x113b65917180b4a60c66e6beb3d9d8d282a556537eff1ca4b2a2bcf7c7578821-103","28337085","1753765016","0x113b65917180b4a60c66e6beb3d9d8d282a556537eff1ca4b2a2bcf7c7578821","0xddd77e91c222e36d4bd5ca8e78682a2172314197","0x0fba475e92cfef19f7dbada8ec2cce4ad7bbc0d9","0xd85907be85be58d526ff360b9d024e04f699a7bb","553633217993079584775086"
"0x1143ce6dace57e96cfc1fbe477b62f8764c3716e20c0fab979375ab3a29926bd-162","28352611","1753774347","0x1143ce6dace57e96cfc1fbe477b62f8764c3716e20c0fab979375ab3a29926bd","0xddd77e91c222e36d4bd5ca8e78682a2172314197","0x0fba475e92cfef19f7dbada8ec2cce4ad7bbc0d9","0xa85ff3ba53af2133e8045c4d757f41ea7320e7e7","553633217993079584775086"
"0x117224517d8f425d577f3b170e8dc037c51204d14e74f4f72bb4ed0ff311241c-4","28129750","1753640576","0x117224517d8f425d577f3b170e8dc037c51204d14e74f4f72bb4ed0ff311241c","0xddd77e91c222e36d4bd5ca8e78682a2172314197","0x0fba475e92cfef19f7dbada8ec2cce4ad7bbc0d9","0x3fd08c282bf6e95e9252b89fbbd522ed9a952e80","553633217993079584775086"
"0x117a67f991a56fedf436e996db3eb15e28688a9860ed1c9230743b15af765f26-9","28384510","1753793620","0x117a67f991a56fedf436e996db3eb15e28688a9860ed1c9230743b15af765f26","0xddd77e91c222e36d4bd5ca8e78682a2172314197","0x0fba475e92cfef19f7dbada8ec2cce4ad7bbc0d9","0xe6c576e6f3cfdce9b1af3a2163fa4e118bb4c584","553633217993079584775086"
"0x11ac442fe3b30c8fdabe6df691d950845447d552be9ba2def85a4e53aa9b82fd-45","28373105","1753786692","0x11ac442fe3b30c8fdabe6df691d950845447d552be9ba2def85a4e53aa9b82fd","0xddd77e91c222e36d4bd5ca8e78682a2172314197","0x0fba475e92cfef19f7dbada8ec2cce4ad7bbc0d9","0xfc57f47acdc4915753bef7746aa07a253febafec","553633217993079584775086"
"0x11d061c27c6d76ebf6c0044a7f7d1c1cc0d59d249e6b2e47d6b0122a8c872e2a-121","28338919","1753766111","0x11d061c27c6d76ebf6c0044a7f7d1c1cc0d59d249e6b2e47d6b0122a8c872e2a","0xddd77e91c222e36d4bd5ca8e78682a2172314197","0x0fba475e92cfef19f7dbada8ec2cce4ad7bbc0d9","0x0d7e8636a7157bf4642fdf0af3c716107b9dd23b","553633217993079584775086"
"0x11da7d49ef91eb5b8cfb7770bdfc09a9eac35ccc130bbf6738771e71b68e0b8c-85","28125541","1753638041","0x11da7d49ef91eb5b8cfb7770bdfc09a9eac35ccc130bbf6738771e71b68e0b8c","0xddd77e91c222e36d4bd5ca8e78682a2172314197","0x0fba475e92cfef19f7dbada8ec2cce4ad7bbc0d9","0x89ab933174782e7a1adb1a7ac798f8b704c9b1e3","553633217993079584775086"
"0x11e6d78056f1fbcfa506f838dc03b7c90c1d0f70e5fec64d16f98c7c86871f02-76","28349687","1753772596","0x11e6d78056f1fbcfa506f838dc03b7c90c1d0f70e5fec64d16f98c7c86871f02","0xddd77e91c222e36d4bd5ca8e78682a2172314197","0x0fba475e92cfef19f7dbada8ec2cce4ad7bbc0d9","0xe5a34ba3ad15c39b102f6afd06114bbdc992717d","553633217993079584775086"
"0x11e98e1ee7b8d7432681617abb7b5e29b1d8c9a0509d3adcc03bd63b77435901-67","28361371","1753779625","0x11e98e1ee7b8d7432681617abb7b5e29b1d8c9a0509d3adcc03bd63b77435901","0xddd77e91c222e36d4bd5ca8e78682a2172314197","0x0fba475e92cfef19f7dbada8ec2cce4ad7bbc0d9","0x8358b4bc04ef6f6d4bc45e0c4e149f052fc1c394","553633217993079584775086"
"0x11f1d80fa5b7a71ad3f1889d227836ebb0ac8569f4630b226dfb2595b88c784c-131","28367474","1753783322","0x11f1d80fa5b7a71ad3f1889d227836ebb0ac8569f4630b226dfb2595b88c784c","0xddd77e91c222e36d4bd5ca8e78682a2172314197","0x0fba475e92cfef19f7dbada8ec2cce4ad7bbc0d9","0xdfcd7177e9d8e37a1fa3297de6026e234e1d7e13","553633217993079584775086"
"0x120cba0f39cf273639d8ef3b093773ec307f4dae4b98e0fdf9a1f64c54a410e7-3","28354676","1753775586","0x120cba0f39cf273639d8ef3b093773ec307f4dae4b98e0fdf9a1f64c54a410e7","0xddd77e91c222e36d4bd5ca8e78682a2172314197","0x0fba475e92cfef19f7dbada8ec2cce4ad7bbc0d9","0xe781f9c73a242f887edad22401cb0df4df0a05ec","553633217993079584775086"
"0x121f07f03d4271887df342884e3a39280e44f177b4e2477fcb4c868ca589a749-3","28343174","1753768670","0x121f07f03d4271887df342884e3a39280e44f177b4e2477fcb4c868ca589a749","0xddd77e91c222e36d4bd5ca8e78682a2172314197","0x0fba475e92cfef19f7dbada8ec2cce4ad7bbc0d9","0x4121a4c0b7ed0597a90a74293ae444d5ec0e1719","553633217993079584775086"
"0x1240854bc6c1b63817ca5e6eb64c238128ee6ebb1c9f5a768371dbfae33f5c6e-114","28407882","1753807745","0x1240854bc6c1b63817ca5e6eb64c238128ee6ebb1c9f5a768371dbfae33f5c6e","0xddd77e91c222e36d4bd5ca8e78682a2172314197","0x0fba475e92cfef19f7dbada8ec2cce4ad7bbc0d9","0x687b322144ceb67675c9066d30b5717751ad56e0","553633217993079584775086"
"0x1257df4dc01043e0c057f653789f21b50d7f339f61af2209937c41df642186ac-113","28410152","1753809088","0x1257df4dc01043e0c057f653789f21b50d7f339f61af2209937c41df642186ac","0xddd77e91c222e36d4bd5ca8e78682a2172314197","0x0fba475e92cfef19f7dbada8ec2cce4ad7bbc0d9","0xdc35a25065cebdfa0b1e2dea65a09f72a75ad626","553633217993079584775086"
"0x125fadedf876475ef0258a33600d4f4df624166a65641b33aeeb10ebf941db12-117","28339456","1753766460","0x125fadedf876475ef0258a33600d4f4df624166a65641b33aeeb10ebf941db12","0xddd77e91c222e36d4bd5ca8e78682a2172314197","0x0fba475e92cfef19f7dbada8ec2cce4ad7bbc0d9","0x07557930949b1bb56a220582aa51e91551eeee86","553633217993079584775086"
"0x12723ecbdb5d5558325e88465b92134fd647028f931824f9bbe6b744abb32ee7-50","28372920","1753786581","0x12723ecbdb5d5558325e88465b92134fd647028f931824f9bbe6b744abb32ee7","0xddd77e91c222e36d4bd5ca8e78682a2172314197","0x0fba475e92cfef19f7dbada8ec2cce4ad7bbc0d9","0x969ba0f41a885e7da7c33e4d3c2f83b26596233b","553633217993079584775086"
"0x1272e2eb68c8e3c50394aeea35fa062c2da3501780b8d7462768968100c36aa8-385","28338384","1753765781","0x1272e2eb68c8e3c50394aeea35fa062c2da3501780b8d7462768968100c36aa8","0xddd77e91c222e36d4bd5ca8e78682a2172314197","0x0fba475e92cfef19f7dbada8ec2cce4ad7bbc0d9","0x8007dd9bbe8a96b88ecdbdb709b661fbed57a695","553633217993079584775086"
"0x12a722a23ec44d3bf41932fae580d22adee444ff809ad68e88eee7b3f3bdd10f-47","28371816","1753785913","0x12a722a23ec44d3bf41932fae580d22adee444ff809ad68e88eee7b3f3bdd10f","0xddd77e91c222e36d4bd5ca8e78682a2172314197","0x0fba475e92cfef19f7dbada8ec2cce4ad7bbc0d9","0x91cb617b0ccffdf5d85e4244250a55dc7362f548","553633217993079584775086"
"0x12ab4ef524f055e4e71f566ef795c19575ed3339fd491d0977f6f477927cbfbb-15","28356978","1753776965","0x12ab4ef524f055e4e71f566ef795c19575ed3339fd491d0977f6f477927cbfbb","0xddd77e91c222e36d4bd5ca8e78682a2172314197","0x0fba475e92cfef19f7dbada8ec2cce4ad7bbc0d9","0x701d814fb4a6bd058a2b393beb1c8a596f23f40b","553633217993079584775086"
"0x130fec61c4954e28062c70fd71157440cdfe31b656e23807a9006979dc088065-34","28350759","1753773249","0x130fec61c4954e28062c70fd71157440cdfe31b656e23807a9006979dc088065","0xddd77e91c222e36d4bd5ca8e78682a2172314197","0x0fba475e92cfef19f7dbada8ec2cce4ad7bbc0d9","0x49b712a5d9d05f15ff7fd137a5e130336e7d21da","553633217993079584775086"
"0x1315602ce772f4839f285cdaf9e404e8e78d968f2eebf9ef8142051845f69f30-30","28341748","1753767798","0x1315602ce772f4839f285cdaf9e404e8e78d968f2eebf9ef8142051845f69f30","0xddd77e91c222e36d4bd5ca8e78682a2172314197","0x0fba475e92cfef19f7dbada8ec2cce4ad7bbc0d9","0x9d7e6f899fa02cf6cf714af962847253cd0447d4","553633217993079584775086"
"0x131a9612d00b959af0e99de4b7b561abce6fae3adfdc3d9f9d533b65f40aadf5-8","28331105","1753761429","0x131a9612d00b959af0e99de4b7b561abce6fae3adfdc3d9f9d533b65f40aadf5","0xddd77e91c222e36d4bd5ca8e78682a2172314197","0x0fba475e92cfef19f7dbada8ec2cce4ad7bbc0d9","0x5a3bf59af32bea4e7eb4be31c85ad9bdd9f73301","553633217993079584775086"
"0x1325a8371e837fc7a514a9e2ae536785043d793a98d12963447d224fc4e66906-27","28337425","1753765218","0x1325a8371e837fc7a514a9e2ae536785043d793a98d12963447d224fc4e66906","0xddd77e91c222e36d4bd5ca8e78682a2172314197","0x0fba475e92cfef19f7dbada8ec2cce4ad7bbc0d9","0x96a2d16b20e8783942023077d7acc14533fc4006","553633217993079584775086"
"0x1375ebcb0f394b15a68d28cf590572614c5ea5c37b7fba897989fba7503141a8-102","28351668","1753773791","0x1375ebcb0f394b15a68d28cf590572614c5ea5c37b7fba897989fba7503141a8","0xddd77e91c222e36d4bd5ca8e78682a2172314197","0x0fba475e92cfef19f7dbada8ec2cce4ad7bbc0d9","0xd74e636261a1a15f245f40718f460f44bbc5982f","553633217993079584775086"
"0x137a428231055c39eff4c3dbd2a81c40c175f19198be8721a7f059fdc791c621-132","28369713","1753784663","0x137a428231055c39eff4c3dbd2a81c40c175f19198be8721a7f059fdc791c621","0xddd77e91c222e36d4bd5ca8e78682a2172314197","0x0fba475e92cfef19f7dbada8ec2cce4ad7bbc0d9","0x7e0d72b92afc92731d93a4fab390d05697ae35ad","553633217993079584775086"
"0x137ce7938a8f12dabcb3526f28968610e3ab6f633b25b87567fedfedd7976f08-99","28341777","1753767814","0x137ce7938a8f12dabcb3526f28968610e3ab6f633b25b87567fedfedd7976f08","0xddd77e91c222e36d4bd5ca8e78682a2172314197","0x0fba475e92cfef19f7dbada8ec2cce4ad7bbc0d9","0x24e38070db22fdbebb42e296ce6f266dd8b0b79e","553633217993079584775086"
"0x13a90c8e9bda3ba5b65d83d5c4de019f247398f105132f66a431c20d4d237661-5","28130694","1753641149","0x13a90c8e9bda3ba5b65d83d5c4de019f247398f105132f66a431c20d4d237661","0xddd77e91c222e36d4bd5ca8e78682a2172314197","0x0fba475e92cfef19f7dbada8ec2cce4ad7bbc0d9","0xa6cbd0dcabb082319a067b0daf18df8156347c61","553633217993079584775086"
"0x13b5630630e00295660a3f1f2416e93572ebf68f8977f8da2dfe572658cc4689-3","28375378","1753788096","0x13b5630630e00295660a3f1f2416e93572ebf68f8977f8da2dfe572658cc4689","0xddd77e91c222e36d4bd5ca8e78682a2172314197","0x0fba475e92cfef19f7dbada8ec2cce4ad7bbc0d9","0xf5420c9169bc1b752236cf1426b9429d776a701b","553633217993079584775086"
"0x13b61b113029edb558e062f074ba68ce6ef8f2b790f330006008b1d91a68f382-203","28390753","1753797329","0x13b61b113029edb558e062f074ba68ce6ef8f2b790f330006008b1d91a68f382","0xddd77e91c222e36d4bd5ca8e78682a2172314197","0x0fba475e92cfef19f7dbada8ec2cce4ad7bbc0d9","0x830b51e7b57a15dda82b1643f594fb740e9ef12d","553633217993079584775086"
"0x13b68ce95efa9400ddb6ad501bdebf79dd8c165cd8a654d7d2c4c5c583350ea0-145","28348790","1753772072","0x13b68ce95efa9400ddb6ad501bdebf79dd8c165cd8a654d7d2c4c5c583350ea0","0xddd77e91c222e36d4bd5ca8e78682a2172314197","0x0fba475e92cfef19f7dbada8ec2cce4ad7bbc0d9","0xe28f5efd87bc0e625387935b40c9dddc37ae35e2","553633217993079584775086"
"0x13f35baf7c1391d2663edc8b43b5af7e64d26619d10b9cdf98ca0aaa45867b72-2694","28353655","1753774980","0x13f35baf7c1391d2663edc8b43b5af7e64d26619d10b9cdf98ca0aaa45867b72","0xddd77e91c222e36d4bd5ca8e78682a2172314197","0x0fba475e92cfef19f7dbada8ec2cce4ad7bbc0d9","0xf21f9c546bbf0ea7678a4c796bd9c816488a1185","553633217993079584775086"
"0x1410a789ce318aabe60627bdaa3395c049487dc4246d937f82a4aa1182eac284-122","28339999","1753766770","0x1410a789ce318aabe60627bdaa3395c049487dc4246d937f82a4aa1182eac284","0xddd77e91c222e36d4bd5ca8e78682a2172314197","0x0fba475e92cfef19f7dbada8ec2cce4ad7bbc0d9","0x9f3044cd35faa45f617500fe28bbd0560bd25529","553633217993079584775086"
"0x142163e620dfd8c52dcd8f71ae4076a7ff943e966b47ee2ed3712b0210435e32-50","28334259","1753763312","0x142163e620dfd8c52dcd8f71ae4076a7ff943e966b47ee2ed3712b0210435e32","0xddd77e91c222e36d4bd5ca8e78682a2172314197","0x0fba475e92cfef19f7dbada8ec2cce4ad7bbc0d9","0xc79f35f1c9fb8472347026e1c6f38d6f810312f6","553633217993079584775086"
"0x1445df1c9d594fd5c7d8fd58cfb4e1dd2707f61a25c04d977fc7d18a1a3fc417-228","28334272","1753763321","0x1445df1c9d594fd5c7d8fd58cfb4e1dd2707f61a25c04d977fc7d18a1a3fc417","0xddd77e91c222e36d4bd5ca8e78682a2172314197","0x0fba475e92cfef19f7dbada8ec2cce4ad7bbc0d9","0x8d2a950b4dc57aa9d2fd014ca45d935c6c6d72ad","553633217993079584775086"
"0x144f92d8fe9751c4da27c0f80c6fefdf038cf9e2d1ae9a8c4906e92a19cc6498-77","28396090","1753800554","0x144f92d8fe9751c4da27c0f80c6fefdf038cf9e2d1ae9a8c4906e92a19cc6498","0xddd77e91c222e36d4bd5ca8e78682a2172314197","0x0fba475e92cfef19f7dbada8ec2cce4ad7bbc0d9","0x917bea50189e6588e6ca93f45f4788dc69a9e20e","553633217993079584775086"
"0x14a732b268b5cee89d6ee5448378426c1ecc724b68c5a88586c975acb3beee69-139","28392791","1753798558","0x14a732b268b5cee89d6ee5448378426c1ecc724b68c5a88586c975acb3beee69","0xddd77e91c222e36d4bd5ca8e78682a2172314197","0x0fba475e92cfef19f7dbada8ec2cce4ad7bbc0d9","0xfad10105a3eff34dbe1ad57b8b40f2d0a24ea2a7","553633217993079584775086"
"0x14cd0fd536692668230e567799f00e43eae7328d390308fd44632245a2d38630-134","28371536","1753785741","0x14cd0fd536692668230e567799f00e43eae7328d390308fd44632245a2d38630","0xddd77e91c222e36d4bd5ca8e78682a2172314197","0x0fba475e92cfef19f7dbada8ec2cce4ad7bbc0d9","0x36284cb866a62190956b36b49e60540ac18a9208","553633217993079584775086"
"0x14fddcd85b99d529543d64ca093e9133a4d75103ac6fc31b4a6216725c88a43a-11","28373961","1753787217","0x14fddcd85b99d529543d64ca093e9133a4d75103ac6fc31b4a6216725c88a43a","0xddd77e91c222e36d4bd5ca8e78682a2172314197","0x0fba475e92cfef19f7dbada8ec2cce4ad7bbc0d9","0x4d4d0b44c3be6ae8358754776f5795792951b266","553633217993079584775086"
"0x150d9e198dff57e436b9d392c440df19cb22e8aef1e78fe7c3fb2855b3115f37-102","28409720","1753808828","0x150d9e198dff57e436b9d392c440df19cb22e8aef1e78fe7c3fb2855b3115f37","0xddd77e91c222e36d4bd5ca8e78682a2172314197","0x0fba475e92cfef19f7dbada8ec2cce4ad7bbc0d9","0x0f95f22afb3eb7bbcabb80af2c9140b9b60e4156","553633217993079584775086"
"0x1510ee3ac12ff7ed2c551a3afb01db07a390f3ea66ff17140904927b04da7919-97","28346742","1753770832","0x1510ee3ac12ff7ed2c551a3afb01db07a390f3ea66ff17140904927b04da7919","0xddd77e91c222e36d4bd5ca8e78682a2172314197","0x0fba475e92cfef19f7dbada8ec2cce4ad7bbc0d9","0x3a313df44413c38ad860f7152373c9342871c133","553633217993079584775086"
"0x15363c9d955cb2a9e40160a39bd04dbb02b86daecde79b654e5c500773d5bf56-728","28344912","1753769734","0x15363c9d955cb2a9e40160a39bd04dbb02b86daecde79b654e5c500773d5bf56","0xddd77e91c222e36d4bd5ca8e78682a2172314197","0x0fba475e92cfef19f7dbada8ec2cce4ad7bbc0d9","0xa863e427139aa23f7f443ba54395e370bdfa4dc4","553633217993079584775086"
"0x154bee4f4804ac6bd05f3580f523108e120e150fe5637b4852eb7015917c0f87-698","28339184","1753766298","0x154bee4f4804ac6bd05f3580f523108e120e150fe5637b4852eb7015917c0f87","0xddd77e91c222e36d4bd5ca8e78682a2172314197","0x0fba475e92cfef19f7dbada8ec2cce4ad7bbc0d9","0x358db1a227da5f6ff750035b8c292fac8cdcc2b4","553633217993079584775086"
"0x1552e11936a2a60bbc874afbe6f108389ed745ac9235df5ba98f0053b0485d08-112","28389662","1753796662","0x1552e11936a2a60bbc874afbe6f108389ed745ac9235df5ba98f0053b0485d08","0xddd77e91c222e36d4bd5ca8e78682a2172314197","0x0fba475e92cfef19f7dbada8ec2cce4ad7bbc0d9","0x0892e56553f61b75d9a7ef01ea29bf3b694fb510","553633217993079584775086"
"0x155f3b49fa1eaf6e8ec2bb45ca8b134e1b2a48a814152ef306ddcf501b9dec39-100","28394258","1753799459","0x155f3b49fa1eaf6e8ec2bb45ca8b134e1b2a48a814152ef306ddcf501b9dec39","0xddd77e91c222e36d4bd5ca8e78682a2172314197","0x0fba475e92cfef19f7dbada8ec2cce4ad7bbc0d9","0x2a704a563199b454effbddda5f7d1be80b580d0e","553633217993079584775086"
"0x15621a518da665c3dcae332c206407ded1b6051a638a0e886a8ad6dd16740d0d-109","28387930","1753795584","0x15621a518da665c3dcae332c206407ded1b6051a638a0e886a8ad6dd16740d0d","0xddd77e91c222e36d4bd5ca8e78682a2172314197","0x0fba475e92cfef19f7dbada8ec2cce4ad7bbc0d9","0xe0efbd5b6fa5006014c24d61c42deaabfd5a71d2","553633217993079584775086"
"0x15648e2b8f315c7d8a41511ffa94045b89dd60d114767a3288ef649725e6f19a-37","28337219","1753765103","0x15648e2b8f315c7d8a41511ffa94045b89dd60d114767a3288ef649725e6f19a","0xddd77e91c222e36d4bd5ca8e78682a2172314197","0x0fba475e92cfef19f7dbada8ec2cce4ad7bbc0d9","0xecd0da4110456940f5ed80e3af28a944ca1778af","553633217993079584775086"
"0x156dccdd604b62af9a9e1ecdfc33d01a36c02d64e8709072cbf88520f42db1ea-11","28352397","1753774222","0x156dccdd604b62af9a9e1ecdfc33d01a36c02d64e8709072cbf88520f42db1ea","0xddd77e91c222e36d4bd5ca8e78682a2172314197","0x0fba475e92cfef19f7dbada8ec2cce4ad7bbc0d9","0xb83645e78ba5046101f517214b1b4fe6dce44e1d","553633217993079584775086"
"0x159af8eaf63208bae83f1f71d3ee97572b526f225bb8cc430f56493244f05765-85","28381214","1753791622","0x159af8eaf63208bae83f1f71d3ee97572b526f225bb8cc430f56493244f05765","0xddd77e91c222e36d4bd5ca8e78682a2172314197","0x0fba475e92cfef19f7dbada8ec2cce4ad7bbc0d9","0x8d41cd35c467a8bd1d5e0ea7f07d644a0c304f88","553633217993079584775086"
"0x159c3210ffd079d75011859c95bba95de965e934b7b062f2df19567550bc3748-270","28353557","1753774920","0x159c3210ffd079d75011859c95bba95de965e934b7b062f2df19567550bc3748","0xddd77e91c222e36d4bd5ca8e78682a2172314197","0x0fba475e92cfef19f7dbada8ec2cce4ad7bbc0d9","0xd1786ccb5841876a59d0adf1453816afb60618e3","553633217993079584775086"
"0x15a99d755a2c7073012ba0a6eafe0e314964197370982864b7cdd65dd7ff3292-63","28362402","1753780248","0x15a99d755a2c7073012ba0a6eafe0e314964197370982864b7cdd65dd7ff3292","0xddd77e91c222e36d4bd5ca8e78682a2172314197","0x0fba475e92cfef19f7dbada8ec2cce4ad7bbc0d9","0xe4229aaa1422a5e8855e6ff103788006543adba0","553633217993079584775086"
"0x15e0cb3903f5f2cac03c4f7bd6a17e4b46ec571659c9b965c881726027a937eb-33","28373105","1753786692","0x15e0cb3903f5f2cac03c4f7bd6a17e4b46ec571659c9b965c881726027a937eb","0xddd77e91c222e36d4bd5ca8e78682a2172314197","0x0fba475e92cfef19f7dbada8ec2cce4ad7bbc0d9","0xbdc5a88f51147e4954c2bbee886892e07350bb5c","553633217993079584775086"
"0x15f5e86c59d213f8f8ec3cd30a7e2c35d26f7c31b4e97f3a3f4f456be5caf58d-15","28353651","1753774976","0x15f5e86c59d213f8f8ec3cd30a7e2c35d26f7c31b4e97f3a3f4f456be5caf58d","0xddd77e91c222e36d4bd5ca8e78682a2172314197","0x0fba475e92cfef19f7dbada8ec2cce4ad7bbc0d9","0x4ef8a36a9d7e4cbe699bc4fe26615fd8744497fb","553633217993079584775086"
"0x16087cb7c52b5f805f9c52976de4be87ac3b0316585c4cf3dafc087621abc606-98","28353373","1753774809","0x16087cb7c52b5f805f9c52976de4be87ac3b0316585c4cf3dafc087621abc606","0xddd77e91c222e36d4bd5ca8e78682a2172314197","0x0fba475e92cfef19f7dbada8ec2cce4ad7bbc0d9","0x1563f78ab5c01d974e1ff5d4e77c5af67cff9eff","553633217993079584775086"
"0x163f8962b65ca65f5d237b4c6504e78f967e0eb2ecadfa9329e304aecacedc91-7","28372502","1753786312","0x163f8962b65ca65f5d237b4c6504e78f967e0eb2ecadfa9329e304aecacedc91","0xddd77e91c222e36d4bd5ca8e78682a2172314197","0x0fba475e92cfef19f7dbada8ec2cce4ad7bbc0d9","0x21e5e26a80eec4092f16b09e8d12d64a8d8cd375","553633217993079584775086"
"0x165ead30124c7c372514ebab84f4aace29b049704a2725e81a0fba743b2fd57e-191","28380495","1753791190","0x165ead30124c7c372514ebab84f4aace29b049704a2725e81a0fba743b2fd57e","0xddd77e91c222e36d4bd5ca8e78682a2172314197","0x0fba475e92cfef19f7dbada8ec2cce4ad7bbc0d9","0x981c884c266b964f8e3e2337e03009775399d042","553633217993079584775086"
"0x168b48a8edc926a90cb41ff28e7814ff0819f736f8927551c3784a596d020a14-29","28400797","1753803442","0x168b48a8edc926a90cb41ff28e7814ff0819f736f8927551c3784a596d020a14","0xddd77e91c222e36d4bd5ca8e78682a2172314197","0x0fba475e92cfef19f7dbada8ec2cce4ad7bbc0d9","0x1934d163e58c250c35ce69aed98a4e4a11738811","553633217993079584775086"
"0x169a41ca9eef4f9fa6fbeba72fd33f8c3fd8c18e1d7047965956d03ced7bcc7b-20","28384371","1753793535","0x169a41ca9eef4f9fa6fbeba72fd33f8c3fd8c18e1d7047965956d03ced7bcc7b","0xddd77e91c222e36d4bd5ca8e78682a2172314197","0x0fba475e92cfef19f7dbada8ec2cce4ad7bbc0d9","0x964cd568b88200022a132d66bdaa1560bbf2cd70","553633217993079584775086"
"0x16c4acbffec09ae2efd4663672b6e91fb4e65ec8fe668945cfb717abbe7228e9-94","28349051","1753772216","0x16c4acbffec09ae2efd4663672b6e91fb4e65ec8fe668945cfb717abbe7228e9","0xddd77e91c222e36d4bd5ca8e78682a2172314197","0x0fba475e92cfef19f7dbada8ec2cce4ad7bbc0d9","0x44fbc6d738ddb47c561072f0b9a07800e877c9e0","553633217993079584775086"
"0x17010528091ed1028003d8a7a49f876141a80830b73470152db230dad246dd59-3","28377185","1753789186","0x17010528091ed1028003d8a7a49f876141a80830b73470152db230dad246dd59","0xddd77e91c222e36d4bd5ca8e78682a2172314197","0x0fba475e92cfef19f7dbada8ec2cce4ad7bbc0d9","0x0e4b64917dbc559cb82625ffb08acf1e1eb3bc1b","553633217993079584775086"
"0x172375b464f4e174bb8b39b045039096cc1e6b4dec8429529bb1c48b5a6344dd-54","28330736","1753761196","0x172375b464f4e174bb8b39b045039096cc1e6b4dec8429529bb1c48b5a6344dd","0xddd77e91c222e36d4bd5ca8e78682a2172314197","0x0fba475e92cfef19f7dbada8ec2cce4ad7bbc0d9","0xaa81a036bf5a2823daa2aadbcc66140fab29cce9","553633217993079584775086"
"0x17697ec04429a7b1b6e376a0919f2710e906063f5050570b4fb44ae153f2dee7-47","28336578","1753764723","0x17697ec04429a7b1b6e376a0919f2710e906063f5050570b4fb44ae153f2dee7","0xddd77e91c222e36d4bd5ca8e78682a2172314197","0x0fba475e92cfef19f7dbada8ec2cce4ad7bbc0d9","0x0de9518e2c9c57651a5b8302db07571a1ab41208","553633217993079584775086"
"0x178816ee34ef9f1867ca82c5e495f70f8b8cbf7b73b590d4a8dfb2255afee2c8-149","28349086","1753772236","0x178816ee34ef9f1867ca82c5e495f70f8b8cbf7b73b590d4a8dfb2255afee2c8","0xddd77e91c222e36d4bd5ca8e78682a2172314197","0x0fba475e92cfef19f7dbada8ec2cce4ad7bbc0d9","0xa5a724fa249c6cb38902a5ac6b2de97b575db78f","553633217993079584775086"
"0x178de9ba5dc4227dd98ca5871c63c6ff6e41a2d30736b1d47855493852d070bd-124","28369204","1753784369","0x178de9ba5dc4227dd98ca5871c63c6ff6e41a2d30736b1d47855493852d070bd","0xddd77e91c222e36d4bd5ca8e78682a2172314197","0x0fba475e92cfef19f7dbada8ec2cce4ad7bbc0d9","0xd2b8cb395d52b9a93274693e766ecd783d2f729f","553633217993079584775086"
"0x17990ace1240088481dcc94d799173b0d9c27dcfc77d65b528c43e0531fb44be-42","28330251","1753760902","0x17990ace1240088481dcc94d799173b0d9c27dcfc77d65b528c43e0531fb44be","0xddd77e91c222e36d4bd5ca8e78682a2172314197","0x0fba475e92cfef19f7dbada8ec2cce4ad7bbc0d9","0x75de4ff4f0eab4a152c6772a6778750a1f0dc7e5","553633217993079584775086"
"0x17bcfc3143944ef3e3c9a304f683fbc924e54429aa77fe509d81d62ecbb7af0e-5","28389598","1753796623","0x17bcfc3143944ef3e3c9a304f683fbc924e54429aa77fe509d81d62ecbb7af0e","0xddd77e91c222e36d4bd5ca8e78682a2172314197","0x0fba475e92cfef19f7dbada8ec2cce4ad7bbc0d9","0xb05bb4b320f45a2363b7f89424927be7a39dd047","553633217993079584775086"
"0x17c08ef4138fb814f7a1236cae029b3a14d8ad032b2264be1eaa55aeedaa3f5d-16","28332782","1753762417","0x17c08ef4138fb814f7a1236cae029b3a14d8ad032b2264be1eaa55aeedaa3f5d","0xddd77e91c222e36d4bd5ca8e78682a2172314197","0x0fba475e92cfef19f7dbada8ec2cce4ad7bbc0d9","0x7a7b6be7f5ac593bcb262b52ae5a731aa1690ad4","553633217993079584775086"
"0x17d35aa9d644b5440d6801d870964cebdb2f7f79df6195588e8142d9978d9afb-44","28382890","1753792648","0x17d35aa9d644b5440d6801d870964cebdb2f7f79df6195588e8142d9978d9afb","0xddd77e91c222e36d4bd5ca8e78682a2172314197","0x0fba475e92cfef19f7dbada8ec2cce4ad7bbc0d9","0x3858929abb07bd4de17578e34865e88257faaf7e","553633217993079584775086"
"0x17d7a5e82e6f649e394360d42cc26d9dfc48082f0db63d605538b546fa49d0e3-69","28337303","1753765152","0x17d7a5e82e6f649e394360d42cc26d9dfc48082f0db63d605538b546fa49d0e3","0xddd77e91c222e36d4bd5ca8e78682a2172314197","0x0fba475e92cfef19f7dbada8ec2cce4ad7bbc0d9","0xd6e91ff70f92f97903582d2044d10d1ba7ee4cbc","553633217993079584775086"
"0x17e24136a5b668b653b738212eb51a383c12cfd6afdb29362c678d8ddbb8fe0e-125","28366179","1753782534","0x17e24136a5b668b653b738212eb51a383c12cfd6afdb29362c678d8ddbb8fe0e","0xddd77e91c222e36d4bd5ca8e78682a2172314197","0x0fba475e92cfef19f7dbada8ec2cce4ad7bbc0d9","0x4e22debc206741e3c7caafbb4ea9e3b243ef792a","553633217993079584775086"
"0x17e5e172e71763c484d83d49c02eba1567e7f31708cd66ba4fc9d0add8f65161-44","28331879","1753761884","0x17e5e172e71763c484d83d49c02eba1567e7f31708cd66ba4fc9d0add8f65161","0xddd77e91c222e36d4bd5ca8e78682a2172314197","0x0fba475e92cfef19f7dbada8ec2cce4ad7bbc0d9","0xc665ab1aea6257d18d6bc45ac4c8406bfdd5a4fc","553633217993079584775086"
"0x17edc553b6ceef68330fce79dde9a966099b730bc023321b76da917b66da0745-108","28378643","1753790064","0x17edc553b6ceef68330fce79dde9a966099b730bc023321b76da917b66da0745","0xddd77e91c222e36d4bd5ca8e78682a2172314197","0x0fba475e92cfef19f7dbada8ec2cce4ad7bbc0d9","0x3c55364b886d5ea7477cc181341d8ae2ef0d3edc","553633217993079584775086"
"0x17f2b060885c435395b4b21ea77aea9403198fb4f7b5cee4cf68d0e1770b31df-193","28391456","1753797752","0x17f2b060885c435395b4b21ea77aea9403198fb4f7b5cee4cf68d0e1770b31df","0xddd77e91c222e36d4bd5ca8e78682a2172314197","0x0fba475e92cfef19f7dbada8ec2cce4ad7bbc0d9","0x9f92bb0b75424e5420e5b09de4d63d24ebc59770","553633217993079584775086"
"0x183a0ea936cb9418887903971d7f4b3f25fd0726140738e6380d09a96675f9e2-60","28368559","1753783974","0x183a0ea936cb9418887903971d7f4b3f25fd0726140738e6380d09a96675f9e2","0xddd77e91c222e36d4bd5ca8e78682a2172314197","0x0fba475e92cfef19f7dbada8ec2cce4ad7bbc0d9","0x32f501c43d410e51db271e24da3d531f0cdbe77c","553633217993079584775086"
"0x183b73daa940756123f0747904a37f2110e549408d9f9f5b063247579d4b6f23-241","28350540","1753773121","0x183b73daa940756123f0747904a37f2110e549408d9f9f5b063247579d4b6f23","0xddd77e91c222e36d4bd5ca8e78682a2172314197","0x0fba475e92cfef19f7dbada8ec2cce4ad7bbc0d9","0xc1a9764417dfcdb2cb520826ab2aedf03937a4db","553633217993079584775086"
"0x184220805c22f39b3a999914f4ef642025acac2c1bac742152a17f860675cb82-4","28130141","1753640823","0x184220805c22f39b3a999914f4ef642025acac2c1bac742152a17f860675cb82","0xddd77e91c222e36d4bd5ca8e78682a2172314197","0x0fba475e92cfef19f7dbada8ec2cce4ad7bbc0d9","0x70ea1581cc6dc04023f41a092912b8fe88d73a4b","553633217993079584775086"
"0x184c70bc8aee5e664a7aee7d3f3fdcd571ea2fc9493c1c16c2607513bc6881c9-18","28355483","1753776066","0x184c70bc8aee5e664a7aee7d3f3fdcd571ea2fc9493c1c16c2607513bc6881c9","0xddd77e91c222e36d4bd5ca8e78682a2172314197","0x0fba475e92cfef19f7dbada8ec2cce4ad7bbc0d9","0x4f31cf1c192c229d29b96d0b5593dbd2a6ae8517","553633217993079584775086"
"0x1853fa75082475be0ee00fa92c3c4da39068ed947780a3dcbf30f16721647bc8-130","28359230","1753778342","0x1853fa75082475be0ee00fa92c3c4da39068ed947780a3dcbf30f16721647bc8","0xddd77e91c222e36d4bd5ca8e78682a2172314197","0x0fba475e92cfef19f7dbada8ec2cce4ad7bbc0d9","0x831bc1fea38edc8c191b5f696ee7dfb590527c58","553633217993079584775086"
"0x186fbbdad2e07ea851145b782cc528324eb24095238d8e0c724a8cfad58a03f2-155","28349683","1753772594","0x186fbbdad2e07ea851145b782cc528324eb24095238d8e0c724a8cfad58a03f2","0xddd77e91c222e36d4bd5ca8e78682a2172314197","0x0fba475e92cfef19f7dbada8ec2cce4ad7bbc0d9","0x5a6332cbaf2d32507b041e4ac210b836dc6997a9","553633217993079584775086"
"0x1889360a02d395b992983aae75565b6277c5fab591ea5776d9fe89737413f1d9-58","28355714","1753776204","0x1889360a02d395b992983aae75565b6277c5fab591ea5776d9fe89737413f1d9","0xddd77e91c222e36d4bd5ca8e78682a2172314197","0x0fba475e92cfef19f7dbada8ec2cce4ad7bbc0d9","0x3a9aa6d1b9a93a77463d8ef892f540219adde7d6","553633217993079584775086"
"0x1889ad9a675dd6a91eb7c7650234439c63cafe0a9921b2258834cbec4b7483d2-9","28410121","1753809068","0x1889ad9a675dd6a91eb7c7650234439c63cafe0a9921b2258834cbec4b7483d2","0xddd77e91c222e36d4bd5ca8e78682a2172314197","0x0fba475e92cfef19f7dbada8ec2cce4ad7bbc0d9","0x619988648c5c8c2e047bfb353428a23edf2bcba0","553633217993079584775086"
"0x1893f738259845788fe10fc1fe80801720b15be3992ab6303ab92245f1d7bf32-94","28351668","1753773791","0x1893f738259845788fe10fc1fe80801720b15be3992ab6303ab92245f1d7bf32","0xddd77e91c222e36d4bd5ca8e78682a2172314197","0x0fba475e92cfef19f7dbada8ec2cce4ad7bbc0d9","0x04bb45bdd3ea2ca5b830006b676f07657421e433","553633217993079584775086"
"0x18a87326506e9f170eccd205499374c0ba320282cdaf4985a4248e60014ff998-122","28352290","1753774157","0x18a87326506e9f170eccd205499374c0ba320282cdaf4985a4248e60014ff998","0xddd77e91c222e36d4bd5ca8e78682a2172314197","0x0fba475e92cfef19f7dbada8ec2cce4ad7bbc0d9","0x025e2de5e42ac0a2dbe9c159ff7771ed263faef2","553633217993079584775086"
"0x18cbcc53008df86d6befcb5bfa74920edde8baa35d7c4d379af266fb1d05eb12-13","28376911","1753789007","0x18cbcc53008df86d6befcb5bfa74920edde8baa35d7c4d379af266fb1d05eb12","0xddd77e91c222e36d4bd5ca8e78682a2172314197","0x0fba475e92cfef19f7dbada8ec2cce4ad7bbc0d9","0x4f31d4508691366924f322977d120263995c7326","553633217993079584775086"
"0x18d6b458a23b35902e7e6b600977f192480efbcd22eda2340b62cacaa5921a38-79","28337258","1753765127","0x18d6b458a23b35902e7e6b600977f192480efbcd22eda2340b62cacaa5921a38","0xddd77e91c222e36d4bd5ca8e78682a2172314197","0x0fba475e92cfef19f7dbada8ec2cce4ad7bbc0d9","0x4f0147606d928e9ce625bef345b4363f905b44ce","553633217993079584775086"
"0x191699e90fea1d21c311bce9bb9ae1a83a4fdfbb4eaf57769e81167f73594d75-38","28357170","1753777074","0x191699e90fea1d21c311bce9bb9ae1a83a4fdfbb4eaf57769e81167f73594d75","0xddd77e91c222e36d4bd5ca8e78682a2172314197","0x0fba475e92cfef19f7dbada8ec2cce4ad7bbc0d9","0xb3c44f40229cd0799f029ea7bf990da2a9365767","553633217993079584775086"
"0x191d6439def57470f088e2c8d4fc44f640d994024caf42ed94a9468586416fd6-130","28352277","1753774143","0x191d6439def57470f088e2c8d4fc44f640d994024caf42ed94a9468586416fd6","0xddd77e91c222e36d4bd5ca8e78682a2172314197","0x0fba475e92cfef19f7dbada8ec2cce4ad7bbc0d9","0x7b3230b25230da7012126cb87ce00a8d7b69f341","553633217993079584775086"
"0x19286a5eec2545e2624553c13378881a4654785ec50ad4df6dc99f12f07ecb1e-20","28376961","1753789039","0x19286a5eec2545e2624553c13378881a4654785ec50ad4df6dc99f12f07ecb1e","0xddd77e91c222e36d4bd5ca8e78682a2172314197","0x0fba475e92cfef19f7dbada8ec2cce4ad7bbc0d9","0x8bcd801134c45e22c03ea701320a089a2a31645f","553633217993079584775086"
"0x1930323f9d67292ab36e153c374748061f79f7079427fb27a0769c781fad0af3-156","28365089","1753781857","0x1930323f9d67292ab36e153c374748061f79f7079427fb27a0769c781fad0af3","0xddd77e91c222e36d4bd5ca8e78682a2172314197","0x0fba475e92cfef19f7dbada8ec2cce4ad7bbc0d9","0x2d121b302e8493f23d719a6d53493ef6cdd67703","553633217993079584775086"
"0x197302c34c77b37d7d54a5f63d087fc59befb527f13a34165e95fdad7479bad7-19","28362547","1753780341","0x197302c34c77b37d7d54a5f63d087fc59befb527f13a34165e95fdad7479bad7","0xddd77e91c222e36d4bd5ca8e78682a2172314197","0x0fba475e92cfef19f7dbada8ec2cce4ad7bbc0d9","0xb97d7387133b91ebd6d18fabdcbf6aee6e1c4b39","553633217993079584775086"
"0x19928863217e6dc1b23edd93399318f41aa1f6bad5bd2a423e4209c1a029f8a2-39","28377255","1753789228","0x19928863217e6dc1b23edd93399318f41aa1f6bad5bd2a423e4209c1a029f8a2","0xddd77e91c222e36d4bd5ca8e78682a2172314197","0x0fba475e92cfef19f7dbada8ec2cce4ad7bbc0d9","0xce944727acae11cf419191b80cda20c0b510122c","553633217993079584775086"
"0x19928ff883c7b334adb912e94bb99df07e6f3d864bb332f3729d3caca7cf59b4-99","28358992","1753778201","0x19928ff883c7b334adb912e94bb99df07e6f3d864bb332f3729d3caca7cf59b4","0xddd77e91c222e36d4bd5ca8e78682a2172314197","0x0fba475e92cfef19f7dbada8ec2cce4ad7bbc0d9","0xbbb1fa88912c4c1019d374e89404fae0055806ab","553633217993079584775086"
"0x1992befd3e250098e22f92ee2a2309ff876d62008224a988478122bcfd94b7dd-657","28361877","1753779937","0x1992befd3e250098e22f92ee2a2309ff876d62008224a988478122bcfd94b7dd","0xddd77e91c222e36d4bd5ca8e78682a2172314197","0x0fba475e92cfef19f7dbada8ec2cce4ad7bbc0d9","0xf782fa2ea4d256be79887ba64f2affd061507748","553633217993079584775086"
"0x199753ca699dd7d000c49ccd66c10152587158399d1d91e7a5a9cd0878746f84-8","28130358","1753640949","0x199753ca699dd7d000c49ccd66c10152587158399d1d91e7a5a9cd0878746f84","0xddd77e91c222e36d4bd5ca8e78682a2172314197","0x0fba475e92cfef19f7dbada8ec2cce4ad7bbc0d9","0xf13644bc357f40a93a6d0023b033bf0be4fa7191","553633217993079584775086"
"0x199f7304218e1b3d209aca7411f5d03cdeb7f5e6dab5af538bccc56a2af9d6cd-128","28372518","1753786322","0x199f7304218e1b3d209aca7411f5d03cdeb7f5e6dab5af538bccc56a2af9d6cd","0xddd77e91c222e36d4bd5ca8e78682a2172314197","0x0fba475e92cfef19f7dbada8ec2cce4ad7bbc0d9","0x2cb7dcac4cc46de664b5ffa50293fd005de62825","553633217993079584775086"
"0x19a15572084a03f8bd4b8f9baaff5c89504e21290564e0a4e8d4476c0bb274d8-35","28342137","1753768022","0x19a15572084a03f8bd4b8f9baaff5c89504e21290564e0a4e8d4476c0bb274d8","0xddd77e91c222e36d4bd5ca8e78682a2172314197","0x0fba475e92cfef19f7dbada8ec2cce4ad7bbc0d9","0x42a9cf494df977bbb90a1a45233df6d3794a4894","553633217993079584775086"
"0x19a2d53456e4e2f3572bc43617c12dc01848c31311646d7afb4cfeef0a35124e-126","28354006","1753775174","0x19a2d53456e4e2f3572bc43617c12dc01848c31311646d7afb4cfeef0a35124e","0xddd77e91c222e36d4bd5ca8e78682a2172314197","0x0fba475e92cfef19f7dbada8ec2cce4ad7bbc0d9","0xd3b59e54dd314def8877c2a2ce6c3d75da28ee05","553633217993079584775086"
"0x19c2eabe5099435f5a172d5b460687fcd1168f78bf7de65e577b5071e0415ae6-79","28335014","1753763783","0x19c2eabe5099435f5a172d5b460687fcd1168f78bf7de65e577b5071e0415ae6","0xddd77e91c222e36d4bd5ca8e78682a2172314197","0x0fba475e92cfef19f7dbada8ec2cce4ad7bbc0d9","0xd2ecd0b413c35572276cd62374309e4c7097980c","553633217993079584775086"
"0x19cc112b5ead46b4de132b902a1da0c2bb186dca07ac58a841a214f7ed640ddf-352","28333890","1753763064","0x19cc112b5ead46b4de132b902a1da0c2bb186dca07ac58a841a214f7ed640ddf","0xddd77e91c222e36d4bd5ca8e78682a2172314197","0x0fba475e92cfef19f7dbada8ec2cce4ad7bbc0d9","0x1404e94b7d319e52c0a9f4e119e55a91272be05b","553633217993079584775086"
"0x19d2cf5b7fed1f2ba89537f4aea6d8e405ab1a4543868b58cc58d44f91d2f4e7-234","28382071","1753792150","0x19d2cf5b7fed1f2ba89537f4aea6d8e405ab1a4543868b58cc58d44f91d2f4e7","0xddd77e91c222e36d4bd5ca8e78682a2172314197","0x0fba475e92cfef19f7dbada8ec2cce4ad7bbc0d9","0x535ac3ff07809bbd640a82275ba102a2b08239bf","553633217993079584775086"
"0x19ea133a5b615def2dc7c751a4ed029c51112b7347a97a5c00cc6d591acd7add-217","28343338","1753768772","0x19ea133a5b615def2dc7c751a4ed029c51112b7347a97a5c00cc6d591acd7add","0xddd77e91c222e36d4bd5ca8e78682a2172314197","0x0fba475e92cfef19f7dbada8ec2cce4ad7bbc0d9","0x9efd64997212a8732cc4805b95843b2398c62898","553633217993079584775086"
"0x19f47f42c2b78def48b9bec1dfa397518b2dbecf8432a6b695539d80c5a97b21-120","28368287","1753783812","0x19f47f42c2b78def48b9bec1dfa397518b2dbecf8432a6b695539d80c5a97b21","0xddd77e91c222e36d4bd5ca8e78682a2172314197","0x0fba475e92cfef19f7dbada8ec2cce4ad7bbc0d9","0x985ed79b6a5ce8785f08cf8e2ab0ace89994afba","553633217993079584775086"
"0x1a008196278374d59d0b3cdc0c2902046ed2b023afa6399ef68374c6e8b1a160-19","28359043","1753778229","0x1a008196278374d59d0b3cdc0c2902046ed2b023afa6399ef68374c6e8b1a160","0xddd77e91c222e36d4bd5ca8e78682a2172314197","0x0fba475e92cfef19f7dbada8ec2cce4ad7bbc0d9","0xc4a66e400995eb982ca008146ea2635e90d5dc29","553633217993079584775086"
"0x1a01b0447d12892bf34b3100e2721672196b95615f68e2e133dc37ceaf2e1ec3-35","28332002","1753761952","0x1a01b0447d12892bf34b3100e2721672196b95615f68e2e133dc37ceaf2e1ec3","0xddd77e91c222e36d4bd5ca8e78682a2172314197","0x0fba475e92cfef19f7dbada8ec2cce4ad7bbc0d9","0x6b76b2b1fe7ffb473255ab182514b7733d414f5a","553633217993079584775086"
"0x1a1e127c550fd20e2ccd527ffe5a7e303ccd91e9b4efb1841bc137e4227525b0-72","28393054","1753798717","0x1a1e127c550fd20e2ccd527ffe5a7e303ccd91e9b4efb1841bc137e4227525b0","0xddd77e91c222e36d4bd5ca8e78682a2172314197","0x0fba475e92cfef19f7dbada8ec2cce4ad7bbc0d9","0x3cf3f7ba8172ad50db9286e10c4c3acf46ad9aa4","553633217993079584775086"
"0x1a31b646c793f0cbe8f0728b7fe29730cf7d27ce40b7f2ee59a0f2bf01530928-154","28345290","1753769958","0x1a31b646c793f0cbe8f0728b7fe29730cf7d27ce40b7f2ee59a0f2bf01530928","0xddd77e91c222e36d4bd5ca8e78682a2172314197","0x0fba475e92cfef19f7dbada8ec2cce4ad7bbc0d9","0x09b2eb37d9afa4e358af814069df339f6f5d4430","553633217993079584775086"
"0x1a34b11533912d2aab7752bef469a88a7165b62395dc3a1fc3a3518c5bd673bd-56","28372919","1753786580","0x1a34b11533912d2aab7752bef469a88a7165b62395dc3a1fc3a3518c5bd673bd","0xddd77e91c222e36d4bd5ca8e78682a2172314197","0x0fba475e92cfef19f7dbada8ec2cce4ad7bbc0d9","0x3131b3da24291750b0e0cbe6cf07e243c54bf1fd","553633217993079584775086"
"0x1a34deac56c3885d5ec12f81ed25b984298381dbc9a1a417a064e4fe4c7d5273-107","28340951","1753767337","0x1a34deac56c3885d5ec12f81ed25b984298381dbc9a1a417a064e4fe4c7d5273","0xddd77e91c222e36d4bd5ca8e78682a2172314197","0x0fba475e92cfef19f7dbada8ec2cce4ad7bbc0d9","0x8c84ba68b7e9ad4d901e8254c521f1de7f5d2101","553633217993079584775086"
"0x1a70bb45af6291f6ce27f00faaa04666d2bd4d6d0c94645387e04bb8577138e1-66","28401898","1753804131","0x1a70bb45af6291f6ce27f00faaa04666d2bd4d6d0c94645387e04bb8577138e1","0xddd77e91c222e36d4bd5ca8e78682a2172314197","0x0fba475e92cfef19f7dbada8ec2cce4ad7bbc0d9","0x61141c26eadf1e9fff4473321df006d8614b1c33","553633217993079584775086"
"0x1abef6f7f0c26d15563b116c3b571028f4ba05e0d37c7ce9c1b09f416f62fca0-110","28358088","1753777643","0x1abef6f7f0c26d15563b116c3b571028f4ba05e0d37c7ce9c1b09f416f62fca0","0xddd77e91c222e36d4bd5ca8e78682a2172314197","0x0fba475e92cfef19f7dbada8ec2cce4ad7bbc0d9","0x5568f94d2509d39c481c8917965c34fb19ebf0ce","553633217993079584775086"
"0x1aca9731f42f8f9d69877eb9a9b0d99f0c93e07d40e3f6ee1f4fd56ebe2bcb70-129","28347926","1753771564","0x1aca9731f42f8f9d69877eb9a9b0d99f0c93e07d40e3f6ee1f4fd56ebe2bcb70","0xddd77e91c222e36d4bd5ca8e78682a2172314197","0x0fba475e92cfef19f7dbada8ec2cce4ad7bbc0d9","0x363f495b0e730b41238d970786a5f2bcf952e3ce","553633217993079584775086"
"0x1af4a73b6a3f6f900860f621fbc8d59efcf13216e6938e2b6584401f78eccfae-129","28339002","1753766159","0x1af4a73b6a3f6f900860f621fbc8d59efcf13216e6938e2b6584401f78eccfae","0xddd77e91c222e36d4bd5ca8e78682a2172314197","0x0fba475e92cfef19f7dbada8ec2cce4ad7bbc0d9","0x1d71f1367c86ec2ae2d2fd4bc2e4b135ca7d55ab","553633217993079584775086"
"0x1b064e4c5c82227abcaa1cfbb02367e996048ef2c2cb49cf4b4381a3e8b11436-607","28332164","1753762043","0x1b064e4c5c82227abcaa1cfbb02367e996048ef2c2cb49cf4b4381a3e8b11436","0xddd77e91c222e36d4bd5ca8e78682a2172314197","0x0fba475e92cfef19f7dbada8ec2cce4ad7bbc0d9","0x737f2d24b97238ad681adfcf2be3650fb6236fc7","553633217993079584775086"
"0x1b2299381c5fed3bdf4467326d988ca437f4ab7cb5fec6c3a9d74283ffdbc285-208","28354494","1753775476","0x1b2299381c5fed3bdf4467326d988ca437f4ab7cb5fec6c3a9d74283ffdbc285","0xddd77e91c222e36d4bd5ca8e78682a2172314197","0x0fba475e92cfef19f7dbada8ec2cce4ad7bbc0d9","0x4e0f4ee02aa33eb26bcaf2c4e6b7289de829071a","553633217993079584775086"
"0x1b40b4764d042f7f560d9f4208e9f3a30e2cb6efd6c05c827aa41904afd88cd0-346","28356810","1753776865","0x1b40b4764d042f7f560d9f4208e9f3a30e2cb6efd6c05c827aa41904afd88cd0","0xddd77e91c222e36d4bd5ca8e78682a2172314197","0x0fba475e92cfef19f7dbada8ec2cce4ad7bbc0d9","0x16bfd3052b35fd323c7ab061db6b4112ad157af1","553633217993079584775086"
"0x1b5be9155c66fc8b75d15ed8186e83eeb7b97fecf53adbc5c1819a54763abc13-195","28374190","1753787361","0x1b5be9155c66fc8b75d15ed8186e83eeb7b97fecf53adbc5c1819a54763abc13","0xddd77e91c222e36d4bd5ca8e78682a2172314197","0x0fba475e92cfef19f7dbada8ec2cce4ad7bbc0d9","0x0a53a56dcb4b215990f04b6ec2e3ca7a32b174ba","553633217993079584775086"
"0x1b82f0162bbe0575e780d5f394628060635a98a1ce8f5e0b353f5adbda381df6-25","28377082","1753789116","0x1b82f0162bbe0575e780d5f394628060635a98a1ce8f5e0b353f5adbda381df6","0xddd77e91c222e36d4bd5ca8e78682a2172314197","0x0fba475e92cfef19f7dbada8ec2cce4ad7bbc0d9","0xc3efec1be8d1d60da22e835afaa89844b4ce89a5","553633217993079584775086"
"0x1b89a35f0a2601faa1625013f89db417b5f08e474a6fed633b1c708edfdb0fb0-118","28400798","1753803443","0x1b89a35f0a2601faa1625013f89db417b5f08e474a6fed633b1c708edfdb0fb0","0xddd77e91c222e36d4bd5ca8e78682a2172314197","0x0fba475e92cfef19f7dbada8ec2cce4ad7bbc0d9","0x6ead2d8e3706897c12f3a310057b61b6ae186633","553633217993079584775086"
"0x1b926e5671575d390e5f41a6c95917755fd720f3ecf6536c1da29e49933360c0-66","28338557","1753765887","0x1b926e5671575d390e5f41a6c95917755fd720f3ecf6536c1da29e49933360c0","0xddd77e91c222e36d4bd5ca8e78682a2172314197","0x0fba475e92cfef19f7dbada8ec2cce4ad7bbc0d9","0xd9f735e64919d2cb0e4abc384a4bb4d3bbfc3ecb","553633217993079584775086"
"0x1b960ccbe43a720cdc5219a11e1cb614325b8cb2c7bf9db95a80809f39e9f326-63","28361353","1753779616","0x1b960ccbe43a720cdc5219a11e1cb614325b8cb2c7bf9db95a80809f39e9f326","0xddd77e91c222e36d4bd5ca8e78682a2172314197","0x0fba475e92cfef19f7dbada8ec2cce4ad7bbc0d9","0x7b169e4d84c1a779540f4400d4a57e87eb95ff8a","553633217993079584775086"
"0x1ba9a83b408274a189b5bd2fa1798166e0bb325aad4c9775150b6b7b2aaf605e-612","28334985","1753763769","0x1ba9a83b408274a189b5bd2fa1798166e0bb325aad4c9775150b6b7b2aaf605e","0xddd77e91c222e36d4bd5ca8e78682a2172314197","0x0fba475e92cfef19f7dbada8ec2cce4ad7bbc0d9","0x9a2edea55ffa2cf77d21474d5987b7eb5cd8ff38","553633217993079584775086"
"0x1bf7160a6e04b9e8f3a65e0b830131c6051950b2abbadd8b7af50cc897002b40-3","28385753","1753794345","0x1bf7160a6e04b9e8f3a65e0b830131c6051950b2abbadd8b7af50cc897002b40","0xddd77e91c222e36d4bd5ca8e78682a2172314197","0x0fba475e92cfef19f7dbada8ec2cce4ad7bbc0d9","0xccf3a450ed05fceaf68a799d3726e4ff142b10b6","553633217993079584775086"
"0x1c0346ebd98f3a45c7b05d9098a79e2ea75972203574042d82b5f0d6747f455e-752","28360842","1753779314","0x1c0346ebd98f3a45c7b05d9098a79e2ea75972203574042d82b5f0d6747f455e","0xddd77e91c222e36d4bd5ca8e78682a2172314197","0x0fba475e92cfef19f7dbada8ec2cce4ad7bbc0d9","0x97d1a0666200f16f8ae5bddb245c28624cf511d7","553633217993079584775086"
"0x1c09f75afaf3663c5aff961558ee849fdb22d4735c1efb6db470bf4f9966b172-14","28386657","1753794859","0x1c09f75afaf3663c5aff961558ee849fdb22d4735c1efb6db470bf4f9966b172","0xddd77e91c222e36d4bd5ca8e78682a2172314197","0x0fba475e92cfef19f7dbada8ec2cce4ad7bbc0d9","0x4936df468f6edd761edbf513f6661684a0c06596","553633217993079584775086"
"0x1c125fb0a53a35554a0972f7ba8b5f6ba9518f84cb5cf3292eae875d52207dc7-272","28374337","1753787449","0x1c125fb0a53a35554a0972f7ba8b5f6ba9518f84cb5cf3292eae875d52207dc7","0xddd77e91c222e36d4bd5ca8e78682a2172314197","0x0fba475e92cfef19f7dbada8ec2cce4ad7bbc0d9","0xc23346e9c6ae57755ef421758d68ae281b30c5b0","553633217993079584775086"
"0x1c1b9257581c90a10e29dd52f120591f983d2fcedfe088638e3bade80a9d646e-20","28358319","1753777784","0x1c1b9257581c90a10e29dd52f120591f983d2fcedfe088638e3bade80a9d646e","0xddd77e91c222e36d4bd5ca8e78682a2172314197","0x0fba475e92cfef19f7dbada8ec2cce4ad7bbc0d9","0x1e7755ebd20417c2cb0d15ad508e1e7e878f5e2d","553633217993079584775086"
"0x1c2995fded3b47877ce0eb58e78849491400f73a586b7b1340bc3d77b6e3644a-98","28345377","1753770009","0x1c2995fded3b47877ce0eb58e78849491400f73a586b7b1340bc3d77b6e3644a","0xddd77e91c222e36d4bd5ca8e78682a2172314197","0x0fba475e92cfef19f7dbada8ec2cce4ad7bbc0d9","0x60fd1113e34c9d140c39b510c7d4a16f94c19849","553633217993079584775086"
"0x1c2e85f2954fcd1afcf8e149fbb03f6bedea4d31bd19231c0f5ce5b9085cff9d-932","28409028","1753808427","0x1c2e85f2954fcd1afcf8e149fbb03f6bedea4d31bd19231c0f5ce5b9085cff9d","0xddd77e91c222e36d4bd5ca8e78682a2172314197","0x0fba475e92cfef19f7dbada8ec2cce4ad7bbc0d9","0xab71ae67b4f1735234eed73696023f75e219213f","553633217993079584775086"
"0x1c4b787fee1d60c23f5703147a6068da48adbb7e275050768ecfe2c5b7b00d5d-112","28353428","1753774844","0x1c4b787fee1d60c23f5703147a6068da48adbb7e275050768ecfe2c5b7b00d5d","0xddd77e91c222e36d4bd5ca8e78682a2172314197","0x0fba475e92cfef19f7dbada8ec2cce4ad7bbc0d9","0xa6285cc5e24a3e7ae1a716351c770db80a3d1475","553633217993079584775086"
"0x1c4d640b9570c201be6d811c157ffa256e287ca7376340572ca563d686f0e4f1-138","28364570","1753781562","0x1c4d640b9570c201be6d811c157ffa256e287ca7376340572ca563d686f0e4f1","0xddd77e91c222e36d4bd5ca8e78682a2172314197","0x0fba475e92cfef19f7dbada8ec2cce4ad7bbc0d9","0x9df0ea1d6f4b6f05b6fe804ec5a590d9b6161fca","553633217993079584775086"
"0x1c587fd505b80d43323e90ed06f6cc1b888237d3b57ef39c1fd465ae53d13d53-723","28366859","1753782958","0x1c587fd505b80d43323e90ed06f6cc1b888237d3b57ef39c1fd465ae53d13d53","0xddd77e91c222e36d4bd5ca8e78682a2172314197","0x0fba475e92cfef19f7dbada8ec2cce4ad7bbc0d9","0x3f77780c31b40ef79f91a5d287c10fb516d11464","553633217993079584775086"
"0x1c6fd6dc8544bbd2c3b11c2ae956721ed6d5c74593ebdb5c9c5ad0c6008807a1-16","28338270","1753765714","0x1c6fd6dc8544bbd2c3b11c2ae956721ed6d5c74593ebdb5c9c5ad0c6008807a1","0xddd77e91c222e36d4bd5ca8e78682a2172314197","0x0fba475e92cfef19f7dbada8ec2cce4ad7bbc0d9","0xfcc89f51dcaae6c2bf36af26459b02a2156883a5","553633217993079584775086"
"0x1c7fae0dc7c98ca66d73e829a7a79ef24b0885a8ed594d9b2d29d8a3ca5e07b8-107","28338434","1753765811","0x1c7fae0dc7c98ca66d73e829a7a79ef24b0885a8ed594d9b2d29d8a3ca5e07b8","0xddd77e91c222e36d4bd5ca8e78682a2172314197","0x0fba475e92cfef19f7dbada8ec2cce4ad7bbc0d9","0x05d5f06b96b29566b1db4acd0405f11d24dc7a52","553633217993079584775086"
"0x1c851fe77ae46d8d7e37a1cd8ae51a32be20d9e30a091684527dc46eac66c6d3-146","28358056","1753777625","0x1c851fe77ae46d8d7e37a1cd8ae51a32be20d9e30a091684527dc46eac66c6d3","0xddd77e91c222e36d4bd5ca8e78682a2172314197","0x0fba475e92cfef19f7dbada8ec2cce4ad7bbc0d9","0xa2e04397b28197566669a72b4901661ca70e9113","553633217993079584775086"
"0x1cbbed34c9f2ee8c55b0e3911527ede8319e7a6007e8633767191355288e4072-70","28400229","1753803098","0x1cbbed34c9f2ee8c55b0e3911527ede8319e7a6007e8633767191355288e4072","0xddd77e91c222e36d4bd5ca8e78682a2172314197","0x0fba475e92cfef19f7dbada8ec2cce4ad7bbc0d9","0xc4cb6d9ff099947eb4dcc4ab0a5240a0d3b7f819","553633217993079584775086"
"0x1cfbc6fb1bb74749f8d2ee4f25073477dc111d6342ad59fe9b7d2f7eb47b88dc-152","28366163","1753782526","0x1cfbc6fb1bb74749f8d2ee4f25073477dc111d6342ad59fe9b7d2f7eb47b88dc","0xddd77e91c222e36d4bd5ca8e78682a2172314197","0x0fba475e92cfef19f7dbada8ec2cce4ad7bbc0d9","0xcae6fdc8d455fae8d9d5fecf786f8edffa34a55a","553633217993079584775086"
"0x1d1be6690d8dfd9cc14ed825915ed85b7242815eff5259cebf364effcfe7e31c-62","28332896","1753762486","0x1d1be6690d8dfd9cc14ed825915ed85b7242815eff5259cebf364effcfe7e31c","0xddd77e91c222e36d4bd5ca8e78682a2172314197","0x0fba475e92cfef19f7dbada8ec2cce4ad7bbc0d9","0xe4a926709f51c97e622c19491aa0f2bb62fd00cd","553633217993079584775086"
"0x1d3866bd031f7abd19b7dd244252358a9f9f98506251e5ff2b93968dadd4bfdf-47","28391393","1753797718","0x1d3866bd031f7abd19b7dd244252358a9f9f98506251e5ff2b93968dadd4bfdf","0xddd77e91c222e36d4bd5ca8e78682a2172314197","0x0fba475e92cfef19f7dbada8ec2cce4ad7bbc0d9","0xe6903f4e588a990ea951a70bac59a80c82cc03d6","553633217993079584775086"
"0x1d3b33c0a03a0f7e59e9f9f4b89b25b8eacb4adfc24234580f01ceffcf49382f-373","28351973","1753773963","0x1d3b33c0a03a0f7e59e9f9f4b89b25b8eacb4adfc24234580f01ceffcf49382f","0xddd77e91c222e36d4bd5ca8e78682a2172314197","0x0fba475e92cfef19f7dbada8ec2cce4ad7bbc0d9","0x82efb1d4cb579a1f98cbf45b6b4dd9bdf54ac55c","553633217993079584775086"
"0x1d5359c828bb1fb4e5874d8c3e94b3376dffad4120286e0a48bd5936f392337e-144","28375670","1753788270","0x1d5359c828bb1fb4e5874d8c3e94b3376dffad4120286e0a48bd5936f392337e","0xddd77e91c222e36d4bd5ca8e78682a2172314197","0x0fba475e92cfef19f7dbada8ec2cce4ad7bbc0d9","0xf478896b34de10dffa5b8a107173e1d8fa2f0d13","553633217993079584775086"
"0x1d7b1c1b9b694b560b301adcf04e1829f611d7a5a0981deb51c3ae4db9afe4b2-150","28353189","1753774699","0x1d7b1c1b9b694b560b301adcf04e1829f611d7a5a0981deb51c3ae4db9afe4b2","0xddd77e91c222e36d4bd5ca8e78682a2172314197","0x0fba475e92cfef19f7dbada8ec2cce4ad7bbc0d9","0x5e8dcc2618c7239567691701202545f8408fbc2e","553633217993079584775086"
"0x1d825cd62ecf5fba4914cc8e07db9eefbb2f60474bc4886725d082a0f6c8a856-53","28337651","1753765358","0x1d825cd62ecf5fba4914cc8e07db9eefbb2f60474bc4886725d082a0f6c8a856","0xddd77e91c222e36d4bd5ca8e78682a2172314197","0x0fba475e92cfef19f7dbada8ec2cce4ad7bbc0d9","0xd57d6a9ad2273e25c1304419256723b4b9e1607a","553633217993079584775086"
"0x1d9afd293dfcc52d6e73817faa73d0da1aa9543a3ffe8ad86fae709b3f95f598-345","28346467","1753770674","0x1d9afd293dfcc52d6e73817faa73d0da1aa9543a3ffe8ad86fae709b3f95f598","0xddd77e91c222e36d4bd5ca8e78682a2172314197","0x0fba475e92cfef19f7dbada8ec2cce4ad7bbc0d9","0x14667967ed8b0fbbccc93417ab14ee12e9de9d77","553633217993079584775086"
"0x1d9f05627ddd9f20ab7342c953d92d23d10978b920539e28ca8cceb113941a3a-250","28339945","1753766743","0x1d9f05627ddd9f20ab7342c953d92d23d10978b920539e28ca8cceb113941a3a","0xddd77e91c222e36d4bd5ca8e78682a2172314197","0x0fba475e92cfef19f7dbada8ec2cce4ad7bbc0d9","0x7a313e4a74bc25f9a4e94301b81b8dd3b277ad4f","553633217993079584775086"
"0x1da894d4d1418080b2d18c2e6b5f6e7e5758583622e8263de2db85f287ce2ea6-661","28388216","1753795759","0x1da894d4d1418080b2d18c2e6b5f6e7e5758583622e8263de2db85f287ce2ea6","0xddd77e91c222e36d4bd5ca8e78682a2172314197","0x0fba475e92cfef19f7dbada8ec2cce4ad7bbc0d9","0xa51ebec3a12d545040dfb313e33a8052055a90fb","553633217993079584775086"
"0x1dab8b23ecc7d5e248c2158fc42206a8dc7265743fc290e103a65f604eaaf615-7","28359559","1753778546","0x1dab8b23ecc7d5e248c2158fc42206a8dc7265743fc290e103a65f604eaaf615","0xddd77e91c222e36d4bd5ca8e78682a2172314197","0x0fba475e92cfef19f7dbada8ec2cce4ad7bbc0d9","0xce151f1226aa865a9fc4d1ca7ff7ec9175629309","553633217993079584775086"
"0x1db7b348d467b60f99a2a739c5c2573c200085e8eab9737c9b3d1d17e51af668-56","28337137","1753765051","0x1db7b348d467b60f99a2a739c5c2573c200085e8eab9737c9b3d1d17e51af668","0xddd77e91c222e36d4bd5ca8e78682a2172314197","0x0fba475e92cfef19f7dbada8ec2cce4ad7bbc0d9","0x5aab78097cef448f163a571732c68c5ef6bae3d4","553633217993079584775086"
"0x1dddd8b8aca657a58877cc72dff1d25be602959dfb7b6e2a8941318354f0e233-130","28381483","1753791785","0x1dddd8b8aca657a58877cc72dff1d25be602959dfb7b6e2a8941318354f0e233","0xddd77e91c222e36d4bd5ca8e78682a2172314197","0x0fba475e92cfef19f7dbada8ec2cce4ad7bbc0d9","0x7755ee02d3e90a7c617feee8ba3f42c6ce918a41","553633217993079584775086"
"0x1de72de3905a535a92bca91d5b585d149ba176f2741ab5911c76943c1d36cd6f-30","28330798","1753761242","0x1de72de3905a535a92bca91d5b585d149ba176f2741ab5911c76943c1d36cd6f","0xddd77e91c222e36d4bd5ca8e78682a2172314197","0x0fba475e92cfef19f7dbada8ec2cce4ad7bbc0d9","0x06bb1d1e627e8461911fa00299628b64e1453ec3","553633217993079584775086"
"0x1e0ced2be301eb616c69f9d0a5d679376126e5eeab521e2f64d9b150b86200a7-96","28390285","1753797027","0x1e0ced2be301eb616c69f9d0a5d679376126e5eeab521e2f64d9b150b86200a7","0xddd77e91c222e36d4bd5ca8e78682a2172314197","0x0fba475e92cfef19f7dbada8ec2cce4ad7bbc0d9","0xbab4296aa88c175abdbb17fefa629f63aee066ac","553633217993079584775086"
"0x1e2fbe825fc1685be1ee6d4b711ff710fdd98340f7a348a07f50f4b78b0f36ce-20","28352973","1753774570","0x1e2fbe825fc1685be1ee6d4b711ff710fdd98340f7a348a07f50f4b78b0f36ce","0xddd77e91c222e36d4bd5ca8e78682a2172314197","0x0fba475e92cfef19f7dbada8ec2cce4ad7bbc0d9","0x4ed9d0e1657c56e900eb6c590f67856404abcf7a","553633217993079584775086"
"0x1e3e99303e3f38ab1b0cadae6d992dc839150a4a7184068d6f3c85817ca8ed20-64","28334455","1753763429","0x1e3e99303e3f38ab1b0cadae6d992dc839150a4a7184068d6f3c85817ca8ed20","0xddd77e91c222e36d4bd5ca8e78682a2172314197","0x0fba475e92cfef19f7dbada8ec2cce4ad7bbc0d9","0x49149f2749cca92257f928dd45fcdc7f473316f3","553633217993079584775086"
"0x1e541039c656a1a3d434c06ee1f311c1f339b7ae3e81485cbba69a0ce558e861-19","28379116","1753790343","0x1e541039c656a1a3d434c06ee1f311c1f339b7ae3e81485cbba69a0ce558e861","0xddd77e91c222e36d4bd5ca8e78682a2172314197","0x0fba475e92cfef19f7dbada8ec2cce4ad7bbc0d9","0xca420ff4c3304b72983417d686b717daee9fc968","553633217993079584775086"
"0x1e93ec2dd9c61f3742cd982f4ed038abe97fbe232c5d4cd2f234735602e09c92-65","28337358","1753765179","0x1e93ec2dd9c61f3742cd982f4ed038abe97fbe232c5d4cd2f234735602e09c92","0xddd77e91c222e36d4bd5ca8e78682a2172314197","0x0fba475e92cfef19f7dbada8ec2cce4ad7bbc0d9","0xc22468405bb48d98138aa1f819d1978df70b190c","553633217993079584775086"
"0x1e9a704873efa9e2a39701610af6c6c2923d7ce579beacdfb8d13df9623dd5fa-107","28362421","1753780264","0x1e9a704873efa9e2a39701610af6c6c2923d7ce579beacdfb8d13df9623dd5fa","0xddd77e91c222e36d4bd5ca8e78682a2172314197","0x0fba475e92cfef19f7dbada8ec2cce4ad7bbc0d9","0xf49c06e740e61b1b520ba485791b2afec4f44327","553633217993079584775086"
"0x1ea265776f023abf086e22afe4f2c9c3bb7712ae07beb822ee5676a24e6892af-86","28396383","1753800733","0x1ea265776f023abf086e22afe4f2c9c3bb7712ae07beb822ee5676a24e6892af","0xddd77e91c222e36d4bd5ca8e78682a2172314197","0x0fba475e92cfef19f7dbada8ec2cce4ad7bbc0d9","0xc6f9a3950b198a453ac589d9032e6d1838a744f3","553633217993079584775086"
"0x1ea89d6ecf7e5979b35119662260ca1938cf50893d7cddb6c34e1cc20da56389-36","28368623","1753784025","0x1ea89d6ecf7e5979b35119662260ca1938cf50893d7cddb6c34e1cc20da56389","0xddd77e91c222e36d4bd5ca8e78682a2172314197","0x0fba475e92cfef19f7dbada8ec2cce4ad7bbc0d9","0x501ae8cf35082b6425ead8d71f0fbf5cd74d9803","553633217993079584775086"
"0x1eaa5c9343987cfa6d5d851223ec4739053e789fb3a144a9d702b8463242774e-15","28354752","1753775624","0x1eaa5c9343987cfa6d5d851223ec4739053e789fb3a144a9d702b8463242774e","0xddd77e91c222e36d4bd5ca8e78682a2172314197","0x0fba475e92cfef19f7dbada8ec2cce4ad7bbc0d9","0x17ade3af86671485a90d4a91311899a2c341ec8d","553633217993079584775086"
"0x1eb3a7d9da5dc02b930fd3b4b632a667cdbca88ca2442bce7a1df1fae424f3a6-42","28339176","1753766282","0x1eb3a7d9da5dc02b930fd3b4b632a667cdbca88ca2442bce7a1df1fae424f3a6","0xddd77e91c222e36d4bd5ca8e78682a2172314197","0x0fba475e92cfef19f7dbada8ec2cce4ad7bbc0d9","0xa20f42b32e56b7cd14cda8d6ab910845f3cbdf1b","553633217993079584775086"
"0x1edc0112f181c563153b37ee682853cbbbf66db1241efdcf8abdee231a7cfaa4-144","28400050","1753802981","0x1edc0112f181c563153b37ee682853cbbbf66db1241efdcf8abdee231a7cfaa4","0xddd77e91c222e36d4bd5ca8e78682a2172314197","0x0fba475e92cfef19f7dbada8ec2cce4ad7bbc0d9","0x96f4e79d7e0f246c92fcf56888402d69cfa3e108","553633217993079584775086"
"0x1ee716ab4f678bfe77b6733df699e984cad8daed6fb69c6b15964e9fc7b2731a-47","28401219","1753803686","0x1ee716ab4f678bfe77b6733df699e984cad8daed6fb69c6b15964e9fc7b2731a","0xddd77e91c222e36d4bd5ca8e78682a2172314197","0x0fba475e92cfef19f7dbada8ec2cce4ad7bbc0d9","0xa56518e47b4cf98a1d456aa82ea139175de64c0c","553633217993079584775086"
"0x1ee8fc798358d38c0052d629a8a22f2039b67afbb503c4cc5295edea1152bcc1-87","28344699","1753769597","0x1ee8fc798358d38c0052d629a8a22f2039b67afbb503c4cc5295edea1152bcc1","0xddd77e91c222e36d4bd5ca8e78682a2172314197","0x0fba475e92cfef19f7dbada8ec2cce4ad7bbc0d9","0xffa10908df136970b9abe63a88a966ec3fc45de4","553633217993079584775086"
"0x1ef5781d9e0ef454877c493e65a1f31b0b6c71267ceb22f9b43badabef6226d1-165","28353029","1753774605","0x1ef5781d9e0ef454877c493e65a1f31b0b6c71267ceb22f9b43badabef6226d1","0xddd77e91c222e36d4bd5ca8e78682a2172314197","0x0fba475e92cfef19f7dbada8ec2cce4ad7bbc0d9","0x27e2a3aad9159d54a9d369573cf3608184fbebe0","553633217993079584775086"
"0x1f01f8b5cc1ea87fa28bf7be3f36b24d6fed4699bdc87137939965d8bf020af9-187","28354622","1753775554","0x1f01f8b5cc1ea87fa28bf7be3f36b24d6fed4699bdc87137939965d8bf020af9","0xddd77e91c222e36d4bd5ca8e78682a2172314197","0x0fba475e92cfef19f7dbada8ec2cce4ad7bbc0d9","0xaf2b828a690ce29daf307c32eeec38ab32185604","553633217993079584775086"
"0x1f05c900cc77f90a88d14919167d867a2e055c6bdc605fc12d5b53ecf1f9972f-233","28352333","1753774185","0x1f05c900cc77f90a88d14919167d867a2e055c6bdc605fc12d5b53ecf1f9972f","0xddd77e91c222e36d4bd5ca8e78682a2172314197","0x0fba475e92cfef19f7dbada8ec2cce4ad7bbc0d9","0xc1e85cfb1b2cbfa0307354d5c180b8ab18a4b403","553633217993079584775086"
"0x1f38812496b532816394e837f2530e65162512a8f28749c804645e1f67cf15d4-701","28367291","1753783214","0x1f38812496b532816394e837f2530e65162512a8f28749c804645e1f67cf15d4","0xddd77e91c222e36d4bd5ca8e78682a2172314197","0x0fba475e92cfef19f7dbada8ec2cce4ad7bbc0d9","0xe5c83b50efac171ec3d6741cf8b01f71625dfd49","553633217993079584775086"
"0x1f4836b078194a1bd2deec35924e666ce66d0379539af19148b41c5fc0a13137-691","28382428","1753792373","0x1f4836b078194a1bd2deec35924e666ce66d0379539af19148b41c5fc0a13137","0xddd77e91c222e36d4bd5ca8e78682a2172314197","0x0fba475e92cfef19f7dbada8ec2cce4ad7bbc0d9","0x3c65e12bc76ba785aa050b4ee4824b887e4a0fe6","553633217993079584775086"
"0x1f64babbd13eb030d9e7aa92bb16dc1aed495f052eec5344de8b8995c32fad07-4","28359855","1753778711","0x1f64babbd13eb030d9e7aa92bb16dc1aed495f052eec5344de8b8995c32fad07","0xddd77e91c222e36d4bd5ca8e78682a2172314197","0x0fba475e92cfef19f7dbada8ec2cce4ad7bbc0d9","0xfe175712b575289b6955ff0de364be5756db9149","553633217993079584775086"
"0x1f90a3366d27a47e7f87b5a3f4362ba7e1a385efd4178013ffb7f713d5da36d3-49","28357605","1753777353","0x1f90a3366d27a47e7f87b5a3f4362ba7e1a385efd4178013ffb7f713d5da36d3","0xddd77e91c222e36d4bd5ca8e78682a2172314197","0x0fba475e92cfef19f7dbada8ec2cce4ad7bbc0d9","0x79d151953787217441c60be16948fb38c1fff970","553633217993079584775086"
"0x1fac7b3e730bf5a80ada03986c60336a3356790729656f4f97edc2f5c803140c-4","28372781","1753786488","0x1fac7b3e730bf5a80ada03986c60336a3356790729656f4f97edc2f5c803140c","0xddd77e91c222e36d4bd5ca8e78682a2172314197","0x0fba475e92cfef19f7dbada8ec2cce4ad7bbc0d9","0xd82313eb6b6818e14949e92082f522293bd23ddc","553633217993079584775086"
"0x1fd42523599508731979a00bf7fddaa1cc0bd58bec19450ad24248e95e7e32b3-110","28330222","1753760881","0x1fd42523599508731979a00bf7fddaa1cc0bd58bec19450ad24248e95e7e32b3","0xddd77e91c222e36d4bd5ca8e78682a2172314197","0x0fba475e92cfef19f7dbada8ec2cce4ad7bbc0d9","0xc260bc80015f7dfe8e2235fdf5e3f1476e78e71a","553633217993079584775086"
"0x1fdb3e19de7a701f7ceeb7cffe642a4a9afba9e29501ccfe0a8f9b6eb1350988-61","28356702","1753776799","0x1fdb3e19de7a701f7ceeb7cffe642a4a9afba9e29501ccfe0a8f9b6eb1350988","0xddd77e91c222e36d4bd5ca8e78682a2172314197","0x0fba475e92cfef19f7dbada8ec2cce4ad7bbc0d9","0xbe925ae7548659b8e6cf7525d93569fb03a5f765","553633217993079584775086"
"0x2002760370fa70cdb503ea91003a0fa1dc6789425e83da35e339e8fb520bd282-209","28361917","1753779959","0x2002760370fa70cdb503ea91003a0fa1dc6789425e83da35e339e8fb520bd282","0xddd77e91c222e36d4bd5ca8e78682a2172314197","0x0fba475e92cfef19f7dbada8ec2cce4ad7bbc0d9","0xc1f3d85c96483fd626cd68df5d8128412593824a","553633217993079584775086"
"0x200cbeeeeb416234bad891c4d1a6cd1432cf1b859f93b4d91a4a27a9d03c07b7-94","28331390","1753761605","0x200cbeeeeb416234bad891c4d1a6cd1432cf1b859f93b4d91a4a27a9d03c07b7","0xddd77e91c222e36d4bd5ca8e78682a2172314197","0x0fba475e92cfef19f7dbada8ec2cce4ad7bbc0d9","0xfebae8100a833c481250fdfb08db567216e15357","553633217993079584775086"
"0x2017e7609de2ac585bceece2d33823581a065fc70af4aa72d5b054489b756b5a-166","28353882","1753775103","0x2017e7609de2ac585bceece2d33823581a065fc70af4aa72d5b054489b756b5a","0xddd77e91c222e36d4bd5ca8e78682a2172314197","0x0fba475e92cfef19f7dbada8ec2cce4ad7bbc0d9","0x95e73372035a3d087399d14bf471adabf6956827","553633217993079584775086"
"0x203d3903742d30237c9919f16a89b950046887b6f6483d8ffbc4ca13b543466e-64","28349687","1753772596","0x203d3903742d30237c9919f16a89b950046887b6f6483d8ffbc4ca13b543466e","0xddd77e91c222e36d4bd5ca8e78682a2172314197","0x0fba475e92cfef19f7dbada8ec2cce4ad7bbc0d9","0xd6126d0672ce8b081c714dd1890e62d3b95035c9","553633217993079584775086"
"0x20635c4986803464ab72dc2f595a60c1a2209d6b23b0e5b6c5ba2958677984f7-84","28330312","1753760938","0x20635c4986803464ab72dc2f595a60c1a2209d6b23b0e5b6c5ba2958677984f7","0xddd77e91c222e36d4bd5ca8e78682a2172314197","0x0fba475e92cfef19f7dbada8ec2cce4ad7bbc0d9","0x1005f1a93d7a1a96453e546507f0415cc9af91b5","553633217993079584775086"
"0x20a86719ae20e38db5afeb049ddd80b628e2dbe7d000e8f38bba4790d7f46743-8","28390856","1753797396","0x20a86719ae20e38db5afeb049ddd80b628e2dbe7d000e8f38bba4790d7f46743","0xddd77e91c222e36d4bd5ca8e78682a2172314197","0x0fba475e92cfef19f7dbada8ec2cce4ad7bbc0d9","0xa36fbe6b4093535f488e13e38f83378103c484f7","553633217993079584775086"
"0x20ab81e34435fc7470dea76a96a7cb2643527592b4f561733c8c2e221707706d-19","28358330","1753777790","0x20ab81e34435fc7470dea76a96a7cb2643527592b4f561733c8c2e221707706d","0xddd77e91c222e36d4bd5ca8e78682a2172314197","0x0fba475e92cfef19f7dbada8ec2cce4ad7bbc0d9","0xf472f3b0da2755be91583df66fad821e5d8265be","553633217993079584775086"
"0x2101ac1a072c4e5a0c9f1dab97d2f556a05d47efe425b8096eb714a04725dc37-233","28350074","1753772833","0x2101ac1a072c4e5a0c9f1dab97d2f556a05d47efe425b8096eb714a04725dc37","0xddd77e91c222e36d4bd5ca8e78682a2172314197","0x0fba475e92cfef19f7dbada8ec2cce4ad7bbc0d9","0xc5b28f4d6a8f4e723fbf9e7ebef96ad22db4537e","553633217993079584775086"
"0x211c8902c8d929c64cadad974ba89523e0727c770d759a7cc3830f910c1fa6a2-207","28337858","1753765474","0x211c8902c8d929c64cadad974ba89523e0727c770d759a7cc3830f910c1fa6a2","0xddd77e91c222e36d4bd5ca8e78682a2172314197","0x0fba475e92cfef19f7dbada8ec2cce4ad7bbc0d9","0x38de982b34551657373e8c7352f4ab7fe02825b4","553633217993079584775086"
"0x2128387f3f62ff7d1d51d377a2946106f4647192f14d4a0bd11f77b607a5c8a8-138","28393419","1753798943","0x2128387f3f62ff7d1d51d377a2946106f4647192f14d4a0bd11f77b607a5c8a8","0xddd77e91c222e36d4bd5ca8e78682a2172314197","0x0fba475e92cfef19f7dbada8ec2cce4ad7bbc0d9","0x47c8a5b1c8fd107052de1134387a977eeddb80d6","553633217993079584775086"
"0x2132027813418e26213303e7b754758714a65f01dcf95156251fa01f3a2ed230-149","28409680","1753808808","0x2132027813418e26213303e7b754758714a65f01dcf95156251fa01f3a2ed230","0xddd77e91c222e36d4bd5ca8e78682a2172314197","0x0fba475e92cfef19f7dbada8ec2cce4ad7bbc0d9","0x675f7ac9178d44e50095bc8c3ba062f93db5140d","553633217993079584775086"
"0x214e9842d62165e272d16089edf00d8c145c4a9919543ce3067168df87ce3205-98","28386807","1753794946","0x214e9842d62165e272d16089edf00d8c145c4a9919543ce3067168df87ce3205","0xddd77e91c222e36d4bd5ca8e78682a2172314197","0x0fba475e92cfef19f7dbada8ec2cce4ad7bbc0d9","0x93182d71a761a91ad9191cf6f2a410dca61a9cd2","553633217993079584775086"
"0x2156ae5166786668235a42a98cdb9468ab925ea1e61f208dd184136b6ca79b9a-118","28341423","1753767614","0x2156ae5166786668235a42a98cdb9468ab925ea1e61f208dd184136b6ca79b9a","0xddd77e91c222e36d4bd5ca8e78682a2172314197","0x0fba475e92cfef19f7dbada8ec2cce4ad7bbc0d9","0x3191abdcb70bb86bf7136c23863c5fe3adb59557","553633217993079584775086"
"0x2159987ca7db5c1b593ad381d3b8ff3f0a82d23c097a668d61bb08f73548fb58-24","28337630","1753765343","0x2159987ca7db5c1b593ad381d3b8ff3f0a82d23c097a668d61bb08f73548fb58","0xddd77e91c222e36d4bd5ca8e78682a2172314197","0x0fba475e92cfef19f7dbada8ec2cce4ad7bbc0d9","0x50e49a3237454e3538bcccee025282e30e2c509d","553633217993079584775086"
"0x21602b8a5a8e1541e9b4bd9b824ace2455ac2631b6851ca3d41d12dfcecb7931-89","28396090","1753800554","0x21602b8a5a8e1541e9b4bd9b824ace2455ac2631b6851ca3d41d12dfcecb7931","0xddd77e91c222e36d4bd5ca8e78682a2172314197","0x0fba475e92cfef19f7dbada8ec2cce4ad7bbc0d9","0x2ffbd84d94b23cfc049c6d35f07082cbf8ef143a","553633217993079584775086"
"0x2161d0cb209f8ffe9119a68906451018c2362305ef7b715a6bf688554b5fa174-12","28343700","1753769011","0x2161d0cb209f8ffe9119a68906451018c2362305ef7b715a6bf688554b5fa174","0xddd77e91c222e36d4bd5ca8e78682a2172314197","0x0fba475e92cfef19f7dbada8ec2cce4ad7bbc0d9","0x17a5f4a13cba523612c8f35af7c09647cff82311","553633217993079584775086"
"0x2163c83687066b02e182413272f651b39f5f58a66eb131a6086c49a2f93dab43-112","28398945","1753802279","0x2163c83687066b02e182413272f651b39f5f58a66eb131a6086c49a2f93dab43","0xddd77e91c222e36d4bd5ca8e78682a2172314197","0x0fba475e92cfef19f7dbada8ec2cce4ad7bbc0d9","0x02fded18dc9724bb6d94401600a6206ba34923ef","553633217993079584775086"
"0x21922854a56af85aae92aabcba0d52990127107172769071dccd3817b8552bba-97","28342375","1753768159","0x21922854a56af85aae92aabcba0d52990127107172769071dccd3817b8552bba","0xddd77e91c222e36d4bd5ca8e78682a2172314197","0x0fba475e92cfef19f7dbada8ec2cce4ad7bbc0d9","0xcc4dc2df78bbc68f917baca4ffc5e57e87e0b4a5","553633217993079584775086"
"0x2193149943062e90512d2ddbeab7755fb9a0617d88dd093fe4eb8f3b9a10cc90-15","28372323","1753786209","0x2193149943062e90512d2ddbeab7755fb9a0617d88dd093fe4eb8f3b9a10cc90","0xddd77e91c222e36d4bd5ca8e78682a2172314197","0x0fba475e92cfef19f7dbada8ec2cce4ad7bbc0d9","0x54831945c4e4d4c13e04b7bf26f33dce3e9df48a","553633217993079584775086"
"0x21a1fdf6bc9a57b1ab675a34fc3c5e2ac457133bf2863206a0e968ea598ba6e9-39","28349182","1753772290","0x21a1fdf6bc9a57b1ab675a34fc3c5e2ac457133bf2863206a0e968ea598ba6e9","0xddd77e91c222e36d4bd5ca8e78682a2172314197","0x0fba475e92cfef19f7dbada8ec2cce4ad7bbc0d9","0x7dcc604655a708c6bcfa56f8cf2ad407dec257ec","553633217993079584775086"
"0x21ad3668fa26edb9916a86f68608c1f658d52acf7e68f8784106d5184f633965-599","28332116","1753762014","0x21ad3668fa26edb9916a86f68608c1f658d52acf7e68f8784106d5184f633965","0xddd77e91c222e36d4bd5ca8e78682a2172314197","0x0fba475e92cfef19f7dbada8ec2cce4ad7bbc0d9","0x7851424fc9b0a1ab166abb1f48391a5f2d88f92b","553633217993079584775086"
"0x21c95121c4c1df5c875d8efdf2a39c33d9789f4232e2f55d647a9b504612bde8-174","28355391","1753776006","0x21c95121c4c1df5c875d8efdf2a39c33d9789f4232e2f55d647a9b504612bde8","0xddd77e91c222e36d4bd5ca8e78682a2172314197","0x0fba475e92cfef19f7dbada8ec2cce4ad7bbc0d9","0xf06ac4ce885e3846cb5997b9d20da477cf4cff6e","553633217993079584775086"
"0x21dfa7a30ce853712478217e9350bca7f4f162b33003e92bb39bb0145804a93d-98","28403104","1753804857","0x21dfa7a30ce853712478217e9350bca7f4f162b33003e92bb39bb0145804a93d","0xddd77e91c222e36d4bd5ca8e78682a2172314197","0x0fba475e92cfef19f7dbada8ec2cce4ad7bbc0d9","0x4e754e37c498390cbab5ebc7f3b6765cadd33be3","553633217993079584775086"
"0x21e921a3aa4ba954d19a4210b99dfcbb875650b1d6af2907c64e5db36ecbc349-664","28376520","1753788767","0x21e921a3aa4ba954d19a4210b99dfcbb875650b1d6af2907c64e5db36ecbc349","0xddd77e91c222e36d4bd5ca8e78682a2172314197","0x0fba475e92cfef19f7dbada8ec2cce4ad7bbc0d9","0xe3b84986472f7fea21e7f7b447456160b304d2ed","553633217993079584775086"
"0x221943fd79711efeb99da08c993b369ae3d11d50055e395b738575094d260728-79","28130244","1753640886","0x221943fd79711efeb99da08c993b369ae3d11d50055e395b738575094d260728","0xddd77e91c222e36d4bd5ca8e78682a2172314197","0x0fba475e92cfef19f7dbada8ec2cce4ad7bbc0d9","0x6b8a7029227312fb018688e57d0131afbf17311a","553633217993079584775086"
"0x221f8e5e885af91c77350fe5aa3af60d5e5d860f9944bac54c5cf62b99cb5fe8-57","28376171","1753788558","0x221f8e5e885af91c77350fe5aa3af60d5e5d860f9944bac54c5cf62b99cb5fe8","0xddd77e91c222e36d4bd5ca8e78682a2172314197","0x0fba475e92cfef19f7dbada8ec2cce4ad7bbc0d9","0xb19ab902b1d0bd001b974209786853f614d6bcfa","553633217993079584775086"
"0x2244a728c94518f21c47e2ee15207361697fb5b2b9dfb6e0789be8c311533a69-705","28363580","1753780962","0x2244a728c94518f21c47e2ee15207361697fb5b2b9dfb6e0789be8c311533a69","0xddd77e91c222e36d4bd5ca8e78682a2172314197","0x0fba475e92cfef19f7dbada8ec2cce4ad7bbc0d9","0x550d569bfc60e5caafd7679e613c3365dec1d9b9","553633217993079584775086"
"0x2249506c3ef440e59792fbfefabf1f9e953b0668b7cd234ef22dcd4cf9b9faa0-33","28357675","1753777397","0x2249506c3ef440e59792fbfefabf1f9e953b0668b7cd234ef22dcd4cf9b9faa0","0xddd77e91c222e36d4bd5ca8e78682a2172314197","0x0fba475e92cfef19f7dbada8ec2cce4ad7bbc0d9","0xe800b8b06fdb5b4033dfb4d989ad7ff9bf02b323","553633217993079584775086"
"0x22628d6960f358adaeb388b3ec22aca60dda8ee3bed87b0aa5243bdb3f86f7a9-205","28352661","1753774379","0x22628d6960f358adaeb388b3ec22aca60dda8ee3bed87b0aa5243bdb3f86f7a9","0xddd77e91c222e36d4bd5ca8e78682a2172314197","0x0fba475e92cfef19f7dbada8ec2cce4ad7bbc0d9","0x26c3f31dde008d96aead10c9897e96753fa3624d","553633217993079584775086"
"0x2271ff09b5ebbdffc89cae85be26059dcd60c5db5e2b8e62f53001d7410bcb5a-139","28341096","1753767424","0x2271ff09b5ebbdffc89cae85be26059dcd60c5db5e2b8e62f53001d7410bcb5a","0xddd77e91c222e36d4bd5ca8e78682a2172314197","0x0fba475e92cfef19f7dbada8ec2cce4ad7bbc0d9","0xe5b99271df784e5347d06e9afe0b63ab21ee1757","553633217993079584775086"
"0x22a085b183a8264243e07cd639d6438279c9c19fdd7e9d4a5a9431a8afce9a12-195","28371882","1753785955","0x22a085b183a8264243e07cd639d6438279c9c19fdd7e9d4a5a9431a8afce9a12","0xddd77e91c222e36d4bd5ca8e78682a2172314197","0x0fba475e92cfef19f7dbada8ec2cce4ad7bbc0d9","0x07d5e1c0bcfe6a27fcd818cd87a45e63eec3dd9a","553633217993079584775086"
"0x22acd0239280092f8f06f6f7639055618e06e8cb2d626bcc199a778d6b000171-62","28410093","1753809054","0x22acd0239280092f8f06f6f7639055618e06e8cb2d626bcc199a778d6b000171","0xddd77e91c222e36d4bd5ca8e78682a2172314197","0x0fba475e92cfef19f7dbada8ec2cce4ad7bbc0d9","0xaa3ab86a8cdcf88e25eac157d71bef21d315433c","553633217993079584775086"
"0x22cb844862f34533e0fbe49d2e1adc114963495c97148d4d193d90fe8bccf356-170","28354790","1753775647","0x22cb844862f34533e0fbe49d2e1adc114963495c97148d4d193d90fe8bccf356","0xddd77e91c222e36d4bd5ca8e78682a2172314197","0x0fba475e92cfef19f7dbada8ec2cce4ad7bbc0d9","0x84ecfae981dc99ec4923c8503a519ad5d82640dd","553633217993079584775086"
"0x22ce3a87d59e0576b792c065643bdfee0272870c825e3efc76a77f5029a1caf7-70","28356797","1753776854","0x22ce3a87d59e0576b792c065643bdfee0272870c825e3efc76a77f5029a1caf7","0xddd77e91c222e36d4bd5ca8e78682a2172314197","0x0fba475e92cfef19f7dbada8ec2cce4ad7bbc0d9","0x70ec3533898961787be48fce509e360d071c7642","553633217993079584775086"
"0x22d3299cf006f42e959c904eecc67770bbd995f47caec230e1d779cf674ca6b5-11","28352588","1753774333","0x22d3299cf006f42e959c904eecc67770bbd995f47caec230e1d779cf674ca6b5","0xddd77e91c222e36d4bd5ca8e78682a2172314197","0x0fba475e92cfef19f7dbada8ec2cce4ad7bbc0d9","0xb222626e4e0783aa5095ee28e6cd4f7ff3398e76","553633217993079584775086"
"0x22f1d4e67cf9ca8a9601e7302f93429d478e70e2be71e900a3065d55132a9635-39","28365822","1753782316","0x22f1d4e67cf9ca8a9601e7302f93429d478e70e2be71e900a3065d55132a9635","0xddd77e91c222e36d4bd5ca8e78682a2172314197","0x0fba475e92cfef19f7dbada8ec2cce4ad7bbc0d9","0x7e511f1389074337f4539cfeefe6674403fef86a","553633217993079584775086"
"0x22fd1ed1debdc04ae3f930059be5a3183840dbc07557a07237ee70c3c0692df6-561","28335634","1753764149","0x22fd1ed1debdc04ae3f930059be5a3183840dbc07557a07237ee70c3c0692df6","0xddd77e91c222e36d4bd5ca8e78682a2172314197","0x0fba475e92cfef19f7dbada8ec2cce4ad7bbc0d9","0x6090f87c8d7404417f90f2840c39aebe6176d5ae","553633217993079584775086"
"0x23143a81be83af0e42976c321caa53a0c0ea7d5ccb7a24fa7ec3909c2548326c-87","28393612","1753799070","0x23143a81be83af0e42976c321caa53a0c0ea7d5ccb7a24fa7ec3909c2548326c","0xddd77e91c222e36d4bd5ca8e78682a2172314197","0x0fba475e92cfef19f7dbada8ec2cce4ad7bbc0d9","0x3e909f8a045e9a6cc80c3da452017fcf3cb609ff","553633217993079584775086"
"0x232dd1a0d59340ad3593917b60f610ac7fe3f931a993a8e135f44f256e5ac804-122","28402978","1753804781","0x232dd1a0d59340ad3593917b60f610ac7fe3f931a993a8e135f44f256e5ac804","0xddd77e91c222e36d4bd5ca8e78682a2172314197","0x0fba475e92cfef19f7dbada8ec2cce4ad7bbc0d9","0x79feac665bb2bc6a8fea4780c35e913b9fd6f3bb","553633217993079584775086"
"0x234a09bb6e2030dfd9997e49c3cc3f0db977564271f19c12dcf08cc2637051a0-3","28371369","1753785633","0x234a09bb6e2030dfd9997e49c3cc3f0db977564271f19c12dcf08cc2637051a0","0xddd77e91c222e36d4bd5ca8e78682a2172314197","0x0fba475e92cfef19f7dbada8ec2cce4ad7bbc0d9","0x56b4773591f20b8aaf9705eb0a908568fb674c17","553633217993079584775086"
"0x23650f4d01273f0cf8184d9c170ca7db547364e289029057ff140d20a908a369-234","28370041","1753784859","0x23650f4d01273f0cf8184d9c170ca7db547364e289029057ff140d20a908a369","0xddd77e91c222e36d4bd5ca8e78682a2172314197","0x0fba475e92cfef19f7dbada8ec2cce4ad7bbc0d9","0x6770f57718becff7dca67d8a8aae4688da4b1aa9","553633217993079584775086"
"0x236c95f761525ebd5ff5069f2ba6f587c5a80f6aefc3b3fdd746ec8b8704fa6f-45","28337612","1753765332","0x236c95f761525ebd5ff5069f2ba6f587c5a80f6aefc3b3fdd746ec8b8704fa6f","0xddd77e91c222e36d4bd5ca8e78682a2172314197","0x0fba475e92cfef19f7dbada8ec2cce4ad7bbc0d9","0xf7936db3dff9404f059aa1aa3442b55c55c77a3f","553633217993079584775086"
"0x2396c8aa0bfd6fd9b187bf11d374558db262766886e70849f728174368dbc2d6-444","28337187","1753765083","0x2396c8aa0bfd6fd9b187bf11d374558db262766886e70849f728174368dbc2d6","0xddd77e91c222e36d4bd5ca8e78682a2172314197","0x0fba475e92cfef19f7dbada8ec2cce4ad7bbc0d9","0xde28bf05a6b9392cd9d1c420402788b1348a8f9b","553633217993079584775086"
"0x23c234d59c7673b8f74e299ddb733fcc457926a32a14a42e3fc87a9f89440d48-99","28354437","1753775438","0x23c234d59c7673b8f74e299ddb733fcc457926a32a14a42e3fc87a9f89440d48","0xddd77e91c222e36d4bd5ca8e78682a2172314197","0x0fba475e92cfef19f7dbada8ec2cce4ad7bbc0d9","0x9c9aead2ede0f12bf8818bcd7dd287705692d8b8","553633217993079584775086"
"0x23ec870dbbab2226c7629d7e0c90f5feeddcfa675b6bfe5d04b6e264971e71e7-60","28335104","1753763833","0x23ec870dbbab2226c7629d7e0c90f5feeddcfa675b6bfe5d04b6e264971e71e7","0xddd77e91c222e36d4bd5ca8e78682a2172314197","0x0fba475e92cfef19f7dbada8ec2cce4ad7bbc0d9","0x83d14089f8dfbe199edbf287ee1c39bde6c1ad09","553633217993079584775086"
"0x23ed634fb3f435eff9a13ea56e33a0fb8173a4217f04fa20cc07b1e5474a1fc6-4","28401925","1753804152","0x23ed634fb3f435eff9a13ea56e33a0fb8173a4217f04fa20cc07b1e5474a1fc6","0xddd77e91c222e36d4bd5ca8e78682a2172314197","0x0fba475e92cfef19f7dbada8ec2cce4ad7bbc0d9","0xad00409b5669d65a1d05741dfc302acdea6be90e","553633217993079584775086"
"0x241312c15efd8b9081028ab5d357d2d73ba44bfba3448a3c375e6148cc0e0a69-672","28393379","1753798921","0x241312c15efd8b9081028ab5d357d2d73ba44bfba3448a3c375e6148cc0e0a69","0xddd77e91c222e36d4bd5ca8e78682a2172314197","0x0fba475e92cfef19f7dbada8ec2cce4ad7bbc0d9","0xf0760ff3618b158b82e8d22a612bcbb192c78d3d","553633217993079584775086"
"0x24148ae8c2c0a866ccd022f4616c92466a788600af1b1a09ac146dc9b252711c-72","28385306","1753794075","0x24148ae8c2c0a866ccd022f4616c92466a788600af1b1a09ac146dc9b252711c","0xddd77e91c222e36d4bd5ca8e78682a2172314197","0x0fba475e92cfef19f7dbada8ec2cce4ad7bbc0d9","0xb25476cb455378d0bf834ca2d1c25161b57fc4a7","553633217993079584775086"
"0x242a56e6adfb122c85f4c2df8db251ccc66443e5ed3553ebb29ae8cef9c7cfb4-63","28361371","1753779625","0x242a56e6adfb122c85f4c2df8db251ccc66443e5ed3553ebb29ae8cef9c7cfb4","0xddd77e91c222e36d4bd5ca8e78682a2172314197","0x0fba475e92cfef19f7dbada8ec2cce4ad7bbc0d9","0x2c0f68b8efe03ff69f3df2fee979f8eb0e81f5ce","553633217993079584775086"
"0x2480141af9225386808e55ad793adda1937a3944e6e4131060496fc0c324ed45-105","28350868","1753773310","0x2480141af9225386808e55ad793adda1937a3944e6e4131060496fc0c324ed45","0xddd77e91c222e36d4bd5ca8e78682a2172314197","0x0fba475e92cfef19f7dbada8ec2cce4ad7bbc0d9","0x397cbad116eb6a9621a5b1157a643b1fe1f85dfc","553633217993079584775086"
"0x248fbce6cab78df75306595bd28f1f4faa0a12e6ae236b6ae3441abe4b862bab-9","28352465","1753774265","0x248fbce6cab78df75306595bd28f1f4faa0a12e6ae236b6ae3441abe4b862bab","0xddd77e91c222e36d4bd5ca8e78682a2172314197","0x0fba475e92cfef19f7dbada8ec2cce4ad7bbc0d9","0x34f5fe0c85bd3364404c9d2d667d152fa889fd14","553633217993079584775086"
"0x24aab1189825af3beebcdc79804d2c17bb2c3bea59f12931632969a6bf3adbef-258","28116640","1753632634","0x24aab1189825af3beebcdc79804d2c17bb2c3bea59f12931632969a6bf3adbef","0xddd77e91c222e36d4bd5ca8e78682a2172314197","0x0fba475e92cfef19f7dbada8ec2cce4ad7bbc0d9","0x74d8df0c2b9eddfb23a15099bbcd0a35b80baf90","553633217993079584775086"
"0x24ac5e5544fae1df0cc2f60de51bc70d575985157901579d834586931e0adf0c-38","28336670","1753764774","0x24ac5e5544fae1df0cc2f60de51bc70d575985157901579d834586931e0adf0c","0xddd77e91c222e36d4bd5ca8e78682a2172314197","0x0fba475e92cfef19f7dbada8ec2cce4ad7bbc0d9","0x17d13e877caf131c54f0db3195ab7d31f167718f","553633217993079584775086"
"0x24b01ea02beaf3721636cf2b5984c9b0564121c62d9bbec22d6de0a34b7c661e-150","28377979","1753789652","0x24b01ea02beaf3721636cf2b5984c9b0564121c62d9bbec22d6de0a34b7c661e","0xddd77e91c222e36d4bd5ca8e78682a2172314197","0x0fba475e92cfef19f7dbada8ec2cce4ad7bbc0d9","0x7d3d16dbd5d3e30249783def65e84af319e23bd2","553633217993079584775086"
"0x24d29dfb6c05f14ccde62a22c18e314efc7fba70ba7feff8122228d1c1776b73-3","28371079","1753785477","0x24d29dfb6c05f14ccde62a22c18e314efc7fba70ba7feff8122228d1c1776b73","0xddd77e91c222e36d4bd5ca8e78682a2172314197","0x0fba475e92cfef19f7dbada8ec2cce4ad7bbc0d9","0x1a0f3a2823c2330124a1cc99778c2612310fee4e","553633217993079584775086"
"0x24d5aa6f61590cbc1ad7c8033636a0c7d72298bc57a08cd6c8a7345854849fc4-128","28342209","1753768061","0x24d5aa6f61590cbc1ad7c8033636a0c7d72298bc57a08cd6c8a7345854849fc4","0xddd77e91c222e36d4bd5ca8e78682a2172314197","0x0fba475e92cfef19f7dbada8ec2cce4ad7bbc0d9","0xae9e0106d06b02179cc805fbfe672d067ded2578","553633217993079584775086"
"0x24e8dcafd6d5598d1a15eeab8106b351d6da49c6ec6457a95d6ae010898abd67-85","28396090","1753800554","0x24e8dcafd6d5598d1a15eeab8106b351d6da49c6ec6457a95d6ae010898abd67","0xddd77e91c222e36d4bd5ca8e78682a2172314197","0x0fba475e92cfef19f7dbada8ec2cce4ad7bbc0d9","0xe29bc3c54085105f1ace8f78ef25555b8bb9ce33","553633217993079584775086"
"0x25015a0df7ec1ea3cc59a52d664f24d0e73ee31c941f070ff6ccfc53eaad9522-67","28344126","1753769258","0x25015a0df7ec1ea3cc59a52d664f24d0e73ee31c941f070ff6ccfc53eaad9522","0xddd77e91c222e36d4bd5ca8e78682a2172314197","0x0fba475e92cfef19f7dbada8ec2cce4ad7bbc0d9","0x50b8b318714315ecdfb95127f529a980d12dea09","553633217993079584775086"
"0x25346769080d268f365e40e1a9cd2116ea4b95c4616ab5fd436ecd835c3cb277-131","28129627","1753640512","0x25346769080d268f365e40e1a9cd2116ea4b95c4616ab5fd436ecd835c3cb277","0xddd77e91c222e36d4bd5ca8e78682a2172314197","0x0fba475e92cfef19f7dbada8ec2cce4ad7bbc0d9","0xbd7477006daa466d15d0b13f614e84c1e5def06a","553633217993079584775086"
"0x2550f5a6e51777b787a6a55fc601e4395a1bf3364aec490e43769f44bf2e7e79-146","28342178","1753768045","0x2550f5a6e51777b787a6a55fc601e4395a1bf3364aec490e43769f44bf2e7e79","0xddd77e91c222e36d4bd5ca8e78682a2172314197","0x0fba475e92cfef19f7dbada8ec2cce4ad7bbc0d9","0x034b0320cbe9ce947b8d4343fdb2d87549e235b1","553633217993079584775086"
"0x259324a59de98263c19a20591f2d5fabef279c07161aeb73d7b5ff59cbf0d446-193","28352067","1753774016","0x259324a59de98263c19a20591f2d5fabef279c07161aeb73d7b5ff59cbf0d446","0xddd77e91c222e36d4bd5ca8e78682a2172314197","0x0fba475e92cfef19f7dbada8ec2cce4ad7bbc0d9","0xed4fd7725e939a2da1b29942f78e357283c3dd51","553633217993079584775086"
"0x259de8c294f649a19974d288244d52e69803374bd8cbd8ab53136a91f44a9196-15","28370733","1753785263","0x259de8c294f649a19974d288244d52e69803374bd8cbd8ab53136a91f44a9196","0xddd77e91c222e36d4bd5ca8e78682a2172314197","0x0fba475e92cfef19f7dbada8ec2cce4ad7bbc0d9","0xfdd99b2e5aa538d5c1b6cd7fd1c3328beb6a7033","553633217993079584775086"
"0x25c1db65ec93a41014e4f8dbb593dfce3ee98b8d71865c83271cb4968417cb29-32","28342611","1753768316","0x25c1db65ec93a41014e4f8dbb593dfce3ee98b8d71865c83271cb4968417cb29","0xddd77e91c222e36d4bd5ca8e78682a2172314197","0x0fba475e92cfef19f7dbada8ec2cce4ad7bbc0d9","0x08d16a6799a0c71a622c3a2f1485bf05f9faad1c","553633217993079584775086"
"0x25c94b08ba7bafea2557a3f11152c44c855824b00a4f7a3124d7110679ac9783-58","28397663","1753801507","0x25c94b08ba7bafea2557a3f11152c44c855824b00a4f7a3124d7110679ac9783","0xddd77e91c222e36d4bd5ca8e78682a2172314197","0x0fba475e92cfef19f7dbada8ec2cce4ad7bbc0d9","0x252c05b569675f07bbe55a69896706322846817b","553633217993079584775086"
"0x25d8d7e2bf4eac6c4d3bef248f615a7cb2fbd4bf6d9e1312dbb7bd81a6808623-113","28330692","1753761164","0x25d8d7e2bf4eac6c4d3bef248f615a7cb2fbd4bf6d9e1312dbb7bd81a6808623","0xddd77e91c222e36d4bd5ca8e78682a2172314197","0x0fba475e92cfef19f7dbada8ec2cce4ad7bbc0d9","0x453021558c27b713a1c0b17d83e9bd6ad9719558","553633217993079584775086"
"0x25ee9184461832c56838868459480b372a1361201ecb987d60ee97f305e79967-146","28350133","1753772869","0x25ee9184461832c56838868459480b372a1361201ecb987d60ee97f305e79967","0xddd77e91c222e36d4bd5ca8e78682a2172314197","0x0fba475e92cfef19f7dbada8ec2cce4ad7bbc0d9","0xb2407876d473151ae7c5da8e67d14e0c8b5277db","553633217993079584775086"
"0x261ceda485143f6cf66030a94105a2426fcd2ee3aaa685c7eb0fac6d06fa6751-759","28366191","1753782542","0x261ceda485143f6cf66030a94105a2426fcd2ee3aaa685c7eb0fac6d06fa6751","0xddd77e91c222e36d4bd5ca8e78682a2172314197","0x0fba475e92cfef19f7dbada8ec2cce4ad7bbc0d9","0x17fba972649fc2ce3ffdbf285b872aae9b01e2f6","553633217993079584775086"
"0x261ebefd14b80316a9ac27a2ed995061ba1777d0a9355d0686c35cc1fc7d2d57-46","28349803","1753772670","0x261ebefd14b80316a9ac27a2ed995061ba1777d0a9355d0686c35cc1fc7d2d57","0xddd77e91c222e36d4bd5ca8e78682a2172314197","0x0fba475e92cfef19f7dbada8ec2cce4ad7bbc0d9","0x5754750d2e680207c18e2e67edb96b65e04b7441","553633217993079584775086"
"0x2641965c73a619bfe25a93ce3220170219881ae0f66eeabbc8b161d3994a4fe0-69","28331701","1753761781","0x2641965c73a619bfe25a93ce3220170219881ae0f66eeabbc8b161d3994a4fe0","0xddd77e91c222e36d4bd5ca8e78682a2172314197","0x0fba475e92cfef19f7dbada8ec2cce4ad7bbc0d9","0xe176c6bb79b10db5108dde97ee3e5ed6b64e60f3","553633217993079584775086"
"0x2654c57ccc287e3ffc7179973b5a9d2672c77e16a06ce0c48cd612e49ce64102-142","28353602","1753774945","0x2654c57ccc287e3ffc7179973b5a9d2672c77e16a06ce0c48cd612e49ce64102","0xddd77e91c222e36d4bd5ca8e78682a2172314197","0x0fba475e92cfef19f7dbada8ec2cce4ad7bbc0d9","0x8043fa8346f977ca7d79401261748a6440c2caaa","553633217993079584775086"
"0x2656dece601572ddce952fb1f51208373d12050462e4f6ebd3b12feea86dba40-53","28348482","1753771901","0x2656dece601572ddce952fb1f51208373d12050462e4f6ebd3b12feea86dba40","0xddd77e91c222e36d4bd5ca8e78682a2172314197","0x0fba475e92cfef19f7dbada8ec2cce4ad7bbc0d9","0x5ca39925af348525885cff41df47add5d0378361","553633217993079584775086"
"0x268869e90e48d4118badf1fd9f3e661d9b66453a4b3057896885f3ac3097064e-111","28390752","1753797328","0x268869e90e48d4118badf1fd9f3e661d9b66453a4b3057896885f3ac3097064e","0xddd77e91c222e36d4bd5ca8e78682a2172314197","0x0fba475e92cfef19f7dbada8ec2cce4ad7bbc0d9","0xa05c9ffdfbe6d1e4eeeca537182d1b193ff40446","553633217993079584775086"
"0x268903bd2d40a4b56adfa0b3f8bf3d65c602a4779f44b212cfcb7d66df471c2d-84","28345209","1753769906","0x268903bd2d40a4b56adfa0b3f8bf3d65c602a4779f44b212cfcb7d66df471c2d","0xddd77e91c222e36d4bd5ca8e78682a2172314197","0x0fba475e92cfef19f7dbada8ec2cce4ad7bbc0d9","0x489bc7d53e8aa94eb1c84fc301500f12d427303e","553633217993079584775086"
"0x26ae198fd4bf806e568b6ab935ed8ce9f5af19562c7c73be98b80e6f78e19419-19","28372309","1753786200","0x26ae198fd4bf806e568b6ab935ed8ce9f5af19562c7c73be98b80e6f78e19419","0xddd77e91c222e36d4bd5ca8e78682a2172314197","0x0fba475e92cfef19f7dbada8ec2cce4ad7bbc0d9","0x6e487b580d43f6325f58ed4383c152dcbc4cd853","553633217993079584775086"
"0x26dd35ef3bb354fd1bc7e6546951a201b61adc79409e0258f2dc0c701bce7917-582","28336996","1753764965","0x26dd35ef3bb354fd1bc7e6546951a201b61adc79409e0258f2dc0c701bce7917","0xddd77e91c222e36d4bd5ca8e78682a2172314197","0x0fba475e92cfef19f7dbada8ec2cce4ad7bbc0d9","0x2fd6c8c3c70fadcdc46d91ee69dd352ce5572f87","553633217993079584775086"
"0x26eb5244718d6d0719f306c0ed39d8ddcadb4a6171d1d27e2d8ed7b080dbd371-176","28368546","1753783964","0x26eb5244718d6d0719f306c0ed39d8ddcadb4a6171d1d27e2d8ed7b080dbd371","0xddd77e91c222e36d4bd5ca8e78682a2172314197","0x0fba475e92cfef19f7dbada8ec2cce4ad7bbc0d9","0xe33d08920d3e7d1bf56c14e953e32c71690acb5e","553633217993079584775086"
"0x26f7d88750b8ebf8dd22ef9977944a5e1d46a5ca64ee815d6e2e1875eee6ccca-55","28362402","1753780248","0x26f7d88750b8ebf8dd22ef9977944a5e1d46a5ca64ee815d6e2e1875eee6ccca","0xddd77e91c222e36d4bd5ca8e78682a2172314197","0x0fba475e92cfef19f7dbada8ec2cce4ad7bbc0d9","0x6d9542a84fbf7601fb6a1549c6e86f1edd2c5616","553633217993079584775086"
"0x27414a799828638f8a414d3baf32ec63c8dbff2088c816cbdaa5960d9ab59f99-141","28339611","1753766551","0x27414a799828638f8a414d3baf32ec63c8dbff2088c816cbdaa5960d9ab59f99","0xddd77e91c222e36d4bd5ca8e78682a2172314197","0x0fba475e92cfef19f7dbada8ec2cce4ad7bbc0d9","0xd403f8e20aa5bfc1f81381bf6ff847e09130c376","553633217993079584775086"
"0x2761b7469ef5dab44efe5a2b8e0d0763d558c00eff6862f36ae2d213633d68d2-95","28403142","1753804881","0x2761b7469ef5dab44efe5a2b8e0d0763d558c00eff6862f36ae2d213633d68d2","0xddd77e91c222e36d4bd5ca8e78682a2172314197","0x0fba475e92cfef19f7dbada8ec2cce4ad7bbc0d9","0xe37265f4d5a68ae596ece9252aff790b43af76f8","553633217993079584775086"
"0x27651957af438fa2d116d91aa2fdb4322d5ce7be9c66e1be2331b738900a17a3-574","28334064","1753763179","0x27651957af438fa2d116d91aa2fdb4322d5ce7be9c66e1be2331b738900a17a3","0xddd77e91c222e36d4bd5ca8e78682a2172314197","0x0fba475e92cfef19f7dbada8ec2cce4ad7bbc0d9","0x6582479e72968847f09ccfd9f35bbdefef8c2c8c","553633217993079584775086"
"0x2788845599d7a1e458b59eb918caf246e82cd2bca736961cde0d59999823bcb5-60","28360698","1753779233","0x2788845599d7a1e458b59eb918caf246e82cd2bca736961cde0d59999823bcb5","0xddd77e91c222e36d4bd5ca8e78682a2172314197","0x0fba475e92cfef19f7dbada8ec2cce4ad7bbc0d9","0xeb44e77d37c9a88f8e6e5069c1a95675d01360c6","553633217993079584775086"
"0x278c865956cf0801c9ba939034103161f594e7c51e79e6a02c0a86ab315345a5-8","28377916","1753789619","0x278c865956cf0801c9ba939034103161f594e7c51e79e6a02c0a86ab315345a5","0xddd77e91c222e36d4bd5ca8e78682a2172314197","0x0fba475e92cfef19f7dbada8ec2cce4ad7bbc0d9","0x8f0c521ceda87813b7cb0fa859b918cda0911042","553633217993079584775086"
"0x278d877f24ef501c68ab104af8a7e723b41f3a91e6a5b30a7efb4f0c200faa61-74","28330484","1753761035","0x278d877f24ef501c68ab104af8a7e723b41f3a91e6a5b30a7efb4f0c200faa61","0xddd77e91c222e36d4bd5ca8e78682a2172314197","0x0fba475e92cfef19f7dbada8ec2cce4ad7bbc0d9","0x666f78c18f8c2d2888071a67a303e32e3ce4623f","553633217993079584775086"
"0x27ae079a748157df4aa6da7e3d9e8b5ac191ce3a69c80660c2b8e5bcdadbadc6-3","28130205","1753640864","0x27ae079a748157df4aa6da7e3d9e8b5ac191ce3a69c80660c2b8e5bcdadbadc6","0xddd77e91c222e36d4bd5ca8e78682a2172314197","0x0fba475e92cfef19f7dbada8ec2cce4ad7bbc0d9","0x7d14917c0b69568ddede9754787cbc511fea75da","553633217993079584775086"
"0x27be54e3f177d7ecf53e6f015065c61d5f4961fd1328e7cb925d09741e90ff14-49","28338031","1753765577","0x27be54e3f177d7ecf53e6f015065c61d5f4961fd1328e7cb925d09741e90ff14","0xddd77e91c222e36d4bd5ca8e78682a2172314197","0x0fba475e92cfef19f7dbada8ec2cce4ad7bbc0d9","0x1d9ef132f62172ab6dc86c50d4cca9a8c4f3c567","553633217993079584775086"
"0x27bf6a66b7c80569f2c1d46e31ac74b079e2bac0d5fb0050a8f80537969ecb34-77","28383019","1753792722","0x27bf6a66b7c80569f2c1d46e31ac74b079e2bac0d5fb0050a8f80537969ecb34","0xddd77e91c222e36d4bd5ca8e78682a2172314197","0x0fba475e92cfef19f7dbada8ec2cce4ad7bbc0d9","0xf065408f52fa83f065d509ea415ecc655390966c","553633217993079584775086"
"0x27cd2e567dce4390ea69256d8789175a0b222a7d174b7285657c6bdbb6d02213-7","28332104","1753762005","0x27cd2e567dce4390ea69256d8789175a0b222a7d174b7285657c6bdbb6d02213","0xddd77e91c222e36d4bd5ca8e78682a2172314197","0x0fba475e92cfef19f7dbada8ec2cce4ad7bbc0d9","0x03680eed26e3c42ea7ef361e33403a0a2b28460c","553633217993079584775086"
"0x280cbae11851e03933369d1acf05d3077d0f1d7754e74dcbe4bb21fde7538a17-26","28394859","1753799824","0x280cbae11851e03933369d1acf05d3077d0f1d7754e74dcbe4bb21fde7538a17","0xddd77e91c222e36d4bd5ca8e78682a2172314197","0x0fba475e92cfef19f7dbada8ec2cce4ad7bbc0d9","0x187f6895dcef296247a70ba908d4efc6682892a5","553633217993079584775086"
"0x280ea2edcecb5092dd431c4a2b790b5a3079b67267c29f71e78577a802553190-1011","28359708","1753778629","0x280ea2edcecb5092dd431c4a2b790b5a3079b67267c29f71e78577a802553190","0xddd77e91c222e36d4bd5ca8e78682a2172314197","0x0fba475e92cfef19f7dbada8ec2cce4ad7bbc0d9","0xb61c0ef9b21605333e4082de2d56606f22a0fa01","553633217993079584775086"
"0x28183ab81af334527191c8c142a1416ff76f22dd97beebe8b3633241663713b2-93","28397840","1753801615","0x28183ab81af334527191c8c142a1416ff76f22dd97beebe8b3633241663713b2","0xddd77e91c222e36d4bd5ca8e78682a2172314197","0x0fba475e92cfef19f7dbada8ec2cce4ad7bbc0d9","0xb0f8b0a2bc756360456a543188b8f26aa1e5632d","553633217993079584775086"
"0x2889b629b3bb83fd8304e6cd72704de88f7d1ad09d50e36a0f93cc6930e998d3-229","28352333","1753774185","0x2889b629b3bb83fd8304e6cd72704de88f7d1ad09d50e36a0f93cc6930e998d3","0xddd77e91c222e36d4bd5ca8e78682a2172314197","0x0fba475e92cfef19f7dbada8ec2cce4ad7bbc0d9","0xaf403a8c72375c3eb44ce29f972b6c1f445d8615","553633217993079584775086"
"0x289b213f4df79f47cd4da24c481c47bc768aa40df579d5ed36abe6d35a6fac29-55","28400222","1753803090","0x289b213f4df79f47cd4da24c481c47bc768aa40df579d5ed36abe6d35a6fac29","0xddd77e91c222e36d4bd5ca8e78682a2172314197","0x0fba475e92cfef19f7dbada8ec2cce4ad7bbc0d9","0xcba9844fcb661fb1a64d2a044e8537a02323aae1","553633217993079584775086"
"0x28c2dcde29662eb6f45f2ecd840776df8380b12db2a5ef8bc13379341686a9b2-92","28358304","1753777772","0x28c2dcde29662eb6f45f2ecd840776df8380b12db2a5ef8bc13379341686a9b2","0xddd77e91c222e36d4bd5ca8e78682a2172314197","0x0fba475e92cfef19f7dbada8ec2cce4ad7bbc0d9","0xa3d800262b2f02e47a371632988a584c123d016a","553633217993079584775086"
"0x28c7741bf556f94071887daf760672c36ac26f52c8e3f2a7fa06e66c0a928949-36","28355416","1753776028","0x28c7741bf556f94071887daf760672c36ac26f52c8e3f2a7fa06e66c0a928949","0xddd77e91c222e36d4bd5ca8e78682a2172314197","0x0fba475e92cfef19f7dbada8ec2cce4ad7bbc0d9","0x7996c0296a659fc5b4795c6b6e9dbbe840f95782","553633217993079584775086"
"0x28ce7e19f4b47dd2a73764c20f6dfcc40c2122a72c2003567e807b5e88633971-9","28363529","1753780931","0x28ce7e19f4b47dd2a73764c20f6dfcc40c2122a72c2003567e807b5e88633971","0xddd77e91c222e36d4bd5ca8e78682a2172314197","0x0fba475e92cfef19f7dbada8ec2cce4ad7bbc0d9","0x28e22fb18133e9be40f9fe92098ca9895c330495","553633217993079584775086"
"0x28df347d3628bb78278bd118d23c8db43be4013baab78dfb9bab8fb7f6aa2cc3-249","28350074","1753772833","0x28df347d3628bb78278bd118d23c8db43be4013baab78dfb9bab8fb7f6aa2cc3","0xddd77e91c222e36d4bd5ca8e78682a2172314197","0x0fba475e92cfef19f7dbada8ec2cce4ad7bbc0d9","0xa4d915db030af55533b14f6311d30c1045b3003e","553633217993079584775086"
"0x2960ebbfb1b4626c1495edf2587abb7c247d4e656a9c863166234ccd828a95a1-4","28385688","1753794307","0x2960ebbfb1b4626c1495edf2587abb7c247d4e656a9c863166234ccd828a95a1","0xddd77e91c222e36d4bd5ca8e78682a2172314197","0x0fba475e92cfef19f7dbada8ec2cce4ad7bbc0d9","0x6a71d1856c923e08faed055e290c2ea67f7b9bbb","553633217993079584775086"
"0x296256589a70c2886510c8f63a76d277660987345bae1b39188426ea3577c586-688","28357225","1753777107","0x296256589a70c2886510c8f63a76d277660987345bae1b39188426ea3577c586","0xddd77e91c222e36d4bd5ca8e78682a2172314197","0x0fba475e92cfef19f7dbada8ec2cce4ad7bbc0d9","0x249ce4f424861c2a7975c6591c65c35d95735d82","553633217993079584775086"
"0x2968e6b617b9cdd6c8bcb27a34bc1ac185dfae8fa6e19c43595c3ac71e1c607e-51","28362402","1753780248","0x2968e6b617b9cdd6c8bcb27a34bc1ac185dfae8fa6e19c43595c3ac71e1c607e","0xddd77e91c222e36d4bd5ca8e78682a2172314197","0x0fba475e92cfef19f7dbada8ec2cce4ad7bbc0d9","0x3c957a4478f92e76e4e944b5288b1119196b00d8","553633217993079584775086"
"0x29743a140331710b1600ba89682baea3a2e3a528ab5d44de5b95d7e93512e98b-3","28389275","1753796413","0x29743a140331710b1600ba89682baea3a2e3a528ab5d44de5b95d7e93512e98b","0xddd77e91c222e36d4bd5ca8e78682a2172314197","0x0fba475e92cfef19f7dbada8ec2cce4ad7bbc0d9","0x6addabf896fd9a622f3a6bd4d1f10d68393f8597","553633217993079584775086"
"0x298460b0ab1d2e4d37a0d2a00234441216c76e98ee83878d27d97c501b410662-175","28351977","1753773965","0x298460b0ab1d2e4d37a0d2a00234441216c76e98ee83878d27d97c501b410662","0xddd77e91c222e36d4bd5ca8e78682a2172314197","0x0fba475e92cfef19f7dbada8ec2cce4ad7bbc0d9","0xd0abd05847d6f6577201d09b21063d8845e6db13","553633217993079584775086"
"0x29a1fa11e572ff9306124c189ad1db5dcacbd328bf4a37e5d5e57e95b5f30429-108","28381288","1753791665","0x29a1fa11e572ff9306124c189ad1db5dcacbd328bf4a37e5d5e57e95b5f30429","0xddd77e91c222e36d4bd5ca8e78682a2172314197","0x0fba475e92cfef19f7dbada8ec2cce4ad7bbc0d9","0xc15d6e60323bd35c4b41d6ef8a42a60b52058576","553633217993079584775086"
"0x29a6917d9577802214508e258c584b8dc4725e68f9f896d094312a79dc574fbf-97","28408249","1753807973","0x29a6917d9577802214508e258c584b8dc4725e68f9f896d094312a79dc574fbf","0xddd77e91c222e36d4bd5ca8e78682a2172314197","0x0fba475e92cfef19f7dbada8ec2cce4ad7bbc0d9","0xe684af515deeabadad5c0552466fc034d582429f","553633217993079584775086"
"0x29acf25ab0f6b92283cba1a233ae73b25d7595747adb8c5fbde327065b949522-131","28392791","1753798558","0x29acf25ab0f6b92283cba1a233ae73b25d7595747adb8c5fbde327065b949522","0xddd77e91c222e36d4bd5ca8e78682a2172314197","0x0fba475e92cfef19f7dbada8ec2cce4ad7bbc0d9","0x86b5161e999101a9e00b8dd2aae1a2b2197e3350","553633217993079584775086"
"0x29aef2b8737398beadfc762ce7c9620211fb08ac1b788adea0e6ac03c5f8a31d-55","28382524","1753792432","0x29aef2b8737398beadfc762ce7c9620211fb08ac1b788adea0e6ac03c5f8a31d","0xddd77e91c222e36d4bd5ca8e78682a2172314197","0x0fba475e92cfef19f7dbada8ec2cce4ad7bbc0d9","0x056e0de4259b1e8721093da0b2355102f2f4703a","553633217993079584775086"
"0x29bb1982ec8e4f805897aafcd75632038ad91fc38d99e3024560ee3bbd4ceea1-121","28379556","1753790604","0x29bb1982ec8e4f805897aafcd75632038ad91fc38d99e3024560ee3bbd4ceea1","0xddd77e91c222e36d4bd5ca8e78682a2172314197","0x0fba475e92cfef19f7dbada8ec2cce4ad7bbc0d9","0x26fa2f343fa046dd030b32a3b754ac04aaf4c10e","553633217993079584775086"
"0x29c8692c4d09bb9043d4984985fba6c5137048f452d92ca669757cef96365679-4","28405150","1753806068","0x29c8692c4d09bb9043d4984985fba6c5137048f452d92ca669757cef96365679","0xddd77e91c222e36d4bd5ca8e78682a2172314197","0x0fba475e92cfef19f7dbada8ec2cce4ad7bbc0d9","0xd181750e99781ecb4e2b172fb4b5ed18e5c096f4","553633217993079584775086"
"0x29cb6f05b85c842c100b665c5887b11318aa6134efadfa97a0be5e3c8ada0aff-85","28358430","1753777847","0x29cb6f05b85c842c100b665c5887b11318aa6134efadfa97a0be5e3c8ada0aff","0xddd77e91c222e36d4bd5ca8e78682a2172314197","0x0fba475e92cfef19f7dbada8ec2cce4ad7bbc0d9","0xbcf64a6edb01869f622d0aa7ab14ef58d51781bf","553633217993079584775086"
"0x29dd97ee66df8a5b6529d5a23e5d24075de0ee9a93cc10c6c2d13cfae2a1920c-8","28338392","1753765788","0x29dd97ee66df8a5b6529d5a23e5d24075de0ee9a93cc10c6c2d13cfae2a1920c","0xddd77e91c222e36d4bd5ca8e78682a2172314197","0x0fba475e92cfef19f7dbada8ec2cce4ad7bbc0d9","0xdc8ada243da72d114ad27b8d316a092a19d94bfa","553633217993079584775086"
"0x2a30c09fe9479b6d25ea217610f5cab7ade6e91a32a390b7317bdbc4a9096269-53","28394252","1753799456","0x2a30c09fe9479b6d25ea217610f5cab7ade6e91a32a390b7317bdbc4a9096269","0xddd77e91c222e36d4bd5ca8e78682a2172314197","0x0fba475e92cfef19f7dbada8ec2cce4ad7bbc0d9","0x6e3cc0fe0e181b61f4cecd9846c7b4087fbfd583","553633217993079584775086"
"0x2a72b959fa4c2d398e6eb85228fbee07b475888fef2de00709a205614222c247-250","28353938","1753775133","0x2a72b959fa4c2d398e6eb85228fbee07b475888fef2de00709a205614222c247","0xddd77e91c222e36d4bd5ca8e78682a2172314197","0x0fba475e92cfef19f7dbada8ec2cce4ad7bbc0d9","0x8cb93be94039097d984313c4903b13d22f034c01","553633217993079584775086"
"0x2a959bd2f09df55458cf48c9a13df4ea4578a5ec169ddefd448445d5706f5cd4-116","28346755","1753770841","0x2a959bd2f09df55458cf48c9a13df4ea4578a5ec169ddefd448445d5706f5cd4","0xddd77e91c222e36d4bd5ca8e78682a2172314197","0x0fba475e92cfef19f7dbada8ec2cce4ad7bbc0d9","0xcb47222497c87a75b211d333a25c7e7cc8abfc90","553633217993079584775086"
"0x2aa20fd99adaa784c7b8320f0763f1a1e3ede199275ad7d983544adb5573b924-164","28402071","1753804234","0x2aa20fd99adaa784c7b8320f0763f1a1e3ede199275ad7d983544adb5573b924","0xddd77e91c222e36d4bd5ca8e78682a2172314197","0x0fba475e92cfef19f7dbada8ec2cce4ad7bbc0d9","0x2bb02f82758d51e32d3f94856d244a12a839d15e","553633217993079584775086"
"0x2ac36fd5af581077fdd0e3c18139e3aca2f05b7bfefed99319f665967609ef64-149","28354236","1753775315","0x2ac36fd5af581077fdd0e3c18139e3aca2f05b7bfefed99319f665967609ef64","0xddd77e91c222e36d4bd5ca8e78682a2172314197","0x0fba475e92cfef19f7dbada8ec2cce4ad7bbc0d9","0x25ca3f2006d4b738abdcda12afd3cfe49646809a","553633217993079584775086"
"0x2ac7438d72aaa64155bef3b41dd3f5dec27de3f894a9cb512df9db54ec16d1f7-4","28351666","1753773790","0x2ac7438d72aaa64155bef3b41dd3f5dec27de3f894a9cb512df9db54ec16d1f7","0xddd77e91c222e36d4bd5ca8e78682a2172314197","0x0fba475e92cfef19f7dbada8ec2cce4ad7bbc0d9","0x66e954aa45fc6c5422a00748f005ff62576e4023","553633217993079584775086"
"0x2ad80a59b6a18b461d467008295711d178105208c950c6749a37e06f386cbd5d-53","28356393","1753776614","0x2ad80a59b6a18b461d467008295711d178105208c950c6749a37e06f386cbd5d","0xddd77e91c222e36d4bd5ca8e78682a2172314197","0x0fba475e92cfef19f7dbada8ec2cce4ad7bbc0d9","0xfa190c4ae72614a640320bee08aefee2bc78f8b3","553633217993079584775086"
"0x2ae86d718cc6afc978ca8d4674229f5f615e659c091d622544623e6c92992f38-9","28369506","1753784541","0x2ae86d718cc6afc978ca8d4674229f5f615e659c091d622544623e6c92992f38","0xddd77e91c222e36d4bd5ca8e78682a2172314197","0x0fba475e92cfef19f7dbada8ec2cce4ad7bbc0d9","0xd93bbdc20eb885679c5a2621c939cf48651b38f5","553633217993079584775086"
"0x2b197f94c13e0e417a42d4d31343da5cb2cdef61a6f24e8feb2dba344e030b50-187","28344764","1753769641","0x2b197f94c13e0e417a42d4d31343da5cb2cdef61a6f24e8feb2dba344e030b50","0xddd77e91c222e36d4bd5ca8e78682a2172314197","0x0fba475e92cfef19f7dbada8ec2cce4ad7bbc0d9","0x714b3cebcc5d5aebcc4ea193f1f2ef6cb1fa4e21","553633217993079584775086"
"0x2b2c403d143f85ed9565cef5e799884c3934dd20e346c627aeff7fa75a99b9b0-67","28400796","1753803442","0x2b2c403d143f85ed9565cef5e799884c3934dd20e346c627aeff7fa75a99b9b0","0xddd77e91c222e36d4bd5ca8e78682a2172314197","0x0fba475e92cfef19f7dbada8ec2cce4ad7bbc0d9","0xa820e60aa1a48fbffeb49e8e3a1f3eb495af106b","553633217993079584775086"
"0x2b3c8780c7fdb97d6de860f8d1e1f37ce6f26a5edf58fefcb492876f70b29ddb-16","28352973","1753774570","0x2b3c8780c7fdb97d6de860f8d1e1f37ce6f26a5edf58fefcb492876f70b29ddb","0xddd77e91c222e36d4bd5ca8e78682a2172314197","0x0fba475e92cfef19f7dbada8ec2cce4ad7bbc0d9","0x51d9b751008670b9da65e35b25327fa99d0f7764","553633217993079584775086"
"0x2b476d1c1563446a68592f3ccf906fc130a35e7786b38bbbe77a273f1ccda1c5-34","28349916","1753772738","0x2b476d1c1563446a68592f3ccf906fc130a35e7786b38bbbe77a273f1ccda1c5","0xddd77e91c222e36d4bd5ca8e78682a2172314197","0x0fba475e92cfef19f7dbada8ec2cce4ad7bbc0d9","0x3b27d1374c4c24fcb850e5e02d3df7bae673eef9","553633217993079584775086"
"0x2b4833d319e9d656c5f38723a4f892c3e2b565864e0b84aab9f8cf0e09fe13b8-86","28341041","1753767387","0x2b4833d319e9d656c5f38723a4f892c3e2b565864e0b84aab9f8cf0e09fe13b8","0xddd77e91c222e36d4bd5ca8e78682a2172314197","0x0fba475e92cfef19f7dbada8ec2cce4ad7bbc0d9","0x28ec942c17444fc50f726098229e8834863e8b6c","553633217993079584775086"
"0x2b829252800a232a3ea0a42b9fcb5fa6b5fbc1aa07906dfe2f9dd9c7e2c1744b-135","28361495","1753779692","0x2b829252800a232a3ea0a42b9fcb5fa6b5fbc1aa07906dfe2f9dd9c7e2c1744b","0xddd77e91c222e36d4bd5ca8e78682a2172314197","0x0fba475e92cfef19f7dbada8ec2cce4ad7bbc0d9","0x66431aefcb6786be069c1d149aa3eecc1db17e33","553633217993079584775086"
"0x2ba3ed1151beab1c4c86702e698f3029abf23a0b2725f0f9cd8dcc904f1b68f8-74","28367392","1753783279","0x2ba3ed1151beab1c4c86702e698f3029abf23a0b2725f0f9cd8dcc904f1b68f8","0xddd77e91c222e36d4bd5ca8e78682a2172314197","0x0fba475e92cfef19f7dbada8ec2cce4ad7bbc0d9","0x751b3ec5bf368d5873eac1f7f92ba76ca2f809d3","553633217993079584775086"
"0x2bb904eeaa481e0391d8a1742f2af0fc9a645572c7e57970545090c746bab03a-3","28355126","1753775855","0x2bb904eeaa481e0391d8a1742f2af0fc9a645572c7e57970545090c746bab03a","0xddd77e91c222e36d4bd5ca8e78682a2172314197","0x0fba475e92cfef19f7dbada8ec2cce4ad7bbc0d9","0x3efae1a677355da789a0cd72015caa5f4fa1b846","553633217993079584775086"
"0x2bbb71d1a27065c3e6a117bca7e2f13df341c615d59ec7f3028c96fa45173702-76","28383229","1753792850","0x2bbb71d1a27065c3e6a117bca7e2f13df341c615d59ec7f3028c96fa45173702","0xddd77e91c222e36d4bd5ca8e78682a2172314197","0x0fba475e92cfef19f7dbada8ec2cce4ad7bbc0d9","0x19795318ff0790aae9aa4640f7711ab12fe1b972","553633217993079584775086"
"0x2bc900f2d05a809e49232929759f3a6186529f9a36306af38b8fdd71359bef1d-56","28352772","1753774444","0x2bc900f2d05a809e49232929759f3a6186529f9a36306af38b8fdd71359bef1d","0xddd77e91c222e36d4bd5ca8e78682a2172314197","0x0fba475e92cfef19f7dbada8ec2cce4ad7bbc0d9","0x7e1d570672f5e0bbca21b46c694d9cfdc4b7d2c5","553633217993079584775086"
"0x2be07851351e4bcadcad50fbe2c6f48269acede60d4608c7d3f676fe84b2ee8f-33","28368523","1753783946","0x2be07851351e4bcadcad50fbe2c6f48269acede60d4608c7d3f676fe84b2ee8f","0xddd77e91c222e36d4bd5ca8e78682a2172314197","0x0fba475e92cfef19f7dbada8ec2cce4ad7bbc0d9","0x4e9c88e1e5234e73a3ec19c163a03a7b9ce66458","553633217993079584775086"
"0x2c05d94634091a82a21f57d404017178ac08074f6d9a688d2a0985d6b9830510-210","28340064","1753766809","0x2c05d94634091a82a21f57d404017178ac08074f6d9a688d2a0985d6b9830510","0xddd77e91c222e36d4bd5ca8e78682a2172314197","0x0fba475e92cfef19f7dbada8ec2cce4ad7bbc0d9","0x381ca315b02fb90d12a1147d7f1ea1d8bbfa96d9","553633217993079584775086"
"0x2c2f2277e27add34389388a33b35b7f982c8565cec6a73067dfc3a3aa35bb506-821","28360348","1753779017","0x2c2f2277e27add34389388a33b35b7f982c8565cec6a73067dfc3a3aa35bb506","0xddd77e91c222e36d4bd5ca8e78682a2172314197","0x0fba475e92cfef19f7dbada8ec2cce4ad7bbc0d9","0xe2ae079a490689db046bbaeb265600dd823f1060","553633217993079584775086"
"0x2c345af30119a687ad80033537c3ed7c7c1a792ebf75396d6424243ddcb2b68a-48","28335760","1753764227","0x2c345af30119a687ad80033537c3ed7c7c1a792ebf75396d6424243ddcb2b68a","0xddd77e91c222e36d4bd5ca8e78682a2172314197","0x0fba475e92cfef19f7dbada8ec2cce4ad7bbc0d9","0x68380dfbcfbbfb68a4d2b3b7932db2d7d720025d","553633217993079584775086"
"0x2c357be85f95eb2ac41b5cc24086baaaa83b4e8a92db3711358203387334ce05-258","28353938","1753775133","0x2c357be85f95eb2ac41b5cc24086baaaa83b4e8a92db3711358203387334ce05","0xddd77e91c222e36d4bd5ca8e78682a2172314197","0x0fba475e92cfef19f7dbada8ec2cce4ad7bbc0d9","0x8dfbde9bf787f8ac816f681c49ba3a8f924fd93e","553633217993079584775086"
"0x2c3b887a65270ae71648095ec6a736e35e54a03a2dda904f4a8737fbff569a0f-179","28399889","1753802878","0x2c3b887a65270ae71648095ec6a736e35e54a03a2dda904f4a8737fbff569a0f","0xddd77e91c222e36d4bd5ca8e78682a2172314197","0x0fba475e92cfef19f7dbada8ec2cce4ad7bbc0d9","0x39101d60dfad8402694b66815e6279e6bba3dd91","553633217993079584775086"
"0x2c51395d84bba073c78779bd4bfec4251b38781cd3fbfdfcef9f4ce10b120c36-21","28358957","1753778182","0x2c51395d84bba073c78779bd4bfec4251b38781cd3fbfdfcef9f4ce10b120c36","0xddd77e91c222e36d4bd5ca8e78682a2172314197","0x0fba475e92cfef19f7dbada8ec2cce4ad7bbc0d9","0x3e8c77c488b7c8d61b1dd3b162ade24041f8133e","553633217993079584775086"
"0x2c5aea407c5e6355a0a1760e0b75adfa3fa7efefa6ed6dced6bd7d43a714956e-19","28399332","1753802515","0x2c5aea407c5e6355a0a1760e0b75adfa3fa7efefa6ed6dced6bd7d43a714956e","0xddd77e91c222e36d4bd5ca8e78682a2172314197","0x0fba475e92cfef19f7dbada8ec2cce4ad7bbc0d9","0x8cadad70be6d054993d25b571bc506a556f5ea63","553633217993079584775086"
"0x2c66d535049dcb59c9059f3e8ebd67ff8835ae2d755be27a5d00f8b1ce85a18b-14","28339927","1753766734","0x2c66d535049dcb59c9059f3e8ebd67ff8835ae2d755be27a5d00f8b1ce85a18b","0xddd77e91c222e36d4bd5ca8e78682a2172314197","0x0fba475e92cfef19f7dbada8ec2cce4ad7bbc0d9","0x4f45eacfb626f1ad66fc66c2bc430f8e96e3edba","553633217993079584775086"
"0x2c8a2b03306efeb710936331435bad39618110994f6d8b2304239cc8a2aa8943-129","28337414","1753765210","0x2c8a2b03306efeb710936331435bad39618110994f6d8b2304239cc8a2aa8943","0xddd77e91c222e36d4bd5ca8e78682a2172314197","0x0fba475e92cfef19f7dbada8ec2cce4ad7bbc0d9","0x033d5b5552bb13a673fc9a05483e32a546cdeb5c","553633217993079584775086"
"0x2c8e44f365624aab8a5a82d825df72bebbbaa5038d66ff96043faf016c1c6159-77","28398703","1753802131","0x2c8e44f365624aab8a5a82d825df72bebbbaa5038d66ff96043faf016c1c6159","0xddd77e91c222e36d4bd5ca8e78682a2172314197","0x0fba475e92cfef19f7dbada8ec2cce4ad7bbc0d9","0x2658dffe87d9e08dc003b78375f403c6dd172841","553633217993079584775086"
"0x2cb17736cbd6133e4a7a49be7607425d1a26addd9c0c7dd6ddbc490ee23f564d-19","28392437","1753798353","0x2cb17736cbd6133e4a7a49be7607425d1a26addd9c0c7dd6ddbc490ee23f564d","0xddd77e91c222e36d4bd5ca8e78682a2172314197","0x0fba475e92cfef19f7dbada8ec2cce4ad7bbc0d9","0xe55e1d91c84a65efeeac00ebf1ecd6e492bab344","553633217993079584775086"
"0x2cb7bdf271fdeee6aae029d5e6a256ba22322d7dbca4d08c61b1e09a658f4766-159","28396411","1753800752","0x2cb7bdf271fdeee6aae029d5e6a256ba22322d7dbca4d08c61b1e09a658f4766","0xddd77e91c222e36d4bd5ca8e78682a2172314197","0x0fba475e92cfef19f7dbada8ec2cce4ad7bbc0d9","0xb6b4f76246970a73b448ea64ffddaaf4ca2fe846","553633217993079584775086"
"0x2ccc794217bf1950a3a4af2c01bb2310d8a6007c0ad6e29464c7a3ff5a4c81eb-49","28373105","1753786692","0x2ccc794217bf1950a3a4af2c01bb2310d8a6007c0ad6e29464c7a3ff5a4c81eb","0xddd77e91c222e36d4bd5ca8e78682a2172314197","0x0fba475e92cfef19f7dbada8ec2cce4ad7bbc0d9","0xe3746ed415465ce4923e0fd217a06a9d9cf1ac74","553633217993079584775086"
"0x2cfd9d788f844a7c0e5c2945cedf2bbaedd0ec99eec8aa71fbbe70412bd450a6-219","28339038","1753766179","0x2cfd9d788f844a7c0e5c2945cedf2bbaedd0ec99eec8aa71fbbe70412bd450a6","0xddd77e91c222e36d4bd5ca8e78682a2172314197","0x0fba475e92cfef19f7dbada8ec2cce4ad7bbc0d9","0xc29ee275ed151bc7d2d7289b2c4b28d7a153a982","553633217993079584775086"
"0x2d300e5031e303442025c7d9a231b08ae5c7a389d1f5be50065cb7b798e4a692-24","28376215","1753788582","0x2d300e5031e303442025c7d9a231b08ae5c7a389d1f5be50065cb7b798e4a692","0xddd77e91c222e36d4bd5ca8e78682a2172314197","0x0fba475e92cfef19f7dbada8ec2cce4ad7bbc0d9","0x14ab63073381bdebc7d22eb9bfc72fc674ae2e8a","553633217993079584775086"
"0x2d33fef8f24652064fcf410737f5e9c5ebd30f3454d0ee12e46fadad2095a837-65","28390557","1753797203","0x2d33fef8f24652064fcf410737f5e9c5ebd30f3454d0ee12e46fadad2095a837","0xddd77e91c222e36d4bd5ca8e78682a2172314197","0x0fba475e92cfef19f7dbada8ec2cce4ad7bbc0d9","0x8aae7823aee12a4359b7ae33ed7ca1e774f5348b","553633217993079584775086"
"0x2d718106c711a19713b73725088a4c8d93dbf37029680a269961fca5fd1a762a-695","28340088","1753766824","0x2d718106c711a19713b73725088a4c8d93dbf37029680a269961fca5fd1a762a","0xddd77e91c222e36d4bd5ca8e78682a2172314197","0x0fba475e92cfef19f7dbada8ec2cce4ad7bbc0d9","0xedcd33a9c1a6cff9a887e9054bb5933002ca13cc","553633217993079584775086"
"0x2d88ae50551c52267de605cd9863d03323b925704d012bd6347affb41860faef-661","28370591","1753785183","0x2d88ae50551c52267de605cd9863d03323b925704d012bd6347affb41860faef","0xddd77e91c222e36d4bd5ca8e78682a2172314197","0x0fba475e92cfef19f7dbada8ec2cce4ad7bbc0d9","0x71d548abcd525d7805bbfa61a69ec3b510c44ac3","553633217993079584775086"
"0x2db8018a99b9afb0a65dd4e48f40a383e3aaded30f197c6131ee434a95f451b4-182","28352929","1753774545","0x2db8018a99b9afb0a65dd4e48f40a383e3aaded30f197c6131ee434a95f451b4","0xddd77e91c222e36d4bd5ca8e78682a2172314197","0x0fba475e92cfef19f7dbada8ec2cce4ad7bbc0d9","0x6ac3968927be19131e5cde79c5b0b2610664c0a2","553633217993079584775086"
"0x2dbc241a5418533c55c071b22e4906d0aa2adea8e2f00b1bf62ad0ef59e12cbf-107","28370143","1753784919","0x2dbc241a5418533c55c071b22e4906d0aa2adea8e2f00b1bf62ad0ef59e12cbf","0xddd77e91c222e36d4bd5ca8e78682a2172314197","0x0fba475e92cfef19f7dbada8ec2cce4ad7bbc0d9","0x957d50e58e05e2e1a0abc7bc5f191674ad8b8593","553633217993079584775086"
"0x2dd07fc274819f4a47558d75adf70dba2bb293fe0f12ca8a52128099ba7b57b6-3","28353691","1753775000","0x2dd07fc274819f4a47558d75adf70dba2bb293fe0f12ca8a52128099ba7b57b6","0xddd77e91c222e36d4bd5ca8e78682a2172314197","0x0fba475e92cfef19f7dbada8ec2cce4ad7bbc0d9","0xff046a2c64828ed13ad8fa4b87f281ecf533213c","553633217993079584775086"
"0x2e691fd0c89b0bab57c1f0b775c7c536a881024eb64bdeeeb7c14c33617a7c3a-108","28396474","1753800790","0x2e691fd0c89b0bab57c1f0b775c7c536a881024eb64bdeeeb7c14c33617a7c3a","0xddd77e91c222e36d4bd5ca8e78682a2172314197","0x0fba475e92cfef19f7dbada8ec2cce4ad7bbc0d9","0xa5543369a2480642c593661a51bc34541bc17f41","553633217993079584775086"
"0x2e77e85cdda5d1bb25ef5d7c03f8c03bc7f6feadbb23b99adf3f803523eee63d-905","28357409","1753777228","0x2e77e85cdda5d1bb25ef5d7c03f8c03bc7f6feadbb23b99adf3f803523eee63d","0xddd77e91c222e36d4bd5ca8e78682a2172314197","0x0fba475e92cfef19f7dbada8ec2cce4ad7bbc0d9","0xb8216c48907b9789381a6ccddddabe3ad64dbd4f","553633217993079584775086"
"0x2e84ef87e1895709c12225ef336d560dfcf9a7a187c1c144d356e975c699d410-665","28338104","1753765621","0x2e84ef87e1895709c12225ef336d560dfcf9a7a187c1c144d356e975c699d410","0xddd77e91c222e36d4bd5ca8e78682a2172314197","0x0fba475e92cfef19f7dbada8ec2cce4ad7bbc0d9","0xf6d2ea68c854f7a24739c64136fd8873f2fed531","553633217993079584775086"
"0x2eae3e319757f84ed663700c7e795fad70c0deb7ad3bf9f11f1b8b8c3a649410-51","28335052","1753763807","0x2eae3e319757f84ed663700c7e795fad70c0deb7ad3bf9f11f1b8b8c3a649410","0xddd77e91c222e36d4bd5ca8e78682a2172314197","0x0fba475e92cfef19f7dbada8ec2cce4ad7bbc0d9","0x369ffe38b057147e4960498857af4b20ea5f7049","553633217993079584775086"
"0x2eb2747cbbb9b8f2002aecd3882d71acb244453b1a226c5c09890d68aa5c14ef-76","28337142","1753765054","0x2eb2747cbbb9b8f2002aecd3882d71acb244453b1a226c5c09890d68aa5c14ef","0xddd77e91c222e36d4bd5ca8e78682a2172314197","0x0fba475e92cfef19f7dbada8ec2cce4ad7bbc0d9","0xc60fc5c4e77bb9cad38a3a14d58f828188b3d441","553633217993079584775086"
"0x2eb914040f7d9ca9dba43505278ef3c1c20fa08e629c0d5007f0b95e76769d33-204","28355715","1753776204","0x2eb914040f7d9ca9dba43505278ef3c1c20fa08e629c0d5007f0b95e76769d33","0xddd77e91c222e36d4bd5ca8e78682a2172314197","0x0fba475e92cfef19f7dbada8ec2cce4ad7bbc0d9","0xb65dd673084b0f8e7d4e0559e40b7be8cdd0c94e","553633217993079584775086"
"0x2f2093157abdd61d4b14100d422b505a99bf10cfba9890861c94999e5838184c-112","28353517","1753774897","0x2f2093157abdd61d4b14100d422b505a99bf10cfba9890861c94999e5838184c","0xddd77e91c222e36d4bd5ca8e78682a2172314197","0x0fba475e92cfef19f7dbada8ec2cce4ad7bbc0d9","0x705f80d8d7cf05da456b33131a4f346a031a1479","553633217993079584775086"
"0x2f2e8ddfe924612ed655bc25fc7456681e80c341d27bda61d3ea138a1020ddd2-47","28364764","1753781675","0x2f2e8ddfe924612ed655bc25fc7456681e80c341d27bda61d3ea138a1020ddd2","0xddd77e91c222e36d4bd5ca8e78682a2172314197","0x0fba475e92cfef19f7dbada8ec2cce4ad7bbc0d9","0x06a9cfb5d931b63215a21ab324caba98a753a2c4","553633217993079584775086"
"0x2f2f0588f4cf61e2986cd09678f03e43ba01a65fde3330d87524744b627fd238-94","28347031","1753771021","0x2f2f0588f4cf61e2986cd09678f03e43ba01a65fde3330d87524744b627fd238","0xddd77e91c222e36d4bd5ca8e78682a2172314197","0x0fba475e92cfef19f7dbada8ec2cce4ad7bbc0d9","0xec4729d4a6c505e9aa905c5e7a2e20a57ab5b264","553633217993079584775086"
"0x2f51b477af8197861f8f066259ecd073ef8516273e39b05f7ff1e3630fe8e4a5-580","28347316","1753771184","0x2f51b477af8197861f8f066259ecd073ef8516273e39b05f7ff1e3630fe8e4a5","0xddd77e91c222e36d4bd5ca8e78682a2172314197","0x0fba475e92cfef19f7dbada8ec2cce4ad7bbc0d9","0x1a4261436bc35e8e9343f71856b476d688ae93cd","553633217993079584775086"
"0x2f7327a2cc38dd6348a707bb50036265a03af78b60563ebfc988a44de04ee09d-193","28368580","1753783987","0x2f7327a2cc38dd6348a707bb50036265a03af78b60563ebfc988a44de04ee09d","0xddd77e91c222e36d4bd5ca8e78682a2172314197","0x0fba475e92cfef19f7dbada8ec2cce4ad7bbc0d9","0x7e48a0f2d88ff38aee3b3a2b2f9e39d665afdcc5","553633217993079584775086"
"0x2f7cfe5f749c48d44e6999787796751ef5bd637527771d94d2afcfb572ecf607-83","28341103","1753767427","0x2f7cfe5f749c48d44e6999787796751ef5bd637527771d94d2afcfb572ecf607","0xddd77e91c222e36d4bd5ca8e78682a2172314197","0x0fba475e92cfef19f7dbada8ec2cce4ad7bbc0d9","0xc87687d831caaac6b0e09a8102bed287c54b27ed","553633217993079584775086"
"0x2f8e5ef8275417eb46d5eca8a93ec45ab1fafe5f75ac1eee6a28f384553e3a52-126","28342793","1753768421","0x2f8e5ef8275417eb46d5eca8a93ec45ab1fafe5f75ac1eee6a28f384553e3a52","0xddd77e91c222e36d4bd5ca8e78682a2172314197","0x0fba475e92cfef19f7dbada8ec2cce4ad7bbc0d9","0x7a9aa5534833723c148a65ac2546c24e81b859f1","553633217993079584775086"
"0x2f91714ecebcd46888f5d8fd0667edadb54d1bb8f4356c8ce03d3df85af71614-251","28372444","1753786283","0x2f91714ecebcd46888f5d8fd0667edadb54d1bb8f4356c8ce03d3df85af71614","0xddd77e91c222e36d4bd5ca8e78682a2172314197","0x0fba475e92cfef19f7dbada8ec2cce4ad7bbc0d9","0x06e52e813c0b6f7767e57e2a035fb1b2a953ec33","553633217993079584775086"
"0x2fbadf927afb1d83756c8718cecf5c326613ad101ea210e37dea87213b2e65ad-85","28377585","1753789423","0x2fbadf927afb1d83756c8718cecf5c326613ad101ea210e37dea87213b2e65ad","0xddd77e91c222e36d4bd5ca8e78682a2172314197","0x0fba475e92cfef19f7dbada8ec2cce4ad7bbc0d9","0xa4679d38cf9c602a7ab0c4cdc8c6fd65f982ef53","553633217993079584775086"
"0x2ff4a1a106f3a713b2146c71a4aeeed0e52945d5a09dab359e979c3523878adc-268","28376753","1753788914","0x2ff4a1a106f3a713b2146c71a4aeeed0e52945d5a09dab359e979c3523878adc","0xddd77e91c222e36d4bd5ca8e78682a2172314197","0x0fba475e92cfef19f7dbada8ec2cce4ad7bbc0d9","0x21420c7833ed5ec7941527dfa44663f27ed4ddae","553633217993079584775086"
"0x3027ff671d75f83625ecdec8f3060074db3fb303bd49a33063e9fa47eb0c0e80-117","28350228","1753772930","0x3027ff671d75f83625ecdec8f3060074db3fb303bd49a33063e9fa47eb0c0e80","0xddd77e91c222e36d4bd5ca8e78682a2172314197","0x0fba475e92cfef19f7dbada8ec2cce4ad7bbc0d9","0xa9fede8308e8ac41142511dcfad4375e37228e07","553633217993079584775086"
"0x3058030dcdba48840da528463912ab80dd350894d520f9f1c5bcaad01d22273f-8","28362993","1753780605","0x3058030dcdba48840da528463912ab80dd350894d520f9f1c5bcaad01d22273f","0xddd77e91c222e36d4bd5ca8e78682a2172314197","0x0fba475e92cfef19f7dbada8ec2cce4ad7bbc0d9","0x4bf178a7507d5486bf72ec8d2f12ac80a951361b","553633217993079584775086"
"0x30622d8be282f131a2511a85251343873284e99af56ab36fd95282d9f34aba0f-6","28379051","1753790303","0x30622d8be282f131a2511a85251343873284e99af56ab36fd95282d9f34aba0f","0xddd77e91c222e36d4bd5ca8e78682a2172314197","0x0fba475e92cfef19f7dbada8ec2cce4ad7bbc0d9","0x744d552d639d4574274501352655f3446eb54827","553633217993079584775086"
"0x30674c9c7b9e62d5a907dfd502ae22be291a45dd821da3641b0784e00ee0cb68-227","28332286","1753762123","0x30674c9c7b9e62d5a907dfd502ae22be291a45dd821da3641b0784e00ee0cb68","0xddd77e91c222e36d4bd5ca8e78682a2172314197","0x0fba475e92cfef19f7dbada8ec2cce4ad7bbc0d9","0x49c3d540b8abd49f734911108f0cee6c62230239","553633217993079584775086"
"0x307b5f89faa0c3bc3d747dd1ae92686a0656936baa65f5b2eb925bcec953e693-9","28397791","1753801584","0x307b5f89faa0c3bc3d747dd1ae92686a0656936baa65f5b2eb925bcec953e693","0xddd77e91c222e36d4bd5ca8e78682a2172314197","0x0fba475e92cfef19f7dbada8ec2cce4ad7bbc0d9","0xeaa1b2f34ea491bea9e07e757add4ce36cfbbc35","553633217993079584775086"
"0x3095c93962b4adc9c6e001fe571e42d9018ca1e993c1872161cb799749efe607-61","28348558","1753771946","0x3095c93962b4adc9c6e001fe571e42d9018ca1e993c1872161cb799749efe607","0xddd77e91c222e36d4bd5ca8e78682a2172314197","0x0fba475e92cfef19f7dbada8ec2cce4ad7bbc0d9","0x7c1f45082dd441a906f6d7b63d8108313d28d280","553633217993079584775086"
"0x309c8c6c48fc96eee67fc3e0b9ea5b3eefa95442e96e18bc0490abbe3bf7c798-110","28382419","1753792365","0x309c8c6c48fc96eee67fc3e0b9ea5b3eefa95442e96e18bc0490abbe3bf7c798","0xddd77e91c222e36d4bd5ca8e78682a2172314197","0x0fba475e92cfef19f7dbada8ec2cce4ad7bbc0d9","0x8a6d2ef452aed3e803b063fa24131fdde4200b66","553633217993079584775086"
"0x30a23788c81f5b82c75f75b5af6655c306817d0a1fdd5c843e3f7e40cbfa63a3-105","28380144","1753790972","0x30a23788c81f5b82c75f75b5af6655c306817d0a1fdd5c843e3f7e40cbfa63a3","0xddd77e91c222e36d4bd5ca8e78682a2172314197","0x0fba475e92cfef19f7dbada8ec2cce4ad7bbc0d9","0x765fc752b0a603721c3783ba19eee0af1a1c83a1","553633217993079584775086"
"0x30a9ec5c2c4f6b5fbe4c7554305f6b51cec2a48e9f55ce8ce7fd4a8c755b250d-35","28400803","1753803448","0x30a9ec5c2c4f6b5fbe4c7554305f6b51cec2a48e9f55ce8ce7fd4a8c755b250d","0xddd77e91c222e36d4bd5ca8e78682a2172314197","0x0fba475e92cfef19f7dbada8ec2cce4ad7bbc0d9","0xa01875a1fe07cd7435af4b53580cee65f94a8780","553633217993079584775086"
"0x30ad54eedb4595ffc8d105ebdde1f6b8b64ab80f3d7b89ad0826571b16f733e6-130","28396901","1753801050","0x30ad54eedb4595ffc8d105ebdde1f6b8b64ab80f3d7b89ad0826571b16f733e6","0xddd77e91c222e36d4bd5ca8e78682a2172314197","0x0fba475e92cfef19f7dbada8ec2cce4ad7bbc0d9","0xb2ad4cace4dfcd9bbb79998d605d2c4298f85d33","553633217993079584775086"
"0x30b254c1da3c0ff34a1473fa21fb3316467ee01b1106be179a88faf268f5a273-13","28364548","1753781548","0x30b254c1da3c0ff34a1473fa21fb3316467ee01b1106be179a88faf268f5a273","0xddd77e91c222e36d4bd5ca8e78682a2172314197","0x0fba475e92cfef19f7dbada8ec2cce4ad7bbc0d9","0x11ae202b5d558597010067b3270c350845ed868f","553633217993079584775086"
"0x30b89b7252638a641c2264de61abd9b8437261b8cfc96de81d2276ee50ed1ff1-68","28330060","1753760774","0x30b89b7252638a641c2264de61abd9b8437261b8cfc96de81d2276ee50ed1ff1","0xddd77e91c222e36d4bd5ca8e78682a2172314197","0x0fba475e92cfef19f7dbada8ec2cce4ad7bbc0d9","0xee5175cf3028c2e6aa0c87217095cc67c70f90ab","553633217993079584775086"
"0x30c05d5cb824e20ff24132e84528abba8fdeebfb90d2213e6f70a778b182034e-110","28358914","1753778148","0x30c05d5cb824e20ff24132e84528abba8fdeebfb90d2213e6f70a778b182034e","0xddd77e91c222e36d4bd5ca8e78682a2172314197","0x0fba475e92cfef19f7dbada8ec2cce4ad7bbc0d9","0xe201a1fc8344bc3bc5a6c6cf32aa94bebf33c12d","553633217993079584775086"
"0x30e2519b3ae71f2b99549a2060901dc11f6ede81b5d8968992feb2f833583f54-435","28343111","1753768621","0x30e2519b3ae71f2b99549a2060901dc11f6ede81b5d8968992feb2f833583f54","0xddd77e91c222e36d4bd5ca8e78682a2172314197","0x0fba475e92cfef19f7dbada8ec2cce4ad7bbc0d9","0xff8064883dddf519af3a5136b926e92d1877d28d","553633217993079584775086"
"0x312c504eaa30be82fa4e3bfb433624dc4d2e7f0ff46320680a0f90e104679399-59","28392133","1753798176","0x312c504eaa30be82fa4e3bfb433624dc4d2e7f0ff46320680a0f90e104679399","0xddd77e91c222e36d4bd5ca8e78682a2172314197","0x0fba475e92cfef19f7dbada8ec2cce4ad7bbc0d9","0xd1058d6d8e86f40b7d7f5f794cd9645e7794e470","553633217993079584775086"
"0x3140a3f0783c10a7c7def8b98035eee59c2713938457f44f393ac1bd2a83ecb5-99","28402852","1753804700","0x3140a3f0783c10a7c7def8b98035eee59c2713938457f44f393ac1bd2a83ecb5","0xddd77e91c222e36d4bd5ca8e78682a2172314197","0x0fba475e92cfef19f7dbada8ec2cce4ad7bbc0d9","0x629c27c8b80c930627cf393182a5d5459090ef60","553633217993079584775086"
"0x3150fd08d44e97b97061ee25b5bc9e315f5a666b2f38e287289cfd758722479b-159","28339785","1753766650","0x3150fd08d44e97b97061ee25b5bc9e315f5a666b2f38e287289cfd758722479b","0xddd77e91c222e36d4bd5ca8e78682a2172314197","0x0fba475e92cfef19f7dbada8ec2cce4ad7bbc0d9","0x51ad0b2ef2540d9336ec77e6e5a53f62539b4923","553633217993079584775086"
"0x316d5a350555492e8363140efc39f9976df79fbf8db490255bba28d41577021c-47","28337627","1753765339","0x316d5a350555492e8363140efc39f9976df79fbf8db490255bba28d41577021c","0xddd77e91c222e36d4bd5ca8e78682a2172314197","0x0fba475e92cfef19f7dbada8ec2cce4ad7bbc0d9","0xe7b03b580beee0770e22181df63dc0ed72da31f1","553633217993079584775086"
"0x317986a52d77d9f8830aeb552f488bcdf563ef5e1390defb926dee44cbb12b1e-97","28390617","1753797242","0x317986a52d77d9f8830aeb552f488bcdf563ef5e1390defb926dee44cbb12b1e","0xddd77e91c222e36d4bd5ca8e78682a2172314197","0x0fba475e92cfef19f7dbada8ec2cce4ad7bbc0d9","0x5b84f2c9432203274ebff1c90cef0a4325e3b48f","553633217993079584775086"
"0x318caf02cb4a802801ec130804c86e4e00e0bc385b8683a0a96c315085cf85f2-196","28331196","1753761483","0x318caf02cb4a802801ec130804c86e4e00e0bc385b8683a0a96c315085cf85f2","0xddd77e91c222e36d4bd5ca8e78682a2172314197","0x0fba475e92cfef19f7dbada8ec2cce4ad7bbc0d9","0x18ca14cdfa4bf887eeb2dd5fc98a947ea43b8d29","553633217993079584775086"
"0x31b4b1e3ba7222d732e9509db0c645d12f70fc91b5d166fbe60da34abac575ea-620","28392572","1753798434","0x31b4b1e3ba7222d732e9509db0c645d12f70fc91b5d166fbe60da34abac575ea","0xddd77e91c222e36d4bd5ca8e78682a2172314197","0x0fba475e92cfef19f7dbada8ec2cce4ad7bbc0d9","0x0606800eb077522bd3221c95a9d5902281365f18","553633217993079584775086"
"0x31c195b033a4240d5cdd296364bccd5d0a4172a112cba6d12bdb7acd6a2ff7d9-45","28130367","1753640954","0x31c195b033a4240d5cdd296364bccd5d0a4172a112cba6d12bdb7acd6a2ff7d9","0xddd77e91c222e36d4bd5ca8e78682a2172314197","0x0fba475e92cfef19f7dbada8ec2cce4ad7bbc0d9","0xe0942ee3ea0958375a3d40164c612232bf1e90fe","553633217993079584775086"
"0x31ced3a27a677f36aa278cabaa24647695f2f7bc9b3872861cbeba6bd53cdcd2-31","28379851","1753790791","0x31ced3a27a677f36aa278cabaa24647695f2f7bc9b3872861cbeba6bd53cdcd2","0xddd77e91c222e36d4bd5ca8e78682a2172314197","0x0fba475e92cfef19f7dbada8ec2cce4ad7bbc0d9","0xbfe1d5893ddbb0b04e52afdbdb18842f42d733cb","553633217993079584775086"
"0x31dad958fb436c3a9b1d39824460578ee37295aea0740a11b410dcdba68ac8c0-266","28353938","1753775133","0x31dad958fb436c3a9b1d39824460578ee37295aea0740a11b410dcdba68ac8c0","0xddd77e91c222e36d4bd5ca8e78682a2172314197","0x0fba475e92cfef19f7dbada8ec2cce4ad7bbc0d9","0x60607c0cee41d61302c9b38949bd634d49e3440e","553633217993079584775086"
"0x31eb12cfa2674c302e42e1d37257086210db505614d89bbb09793accf213b82f-6","28347896","1753771542","0x31eb12cfa2674c302e42e1d37257086210db505614d89bbb09793accf213b82f","0xddd77e91c222e36d4bd5ca8e78682a2172314197","0x0fba475e92cfef19f7dbada8ec2cce4ad7bbc0d9","0xe5316f62777c7a058ad6c157a53d8442f2458a2d","553633217993079584775086"
"0x31fec84c239bf94bb6159e4349ee09017e967737b196f410443958010b4d0584-145","28354861","1753775692","0x31fec84c239bf94bb6159e4349ee09017e967737b196f410443958010b4d0584","0xddd77e91c222e36d4bd5ca8e78682a2172314197","0x0fba475e92cfef19f7dbada8ec2cce4ad7bbc0d9","0xe6b0d982098753d732c91add2ca46f5c55da3949","553633217993079584775086"
"0x320bac578080677e45c81a26e810fd82e6f5dc30d210dc4e48a59352a4ed419a-56","28349687","1753772596","0x320bac578080677e45c81a26e810fd82e6f5dc30d210dc4e48a59352a4ed419a","0xddd77e91c222e36d4bd5ca8e78682a2172314197","0x0fba475e92cfef19f7dbada8ec2cce4ad7bbc0d9","0x47edcad992c6b0a741a06b57a937e1e4776f1a92","553633217993079584775086"
"0x3257a2a86093d3fbdd1647f6e7911ba4d592cc0db77d92ed6ebe6366f7a487db-93","28409728","1753808833","0x3257a2a86093d3fbdd1647f6e7911ba4d592cc0db77d92ed6ebe6366f7a487db","0xddd77e91c222e36d4bd5ca8e78682a2172314197","0x0fba475e92cfef19f7dbada8ec2cce4ad7bbc0d9","0xc04003ec4c9ff19077ae139ff4f0dfcf3417bd73","553633217993079584775086"
"0x326b2ccc6e545a3bf7f0963f49fe9c08c169bff0c7363460fe1cc39e870b86e1-132","28394064","1753799350","0x326b2ccc6e545a3bf7f0963f49fe9c08c169bff0c7363460fe1cc39e870b86e1","0xddd77e91c222e36d4bd5ca8e78682a2172314197","0x0fba475e92cfef19f7dbada8ec2cce4ad7bbc0d9","0xc364e5c3abd138242a8270e0caf98b5e64d538eb","553633217993079584775086"
"0x327f08654d9dcf184954de575989c226d967d4203705108b9ba2c8a4648c4096-91","28365830","1753782320","0x327f08654d9dcf184954de575989c226d967d4203705108b9ba2c8a4648c4096","0xddd77e91c222e36d4bd5ca8e78682a2172314197","0x0fba475e92cfef19f7dbada8ec2cce4ad7bbc0d9","0x9201494bd4bd4f3d064529783a8349f3f2d29372","553633217993079584775086"
"0x3289bc1cd42e083be7cb297a49378ae4e2bd0babbc22d7ba786fe4795d25d1e5-73","28396090","1753800554","0x3289bc1cd42e083be7cb297a49378ae4e2bd0babbc22d7ba786fe4795d25d1e5","0xddd77e91c222e36d4bd5ca8e78682a2172314197","0x0fba475e92cfef19f7dbada8ec2cce4ad7bbc0d9","0xdec65f2136d0d063a8ba463b7d3201bc9188c885","553633217993079584775086"
"0x32da64a7641bcf283f3264238319baf7ef5b24f3f83f913e5748cf795c4b0877-25","28359184","1753778312","0x32da64a7641bcf283f3264238319baf7ef5b24f3f83f913e5748cf795c4b0877","0xddd77e91c222e36d4bd5ca8e78682a2172314197","0x0fba475e92cfef19f7dbada8ec2cce4ad7bbc0d9","0x9de45cab2e5697611e372c4f75670d2757aeaf2d","553633217993079584775086"
"0x32e4268fd05f1dc164185aa2b7040030ea167f133552582fa26687d1fd497c0c-28","28340067","1753766811","0x32e4268fd05f1dc164185aa2b7040030ea167f133552582fa26687d1fd497c0c","0xddd77e91c222e36d4bd5ca8e78682a2172314197","0x0fba475e92cfef19f7dbada8ec2cce4ad7bbc0d9","0xee304ad010664a249ab17b458163d5cfb574a754","553633217993079584775086"
"0x32eeb4d775e45ebd86e5dd372f4a61330c2ca49492ba60df75a60dd57459cb11-3","28363407","1753780851","0x32eeb4d775e45ebd86e5dd372f4a61330c2ca49492ba60df75a60dd57459cb11","0xddd77e91c222e36d4bd5ca8e78682a2172314197","0x0fba475e92cfef19f7dbada8ec2cce4ad7bbc0d9","0x9fa83ddc747c7c359efc2c4a653f25430ed09ea6","553633217993079584775086"
"0x32f259d315f81134df49a7ff47cebb2a3e544ef97720ad7f203ea49bd91e1134-50","28373926","1753787196","0x32f259d315f81134df49a7ff47cebb2a3e544ef97720ad7f203ea49bd91e1134","0xddd77e91c222e36d4bd5ca8e78682a2172314197","0x0fba475e92cfef19f7dbada8ec2cce4ad7bbc0d9","0x5039558006ab6b17e722fbfb9bac25e00d5a6acf","553633217993079584775086"
"0x32f34ac7ba7cfcdd7ca450df6c3688599f3fe9de6650d757b76240aaee4d7720-142","28391533","1753797805","0x32f34ac7ba7cfcdd7ca450df6c3688599f3fe9de6650d757b76240aaee4d7720","0xddd77e91c222e36d4bd5ca8e78682a2172314197","0x0fba475e92cfef19f7dbada8ec2cce4ad7bbc0d9","0xea276892d08f7dc41c82b23769f80fb7a4f88277","553633217993079584775086"
"0x32f7b35effc0cda5621c7fb17694f4ffa4974f925641d3bab0d25344e7459ae1-46","28340087","1753766821","0x32f7b35effc0cda5621c7fb17694f4ffa4974f925641d3bab0d25344e7459ae1","0xddd77e91c222e36d4bd5ca8e78682a2172314197","0x0fba475e92cfef19f7dbada8ec2cce4ad7bbc0d9","0x141d3349cce50fae7cde432457a9b791975caddd","553633217993079584775086"
"0x32f95ead708a5641782a792c2e80ec60228b6e7e006a81f1fb9ced0338f31a2b-164","28390478","1753797154","0x32f95ead708a5641782a792c2e80ec60228b6e7e006a81f1fb9ced0338f31a2b","0xddd77e91c222e36d4bd5ca8e78682a2172314197","0x0fba475e92cfef19f7dbada8ec2cce4ad7bbc0d9","0x5a9c60dd490b6c3c0f74e0d8e4b61b4956f9c6c4","553633217993079584775086"
"0x32fc2761735521c0add161ffd821e2bf035b0b92d79e2a86e433f049ecc7ff36-124","28356132","1753776467","0x32fc2761735521c0add161ffd821e2bf035b0b92d79e2a86e433f049ecc7ff36","0xddd77e91c222e36d4bd5ca8e78682a2172314197","0x0fba475e92cfef19f7dbada8ec2cce4ad7bbc0d9","0x41f9ba43176e26619fa29cde270787660100b4a1","553633217993079584775086"
"0x336d2efb86d94a8d083bfb60433dfa59f1fafb560e7a70ae7fa3bc2018540f7a-20","28366360","1753782640","0x336d2efb86d94a8d083bfb60433dfa59f1fafb560e7a70ae7fa3bc2018540f7a","0xddd77e91c222e36d4bd5ca8e78682a2172314197","0x0fba475e92cfef19f7dbada8ec2cce4ad7bbc0d9","0x386fec97e96d35e7be6fcdb9afd9944b1ab33178","553633217993079584775086"
"0x337ae5fcde5dc6a2c1a8c8e80f89f4ebabf1209458e7a7e5dcc3c3b0eb98ee3b-10","28342827","1753768445","0x337ae5fcde5dc6a2c1a8c8e80f89f4ebabf1209458e7a7e5dcc3c3b0eb98ee3b","0xddd77e91c222e36d4bd5ca8e78682a2172314197","0x0fba475e92cfef19f7dbada8ec2cce4ad7bbc0d9","0x8dceb0f2ce1844af252ee9ce3a9d84b738d3d9b6","553633217993079584775086"
"0x33a5bcc08cf70b03f166abdb3d1f3ae0aa12a0b7b5975e236298cd334ff593e3-90","28356701","1753776799","0x33a5bcc08cf70b03f166abdb3d1f3ae0aa12a0b7b5975e236298cd334ff593e3","0xddd77e91c222e36d4bd5ca8e78682a2172314197","0x0fba475e92cfef19f7dbada8ec2cce4ad7bbc0d9","0xa8dbbe574e91ba3b6cddcec576896ee93bc9e9bf","553633217993079584775086"
"0x33c85febc26ccd9eb13dc6873dde917a745ce23e215002ffdab49a7b1186cdd2-90","28393097","1753798741","0x33c85febc26ccd9eb13dc6873dde917a745ce23e215002ffdab49a7b1186cdd2","0xddd77e91c222e36d4bd5ca8e78682a2172314197","0x0fba475e92cfef19f7dbada8ec2cce4ad7bbc0d9","0x19a863aec37c83c7cb34548c29f1f7e41bcb51ca","553633217993079584775086"
"0x33fdb32580c4893abaa5e43afb0815e0c2d731dfadc051b646deb86362b17f4e-4","28386921","1753795022","0x33fdb32580c4893abaa5e43afb0815e0c2d731dfadc051b646deb86362b17f4e","0xddd77e91c222e36d4bd5ca8e78682a2172314197","0x0fba475e92cfef19f7dbada8ec2cce4ad7bbc0d9","0x2dff842f761379f85d98def8ef85fc07692dbe06","553633217993079584775086"
"0x3406bbd40c0bad5ddb48d79454d67ea42cc6da4460455d3b3c58113ed6dd6b8a-588","28334727","1753763612","0x3406bbd40c0bad5ddb48d79454d67ea42cc6da4460455d3b3c58113ed6dd6b8a","0xddd77e91c222e36d4bd5ca8e78682a2172314197","0x0fba475e92cfef19f7dbada8ec2cce4ad7bbc0d9","0x3977c56abe4692835889103ebd1d1d1ba762f6a4","553633217993079584775086"
"0x344d8c404c40c0bb8bc762584a63285cc14855d467d6b48a801640c9822d4565-18","28350295","1753772968","0x344d8c404c40c0bb8bc762584a63285cc14855d467d6b48a801640c9822d4565","0xddd77e91c222e36d4bd5ca8e78682a2172314197","0x0fba475e92cfef19f7dbada8ec2cce4ad7bbc0d9","0x8221c99234f92df2af01c3046824d39a27bdfa5f","553633217993079584775086"
"0x346713ca3e1acb47573852538855235e71f1d9100f476b160df1779df8367cab-163","28361933","1753779967","0x346713ca3e1acb47573852538855235e71f1d9100f476b160df1779df8367cab","0xddd77e91c222e36d4bd5ca8e78682a2172314197","0x0fba475e92cfef19f7dbada8ec2cce4ad7bbc0d9","0x109ca521ab17c358db49f2cb4082f151e15074d0","553633217993079584775086"
"0x347ef44b9b909295cfb203d8c7c915cb32209ce6fc01cd1dcb8e6d2c43758847-77","28137200","1753645070","0x347ef44b9b909295cfb203d8c7c915cb32209ce6fc01cd1dcb8e6d2c43758847","0xddd77e91c222e36d4bd5ca8e78682a2172314197","0x0fba475e92cfef19f7dbada8ec2cce4ad7bbc0d9","0xc980c64971aa070ffe2074ed8e611eedbac1c9f9","553633217993079584775086"
"0x3483a0906d108de1fa308ddee917a709ebc5bddfbadc3fd76467b4037fb09084-4","28378646","1753790068","0x3483a0906d108de1fa308ddee917a709ebc5bddfbadc3fd76467b4037fb09084","0xddd77e91c222e36d4bd5ca8e78682a2172314197","0x0fba475e92cfef19f7dbada8ec2cce4ad7bbc0d9","0x07022938e17988d2df8fac3bc3bb44422a8afafe","553633217993079584775086"
"0x3491f3f71769cf3948439d4cf2d18be6a5b2c5a610f172a6957b3fe55df39169-128","28365834","1753782322","0x3491f3f71769cf3948439d4cf2d18be6a5b2c5a610f172a6957b3fe55df39169","0xddd77e91c222e36d4bd5ca8e78682a2172314197","0x0fba475e92cfef19f7dbada8ec2cce4ad7bbc0d9","0x39c74db3de29ecfcce28e63a5aa5097a3341cdfc","553633217993079584775086"
"0x3497c2357fa13e13738ca5860c78d637c7ea41e71acbd2c10577e6f22fb4b6f2-38","28390442","1753797131","0x3497c2357fa13e13738ca5860c78d637c7ea41e71acbd2c10577e6f22fb4b6f2","0xddd77e91c222e36d4bd5ca8e78682a2172314197","0x0fba475e92cfef19f7dbada8ec2cce4ad7bbc0d9","0x7adad13ebecf8cdcb517597dc00b90553c2b15c9","553633217993079584775086"
"0x34a64c609d3aedc3be292a9512e3f29decd8c4c7e6d8a559f7891c1fc1e33510-710","28362650","1753780407","0x34a64c609d3aedc3be292a9512e3f29decd8c4c7e6d8a559f7891c1fc1e33510","0xddd77e91c222e36d4bd5ca8e78682a2172314197","0x0fba475e92cfef19f7dbada8ec2cce4ad7bbc0d9","0x6b1d313e91dcd343995c5df9c4212d7ef8d47889","553633217993079584775086"
"0x34c773da3bdb490a66026263c30574b1680157199b396ec09168e8ca213756f1-65","28337791","1753765435","0x34c773da3bdb490a66026263c30574b1680157199b396ec09168e8ca213756f1","0xddd77e91c222e36d4bd5ca8e78682a2172314197","0x0fba475e92cfef19f7dbada8ec2cce4ad7bbc0d9","0xf14e74510bd67cba6a458245e771fdd0f9c38c4b","553633217993079584775086"
"0x34e61a3b433772a1e6c496da785974a130501d3ffda16baa07920655c7be32fe-473","28342525","1753768262","0x34e61a3b433772a1e6c496da785974a130501d3ffda16baa07920655c7be32fe","0xddd77e91c222e36d4bd5ca8e78682a2172314197","0x0fba475e92cfef19f7dbada8ec2cce4ad7bbc0d9","0x9637a6e8dc817a2c6648d2d31cfd765a8360b365","553633217993079584775086"
"0x34f33eee10d3357d6fd4505a800f46af39158490a128f1623bcc1bf966345aad-38","28345992","1753770377","0x34f33eee10d3357d6fd4505a800f46af39158490a128f1623bcc1bf966345aad","0xddd77e91c222e36d4bd5ca8e78682a2172314197","0x0fba475e92cfef19f7dbada8ec2cce4ad7bbc0d9","0xfab7b34938bf105eb8cdb6b99b6360de58b25e99","553633217993079584775086"
"0x34f574b1c7dfc5d8fd76e09e434e17ef1132a9d593e4f0a752a5acdd14244d04-316","28344729","1753769614","0x34f574b1c7dfc5d8fd76e09e434e17ef1132a9d593e4f0a752a5acdd14244d04","0xddd77e91c222e36d4bd5ca8e78682a2172314197","0x0fba475e92cfef19f7dbada8ec2cce4ad7bbc0d9","0xf6672e534b65fc67eae1827c162905a1b89eaaa9","553633217993079584775086"
"0x34f58b9664f29a9ba8e4a0317a1c6ace5fea85da4bb5f4604dfd072f9790c05c-41","28373281","1753786791","0x34f58b9664f29a9ba8e4a0317a1c6ace5fea85da4bb5f4604dfd072f9790c05c","0xddd77e91c222e36d4bd5ca8e78682a2172314197","0x0fba475e92cfef19f7dbada8ec2cce4ad7bbc0d9","0x350f2d1e727d015cb8f47e9d636cbb55dc93337f","553633217993079584775086"
"0x34f72b985a2047863808e4d2fd7cd5c27aaa2c7297fe484350856730532d5619-37","28358621","1753777963","0x34f72b985a2047863808e4d2fd7cd5c27aaa2c7297fe484350856730532d5619","0xddd77e91c222e36d4bd5ca8e78682a2172314197","0x0fba475e92cfef19f7dbada8ec2cce4ad7bbc0d9","0xde55b9660ea38e6a00a09b2af587079a82715edc","553633217993079584775086"
"0x34fc8d79f454ca473f24553cef4ca771bc7ac61d4d0cf5aa6b4bfd52b1987722-756","28386816","1753794953","0x34fc8d79f454ca473f24553cef4ca771bc7ac61d4d0cf5aa6b4bfd52b1987722","0xddd77e91c222e36d4bd5ca8e78682a2172314197","0x0fba475e92cfef19f7dbada8ec2cce4ad7bbc0d9","0x42902fb98403ddc084d3a86f6a34a178e3bef21c","553633217993079584775086"
"0x3501d2a247de26196071822d8d7f58738ab9b80120b8cdb3d657e3be7a5bdfdf-40","28356700","1753776798","0x3501d2a247de26196071822d8d7f58738ab9b80120b8cdb3d657e3be7a5bdfdf","0xddd77e91c222e36d4bd5ca8e78682a2172314197","0x0fba475e92cfef19f7dbada8ec2cce4ad7bbc0d9","0x0e5975265a9039c0e3fe32e76d78dbff6472cd7f","553633217993079584775086"
"0x35078a7717411c6e3f379998691cd6286af6a88b97af8c9b25489d7205cd49d0-452","28337494","1753765264","0x35078a7717411c6e3f379998691cd6286af6a88b97af8c9b25489d7205cd49d0","0xddd77e91c222e36d4bd5ca8e78682a2172314197","0x0fba475e92cfef19f7dbada8ec2cce4ad7bbc0d9","0x66afec9d7be8df2584464143c8ee418b6235855f","553633217993079584775086"
"0x35253ad3cc6b3bc0d75f542c9c1c535aee6764f2ea7302c8fafde091954c60d7-81","28400138","1753803037","0x35253ad3cc6b3bc0d75f542c9c1c535aee6764f2ea7302c8fafde091954c60d7","0xddd77e91c222e36d4bd5ca8e78682a2172314197","0x0fba475e92cfef19f7dbada8ec2cce4ad7bbc0d9","0xc36e285f6b0c366325a0dc06ca96c3c7a2e2afe0","553633217993079584775086"
"0x353bb83880ef978cd4c6ba9383a0670cb9ccae56ed555dcf30c9834ca325dbb6-858","28352693","1753774402","0x353bb83880ef978cd4c6ba9383a0670cb9ccae56ed555dcf30c9834ca325dbb6","0xddd77e91c222e36d4bd5ca8e78682a2172314197","0x0fba475e92cfef19f7dbada8ec2cce4ad7bbc0d9","0x7c945b48b0bbb207577f1d4e183b8fda377483da","553633217993079584775086"
"0x3564036c2b86b0c20a2e91ab14086d1fefe719cb58fbc1cbf140541e337da780-44","28372637","1753786393","0x3564036c2b86b0c20a2e91ab14086d1fefe719cb58fbc1cbf140541e337da780","0xddd77e91c222e36d4bd5ca8e78682a2172314197","0x0fba475e92cfef19f7dbada8ec2cce4ad7bbc0d9","0x8a0496c443cdd426c7701393e5419267729a2e71","553633217993079584775086"
"0x3594822215df09f40032c446f6c17e7c6590e1c5d64c9b6b42bbc72237a2c000-25","28340367","1753766972","0x3594822215df09f40032c446f6c17e7c6590e1c5d64c9b6b42bbc72237a2c000","0xddd77e91c222e36d4bd5ca8e78682a2172314197","0x0fba475e92cfef19f7dbada8ec2cce4ad7bbc0d9","0x14a68cb86c21ba158f21b049a27c35120933bdc2","553633217993079584775086"
"0x35a11b3ef5985b8e967a2dad8616ad216fea0fae9c16d25947b22c9c7034d3e9-119","28352667","1753774382","0x35a11b3ef5985b8e967a2dad8616ad216fea0fae9c16d25947b22c9c7034d3e9","0xddd77e91c222e36d4bd5ca8e78682a2172314197","0x0fba475e92cfef19f7dbada8ec2cce4ad7bbc0d9","0x57a5e9b79fd1a538f1f0d3d7549b4675b306adc8","553633217993079584775086"
"0x35af82ef58a4da6fb667859f277654b229116b90d57d74cbdee9b470eebb1d7a-112","28373645","1753787016","0x35af82ef58a4da6fb667859f277654b229116b90d57d74cbdee9b470eebb1d7a","0xddd77e91c222e36d4bd5ca8e78682a2172314197","0x0fba475e92cfef19f7dbada8ec2cce4ad7bbc0d9","0xd44a7bad6daa61fb967e685eb73f7271002c4f9e","553633217993079584775086"
"0x35b757ba9c94e48daf599ccd26ad068e859a371215e1ad4c36b8627bf5c37d13-47","28398988","1753802305","0x35b757ba9c94e48daf599ccd26ad068e859a371215e1ad4c36b8627bf5c37d13","0xddd77e91c222e36d4bd5ca8e78682a2172314197","0x0fba475e92cfef19f7dbada8ec2cce4ad7bbc0d9","0xca1152f7b0c0629d2c01c41cb775e9b8c6d3b2a9","553633217993079584775086"
"0x35b831805d25b09251ead862d86c7e7c68c9684f4574d8ff83c91f6608eebf45-504","28342685","1753768360","0x35b831805d25b09251ead862d86c7e7c68c9684f4574d8ff83c91f6608eebf45","0xddd77e91c222e36d4bd5ca8e78682a2172314197","0x0fba475e92cfef19f7dbada8ec2cce4ad7bbc0d9","0xbe085c573afdb8ab9904e80a1cd9bb9964a68abd","553633217993079584775086"
"0x35ddbfea3b0e87db773ac258c120e8092511ae14699adc16823efd8b7fe3ab18-150","28397837","1753801613","0x35ddbfea3b0e87db773ac258c120e8092511ae14699adc16823efd8b7fe3ab18","0xddd77e91c222e36d4bd5ca8e78682a2172314197","0x0fba475e92cfef19f7dbada8ec2cce4ad7bbc0d9","0x5f0f4b4e06143f09da3c3a8b189862dead408cd7","553633217993079584775086"
"0x35e391f316898f1d982a67812a1a700abfdd8a2bf1795135eaaffcf024c7d91d-3","28354350","1753775389","0x35e391f316898f1d982a67812a1a700abfdd8a2bf1795135eaaffcf024c7d91d","0xddd77e91c222e36d4bd5ca8e78682a2172314197","0x0fba475e92cfef19f7dbada8ec2cce4ad7bbc0d9","0xd45f30b9c54f170cf06fdd88f653da0afed4f214","553633217993079584775086"
"0x35e8490f2415c16970e976ce2874c6f2933ee0c93c2e835df143562cca883ac5-258","28339741","1753766623","0x35e8490f2415c16970e976ce2874c6f2933ee0c93c2e835df143562cca883ac5","0xddd77e91c222e36d4bd5ca8e78682a2172314197","0x0fba475e92cfef19f7dbada8ec2cce4ad7bbc0d9","0x2ebdfb0eea0364372b4a1a1d2a8142c60ea54867","553633217993079584775086"
"0x35f74a99395fdae798f4c3b79111b7d128897098d451d332c14b49f03b58180e-18","28385578","1753794241","0x35f74a99395fdae798f4c3b79111b7d128897098d451d332c14b49f03b58180e","0xddd77e91c222e36d4bd5ca8e78682a2172314197","0x0fba475e92cfef19f7dbada8ec2cce4ad7bbc0d9","0xa5944ea0a39f4a1167d491d673e673c54d6dd89c","553633217993079584775086"
"0x364d70f54b11bfc010965ce7bc847c974ff7c21d3cdae21dc4c4ca41cc7d48a7-67","28403407","1753805036","0x364d70f54b11bfc010965ce7bc847c974ff7c21d3cdae21dc4c4ca41cc7d48a7","0xddd77e91c222e36d4bd5ca8e78682a2172314197","0x0fba475e92cfef19f7dbada8ec2cce4ad7bbc0d9","0x464102b996aaf50363305519177637cb58fe229d","553633217993079584775086"
"0x36724d84b14afd999d43dae3e1cc4316e58dfd31eefdaf1799a82fcac241dba3-141","28369081","1753784303","0x36724d84b14afd999d43dae3e1cc4316e58dfd31eefdaf1799a82fcac241dba3","0xddd77e91c222e36d4bd5ca8e78682a2172314197","0x0fba475e92cfef19f7dbada8ec2cce4ad7bbc0d9","0x4d58a9253b671462016f108bb25ed00191ff956e","553633217993079584775086"
"0x367fa95af597c608ef1b80a3af667260abfa2442cb80d78d4843dc058ea6833c-23","28378155","1753789763","0x367fa95af597c608ef1b80a3af667260abfa2442cb80d78d4843dc058ea6833c","0xddd77e91c222e36d4bd5ca8e78682a2172314197","0x0fba475e92cfef19f7dbada8ec2cce4ad7bbc0d9","0x6b585eb137d58a5a426a2d37978e66cda75a68e6","553633217993079584775086"
"0x368fe4fa46c18eb1d7b566331cc026522c5cbf8feca7d32b21317625ac63f466-559","28330613","1753761114","0x368fe4fa46c18eb1d7b566331cc026522c5cbf8feca7d32b21317625ac63f466","0xddd77e91c222e36d4bd5ca8e78682a2172314197","0x0fba475e92cfef19f7dbada8ec2cce4ad7bbc0d9","0xe51574f0658bdb2b58f8887001d7f0cb2e3c678e","553633217993079584775086"
"0x3696b828ba10992d56fe1a09a1f8c710d327bf6fff77e72584d2d9ea35e172a3-111","28387654","1753795412","0x3696b828ba10992d56fe1a09a1f8c710d327bf6fff77e72584d2d9ea35e172a3","0xddd77e91c222e36d4bd5ca8e78682a2172314197","0x0fba475e92cfef19f7dbada8ec2cce4ad7bbc0d9","0x47db21faa120afbd9becdf00d8d24991be6bf57f","553633217993079584775086"
"0x36cb76bb83558ac25f4ff684e12b60aa26dd7c1f77d9cbbfae49db2556edf3d1-4","28345134","1753769863","0x36cb76bb83558ac25f4ff684e12b60aa26dd7c1f77d9cbbfae49db2556edf3d1","0xddd77e91c222e36d4bd5ca8e78682a2172314197","0x0fba475e92cfef19f7dbada8ec2cce4ad7bbc0d9","0xcc621bdd493f532b7c35848aa600763724d5375c","553633217993079584775086"
"0x36d494f6d2bdc7845c6187ea2c05b65e889b312776eda9f951dbd5bacbd65d1c-161","28334786","1753763642","0x36d494f6d2bdc7845c6187ea2c05b65e889b312776eda9f951dbd5bacbd65d1c","0xddd77e91c222e36d4bd5ca8e78682a2172314197","0x0fba475e92cfef19f7dbada8ec2cce4ad7bbc0d9","0x8451e5dadc75ac902437917800bde2cba73c5bea","553633217993079584775086"
"0x36e60cee6b78f630120cd9971aab398ed54a8061053179f1907d858f3cc96dec-63","28129535","1753640463","0x36e60cee6b78f630120cd9971aab398ed54a8061053179f1907d858f3cc96dec","0xddd77e91c222e36d4bd5ca8e78682a2172314197","0x0fba475e92cfef19f7dbada8ec2cce4ad7bbc0d9","0x8cfe9b5282053488130ff6ce3728f9fd1a9b2843","553633217993079584775086"
"0x370501d1d045404cf36287c9f495eb093f08c2964d354d5cdc74716080f621c6-286","28363703","1753781037","0x370501d1d045404cf36287c9f495eb093f08c2964d354d5cdc74716080f621c6","0xddd77e91c222e36d4bd5ca8e78682a2172314197","0x0fba475e92cfef19f7dbada8ec2cce4ad7bbc0d9","0x858607ca1c3194dcf15877a2773f6fe8660799de","553633217993079584775086"
"0x3715ed34405404c13dc8c5791fbd0f5e2590e44860696b4d87648b87f870c82b-84","28394480","1753799607","0x3715ed34405404c13dc8c5791fbd0f5e2590e44860696b4d87648b87f870c82b","0xddd77e91c222e36d4bd5ca8e78682a2172314197","0x0fba475e92cfef19f7dbada8ec2cce4ad7bbc0d9","0x952d980f40bded3459ea9905480fcc1c900a0271","553633217993079584775086"
"0x372eb4a96062b8e218aa4b257ed1c711a9c2842e4dd8a8cde26680af2f2c320b-154","28389640","1753796648","0x372eb4a96062b8e218aa4b257ed1c711a9c2842e4dd8a8cde26680af2f2c320b","0xddd77e91c222e36d4bd5ca8e78682a2172314197","0x0fba475e92cfef19f7dbada8ec2cce4ad7bbc0d9","0xa1a38d65100d23ae2bec8e925605bffe282d0d09","553633217993079584775086"
"0x3733fca3b9f72cd1052d11a7385634bdd30357859ec2ff0edaba4d877a592024-52","28359552","1753778542","0x3733fca3b9f72cd1052d11a7385634bdd30357859ec2ff0edaba4d877a592024","0xddd77e91c222e36d4bd5ca8e78682a2172314197","0x0fba475e92cfef19f7dbada8ec2cce4ad7bbc0d9","0x94589883ff43979a87d81c27ebc6359b8e5487fc","553633217993079584775086"
"0x373eb7d7484ab0c7a11dd7f4ead4c968b79f6e5658d3d2385d2a97cb0e51939c-6","28375080","1753787915","0x373eb7d7484ab0c7a11dd7f4ead4c968b79f6e5658d3d2385d2a97cb0e51939c","0xddd77e91c222e36d4bd5ca8e78682a2172314197","0x0fba475e92cfef19f7dbada8ec2cce4ad7bbc0d9","0x4eb754314079c19104a1ef3343ebafdb809519d3","553633217993079584775086"
"0x376a88267ac6514655c12924e2b2c0a92b43e6c64e57251b64e04148a26daf66-184","28335719","1753764200","0x376a88267ac6514655c12924e2b2c0a92b43e6c64e57251b64e04148a26daf66","0xddd77e91c222e36d4bd5ca8e78682a2172314197","0x0fba475e92cfef19f7dbada8ec2cce4ad7bbc0d9","0x733e4a69ae378532145b419efa86bbaa35b0050d","553633217993079584775086"
"0x376d59d542738d765be499bf4dddc837b6dd220cd8738dd9d4a285a3ffb6c4a2-3","28137709","1753645378","0x376d59d542738d765be499bf4dddc837b6dd220cd8738dd9d4a285a3ffb6c4a2","0xddd77e91c222e36d4bd5ca8e78682a2172314197","0x0fba475e92cfef19f7dbada8ec2cce4ad7bbc0d9","0x1f70dbdec49a8772e980b7ea016b0f046e2a57b9","553633217993079584775086"
"0x3787905d26a9e7afae5a9320f5e67c1b4588cf1062b9808f36f7a3247a278f0f-92","28380518","1753791201","0x3787905d26a9e7afae5a9320f5e67c1b4588cf1062b9808f36f7a3247a278f0f","0xddd77e91c222e36d4bd5ca8e78682a2172314197","0x0fba475e92cfef19f7dbada8ec2cce4ad7bbc0d9","0xd93aa1cca0c0f8e841f4f178e51bf41a2e5267f1","553633217993079584775086"
"0x378e8246b6eb10e6fc5169375f1ecbd7757940a523aa1a24e3f458a8bf3773bc-544","28379139","1753790358","0x378e8246b6eb10e6fc5169375f1ecbd7757940a523aa1a24e3f458a8bf3773bc","0xddd77e91c222e36d4bd5ca8e78682a2172314197","0x0fba475e92cfef19f7dbada8ec2cce4ad7bbc0d9","0xf19bb46380315a4b12895344cf42287842ceb483","553633217993079584775086"
"0x37a57e77c04e956cb58a49da96515c58c7a0c75b5cd75d16e313c428ee7c6402-132","28347541","1753771310","0x37a57e77c04e956cb58a49da96515c58c7a0c75b5cd75d16e313c428ee7c6402","0xddd77e91c222e36d4bd5ca8e78682a2172314197","0x0fba475e92cfef19f7dbada8ec2cce4ad7bbc0d9","0x21aaa6c835ca9c606d444fd5787ffbefc88c1c20","553633217993079584775086"
"0x37acbbe5256fd5f2790be837ce882847a63d1273d844e54a3fc5b7ff5a6a43c8-12","28331057","1753761396","0x37acbbe5256fd5f2790be837ce882847a63d1273d844e54a3fc5b7ff5a6a43c8","0xddd77e91c222e36d4bd5ca8e78682a2172314197","0x0fba475e92cfef19f7dbada8ec2cce4ad7bbc0d9","0x98c0b007087841e718af1183fecfe7e7b88b7186","553633217993079584775086"
"0x37b2b2100332147c5bfb2a9d2ad9a72cdc5b33e9088d3e39b7ccf16f4ddb3c6e-78","28372476","1753786299","0x37b2b2100332147c5bfb2a9d2ad9a72cdc5b33e9088d3e39b7ccf16f4ddb3c6e","0xddd77e91c222e36d4bd5ca8e78682a2172314197","0x0fba475e92cfef19f7dbada8ec2cce4ad7bbc0d9","0x1b5cf7e1135e9f78f798c2dab0608e033c5a2c87","553633217993079584775086"
"0x37b8b65f2f572e26a7f822abeccd3a5e0ef3c93ef48e4451755846e9fcf74c11-27","28343044","1753768576","0x37b8b65f2f572e26a7f822abeccd3a5e0ef3c93ef48e4451755846e9fcf74c11","0xddd77e91c222e36d4bd5ca8e78682a2172314197","0x0fba475e92cfef19f7dbada8ec2cce4ad7bbc0d9","0x3009580c628e5d3633e9a692a5be3ac0a94ea850","553633217993079584775086"
"0x37caf5275052010d65ee8e37f2228e76ca8ff2acfc2360457795994f4ecf2482-68","28361394","1753779637","0x37caf5275052010d65ee8e37f2228e76ca8ff2acfc2360457795994f4ecf2482","0xddd77e91c222e36d4bd5ca8e78682a2172314197","0x0fba475e92cfef19f7dbada8ec2cce4ad7bbc0d9","0x83a048baf222415184405737120aa4a4b78e3503","553633217993079584775086"
"0x37ef2dd835eb74d8a4ecd31a9108956e3033ae61755cec700a7a5f94c02c9eec-33","28330223","1753760886","0x37ef2dd835eb74d8a4ecd31a9108956e3033ae61755cec700a7a5f94c02c9eec","0xddd77e91c222e36d4bd5ca8e78682a2172314197","0x0fba475e92cfef19f7dbada8ec2cce4ad7bbc0d9","0xefc5cc5fd323efcaf41370caaf090156bb49b69d","553633217993079584775086"
"0x37ef8d9db0536f9d24c6ff28b97cf8168ae3ac6bfe88c3ead3e82cc6878ece4e-284","28374337","1753787449","0x37ef8d9db0536f9d24c6ff28b97cf8168ae3ac6bfe88c3ead3e82cc6878ece4e","0xddd77e91c222e36d4bd5ca8e78682a2172314197","0x0fba475e92cfef19f7dbada8ec2cce4ad7bbc0d9","0xe0adf6930703a07667150bf1a95b205b96e11bd5","553633217993079584775086"
"0x38093f13b84d12bafd7aaa98d06327c100279be3f995c3ea571fce23b0d29d75-122","28394065","1753799351","0x38093f13b84d12bafd7aaa98d06327c100279be3f995c3ea571fce23b0d29d75","0xddd77e91c222e36d4bd5ca8e78682a2172314197","0x0fba475e92cfef19f7dbada8ec2cce4ad7bbc0d9","0xfc3da194b8c4d472b0a48a113937ada37debd400","553633217993079584775086"
"0x380eb6dd622525cd4bfbb7534a684a44f36da08a5dc3e68847be1b7f3fd0e464-91","28355954","1753776360","0x380eb6dd622525cd4bfbb7534a684a44f36da08a5dc3e68847be1b7f3fd0e464","0xddd77e91c222e36d4bd5ca8e78682a2172314197","0x0fba475e92cfef19f7dbada8ec2cce4ad7bbc0d9","0x19b55d4605bdc918b3e19dd109303639ee1c180b","553633217993079584775086"
"0x381118920a4a3621d3eac0b75156a39a0ecdc306e7f41b875cb30139d6e27568-233","28358806","1753778081","0x381118920a4a3621d3eac0b75156a39a0ecdc306e7f41b875cb30139d6e27568","0xddd77e91c222e36d4bd5ca8e78682a2172314197","0x0fba475e92cfef19f7dbada8ec2cce4ad7bbc0d9","0x1abbe54e376d2e27af071d0a30ef56e98cabc43b","553633217993079584775086"
"0x38119856b044e8c79a6203d7c91b1c9cf9e06493e1ceea34fc4664b0e873f2c2-246","28353938","1753775133","0x38119856b044e8c79a6203d7c91b1c9cf9e06493e1ceea34fc4664b0e873f2c2","0xddd77e91c222e36d4bd5ca8e78682a2172314197","0x0fba475e92cfef19f7dbada8ec2cce4ad7bbc0d9","0x230954cd147a9e14eea56e2a1aa6580ea1b1b6f4","553633217993079584775086"
"0x381861c291af7b2cf5ccc350360b5c406553c13209f56a2010edb4bb6a0923f6-26","28354824","1753775664","0x381861c291af7b2cf5ccc350360b5c406553c13209f56a2010edb4bb6a0923f6","0xddd77e91c222e36d4bd5ca8e78682a2172314197","0x0fba475e92cfef19f7dbada8ec2cce4ad7bbc0d9","0xe237d2b2b0c36d859186ed5393b6d11122dda000","553633217993079584775086"
"0x3840730225f4e0bfddede943a5eda3445e7728ec56fefb2b7fe54424da0faf5b-42","28364427","1753781477","0x3840730225f4e0bfddede943a5eda3445e7728ec56fefb2b7fe54424da0faf5b","0xddd77e91c222e36d4bd5ca8e78682a2172314197","0x0fba475e92cfef19f7dbada8ec2cce4ad7bbc0d9","0x698249c7669da5c6dbaa8ddb9dee39043aff5059","553633217993079584775086"
"0x386b46e75eade742d36b504fe3e4c477b865af25a31a87f146140940cda37541-71","28130528","1753641055","0x386b46e75eade742d36b504fe3e4c477b865af25a31a87f146140940cda37541","0xddd77e91c222e36d4bd5ca8e78682a2172314197","0x0fba475e92cfef19f7dbada8ec2cce4ad7bbc0d9","0x1c552428512964c18d2df757c6827054e9063973","553633217993079584775086"
"0x38886d0a9088b7774c86b220cb86b1bc5e0debd69bc63d8afa3aeb5fc5890ecc-46","28400220","1753803089","0x38886d0a9088b7774c86b220cb86b1bc5e0debd69bc63d8afa3aeb5fc5890ecc","0xddd77e91c222e36d4bd5ca8e78682a2172314197","0x0fba475e92cfef19f7dbada8ec2cce4ad7bbc0d9","0xc8eb393e096ab1c9afc63d9197911475a3c37788","553633217993079584775086"
"0x389a0f13a2ffe09a40634f5150f74693d74f24b80bee0b55a061baaca02c0283-321","28363560","1753780949","0x389a0f13a2ffe09a40634f5150f74693d74f24b80bee0b55a061baaca02c0283","0xddd77e91c222e36d4bd5ca8e78682a2172314197","0x0fba475e92cfef19f7dbada8ec2cce4ad7bbc0d9","0x8eab38f78eed1add6a556952455c0feb2ff520f3","553633217993079584775086"
"0x38b1ed5558139c05c254f0c42b752ae3e30f289b84566aa8508e559a1687408f-169","28353988","1753775165","0x38b1ed5558139c05c254f0c42b752ae3e30f289b84566aa8508e559a1687408f","0xddd77e91c222e36d4bd5ca8e78682a2172314197","0x0fba475e92cfef19f7dbada8ec2cce4ad7bbc0d9","0x27f5dc07296765ac5e9e69a1dcc72fa25e429e60","553633217993079584775086"
"0x38b59057f8c8842fd113879d8e408489afa12115049af7d7a84d4598d8ba6073-58","28335752","1753764223","0x38b59057f8c8842fd113879d8e408489afa12115049af7d7a84d4598d8ba6073","0xddd77e91c222e36d4bd5ca8e78682a2172314197","0x0fba475e92cfef19f7dbada8ec2cce4ad7bbc0d9","0xa1ace6c87352e26ae8aae4bc37f0a1c74ba737fa","553633217993079584775086"
"0x38cbab7d8d0cdae550c8c1b4b2b46a2076f7832ee3cfb812687e942afc7e00f5-813","28351376","1753773612","0x38cbab7d8d0cdae550c8c1b4b2b46a2076f7832ee3cfb812687e942afc7e00f5","0xddd77e91c222e36d4bd5ca8e78682a2172314197","0x0fba475e92cfef19f7dbada8ec2cce4ad7bbc0d9","0x57b5a30c0b7d3423855fe209cb969294caf911d1","553633217993079584775086"
"0x38d33513cf21c0d8e6803cf39d8fa1e2405dc4ce830f072dbd7e6e810067bc2a-2801","28369886","1753784766","0x38d33513cf21c0d8e6803cf39d8fa1e2405dc4ce830f072dbd7e6e810067bc2a","0xddd77e91c222e36d4bd5ca8e78682a2172314197","0x0fba475e92cfef19f7dbada8ec2cce4ad7bbc0d9","0xb2b48420aadbd4fe33426b5c13ce4797a9ef5d2e","553633217993079584775086"
"0x38de86ee9e97af7d62179098dca9bbd4ab3cebdcf9a89ba93053d5e9e84923c7-119","28390752","1753797328","0x38de86ee9e97af7d62179098dca9bbd4ab3cebdcf9a89ba93053d5e9e84923c7","0xddd77e91c222e36d4bd5ca8e78682a2172314197","0x0fba475e92cfef19f7dbada8ec2cce4ad7bbc0d9","0x5c8675f95eb0bf3395427a28c341e100c1bc1730","553633217993079584775086"
"0x38f3a267f336f382d7fc248f414ab4ec8925c6ebf0599dd91f3c967b86470cbf-103","28391760","1753797949","0x38f3a267f336f382d7fc248f414ab4ec8925c6ebf0599dd91f3c967b86470cbf","0xddd77e91c222e36d4bd5ca8e78682a2172314197","0x0fba475e92cfef19f7dbada8ec2cce4ad7bbc0d9","0x4e9d63e387161b6da86b13a22c5d9acdeb030f4d","553633217993079584775086"
"0x3902ea236fe9f1dd1c3a66586f6ac2517e457e85401be7eed1c0b77bb411a0d1-137","28366227","1753782562","0x3902ea236fe9f1dd1c3a66586f6ac2517e457e85401be7eed1c0b77bb411a0d1","0xddd77e91c222e36d4bd5ca8e78682a2172314197","0x0fba475e92cfef19f7dbada8ec2cce4ad7bbc0d9","0x10d5f0883482a5f311a71ff5064a55526a8df857","553633217993079584775086"
"0x390792f0894c8e0943bef3b1119f773e1d2d2dd073c39ffc02b0df218e96e150-493","28390989","1753797486","0x390792f0894c8e0943bef3b1119f773e1d2d2dd073c39ffc02b0df218e96e150","0xddd77e91c222e36d4bd5ca8e78682a2172314197","0x0fba475e92cfef19f7dbada8ec2cce4ad7bbc0d9","0x3695a9ce972902c47bd515725ab5b66b402f8015","553633217993079584775086"
"0x392e60de4cd608c13c4973e56fbfb6bf77264c5550831d6a30c629a65c0ed38c-51","28352980","1753774578","0x392e60de4cd608c13c4973e56fbfb6bf77264c5550831d6a30c629a65c0ed38c","0xddd77e91c222e36d4bd5ca8e78682a2172314197","0x0fba475e92cfef19f7dbada8ec2cce4ad7bbc0d9","0xa02a33183519556e1be8d6a5f9936bc4c25d62db","553633217993079584775086"
"0x393142956e64ec5ce86633899f2c84638d7b97739413a1738612f1265e2130cc-72","28332101","1753762004","0x393142956e64ec5ce86633899f2c84638d7b97739413a1738612f1265e2130cc","0xddd77e91c222e36d4bd5ca8e78682a2172314197","0x0fba475e92cfef19f7dbada8ec2cce4ad7bbc0d9","0xe7f25f0abf0f6589a5d12a09326b1e859db5ca7e","553633217993079584775086"
"0x3935eb87bcfb2001745eaf7c973666e00cf25307553d1f114b1c07ddabc6704d-608","28354286","1753775345","0x3935eb87bcfb2001745eaf7c973666e00cf25307553d1f114b1c07ddabc6704d","0xddd77e91c222e36d4bd5ca8e78682a2172314197","0x0fba475e92cfef19f7dbada8ec2cce4ad7bbc0d9","0x2466b784dd17b8d61088bbd68e1ba82b6f16a0c7","553633217993079584775086"
"0x3a0378e2a8f92ec4b3c03f98bedcd5a8c45688d8f47f8738dd5c7e77a5060e14-238","28334253","1753763309","0x3a0378e2a8f92ec4b3c03f98bedcd5a8c45688d8f47f8738dd5c7e77a5060e14","0xddd77e91c222e36d4bd5ca8e78682a2172314197","0x0fba475e92cfef19f7dbada8ec2cce4ad7bbc0d9","0xef217579c22acf3fb730aba4e4e467f4a1f3719c","553633217993079584775086"
"0x3a281163ec0afde14ebfbefe14868549bf95bf2ea380c26e7a837fd4e49b6e8c-44","28335480","1753764061","0x3a281163ec0afde14ebfbefe14868549bf95bf2ea380c26e7a837fd4e49b6e8c","0xddd77e91c222e36d4bd5ca8e78682a2172314197","0x0fba475e92cfef19f7dbada8ec2cce4ad7bbc0d9","0xc020f9111c62925de5b489f3649741c27b6db0b2","553633217993079584775086"
"0x3a2fe2ab0c8b400cc5062d0bf8a815a5ca39ee09affec34397b4533462f2dbc2-111","28381376","1753791723","0x3a2fe2ab0c8b400cc5062d0bf8a815a5ca39ee09affec34397b4533462f2dbc2","0xddd77e91c222e36d4bd5ca8e78682a2172314197","0x0fba475e92cfef19f7dbada8ec2cce4ad7bbc0d9","0x1b80f47cadf1936c2a729026776f41e6e25b6121","553633217993079584775086"
"0x3a3046bf6381904cc542b19f8c5588ec39aa3488e4545f4d0ac5fed207b62618-73","28405758","1753806443","0x3a3046bf6381904cc542b19f8c5588ec39aa3488e4545f4d0ac5fed207b62618","0xddd77e91c222e36d4bd5ca8e78682a2172314197","0x0fba475e92cfef19f7dbada8ec2cce4ad7bbc0d9","0x1ff26b271625ef46485a336aff528d01b2e6ff6e","553633217993079584775086"
"0x3a450ed73b15d04880955ade3a0c8291201a6fb9a5d0a6f0755d2067ef89f9c1-147","28352960","1753774563","0x3a450ed73b15d04880955ade3a0c8291201a6fb9a5d0a6f0755d2067ef89f9c1","0xddd77e91c222e36d4bd5ca8e78682a2172314197","0x0fba475e92cfef19f7dbada8ec2cce4ad7bbc0d9","0x792edb670693216b52d9d558c1b40ae93d607056","553633217993079584775086"
"0x3a4867128155ccffeddb7dea3c6b94587ffc0e66f09a6d22970550d2daf9510f-273","28353190","1753774702","0x3a4867128155ccffeddb7dea3c6b94587ffc0e66f09a6d22970550d2daf9510f","0xddd77e91c222e36d4bd5ca8e78682a2172314197","0x0fba475e92cfef19f7dbada8ec2cce4ad7bbc0d9","0xb0052b411d6a76e7978eac7a633b5d0e0777ceb9","553633217993079584775086"
"0x3a4a14e24e487001232179629f5010fbe5513b7a272f9ff40feb206e0d595850-116","28372492","1753786306","0x3a4a14e24e487001232179629f5010fbe5513b7a272f9ff40feb206e0d595850","0xddd77e91c222e36d4bd5ca8e78682a2172314197","0x0fba475e92cfef19f7dbada8ec2cce4ad7bbc0d9","0xcf4f7c9e92f7da313116eb2498928d832a16b710","553633217993079584775086"
"0x3a5be1651b9b52b4ba165159ad1b98a6dcfd7b19e3562d6648e07f450b4513b4-86","28356599","1753776735","0x3a5be1651b9b52b4ba165159ad1b98a6dcfd7b19e3562d6648e07f450b4513b4","0xddd77e91c222e36d4bd5ca8e78682a2172314197","0x0fba475e92cfef19f7dbada8ec2cce4ad7bbc0d9","0x0c3dae6660170d65f6aa0f1abd37ec62d10e9278","553633217993079584775086"
"0x3a7d4f0b6a768612e3841d42c06d3582dfad0c86223bf24f783511401d9335f8-83","28385208","1753794022","0x3a7d4f0b6a768612e3841d42c06d3582dfad0c86223bf24f783511401d9335f8","0xddd77e91c222e36d4bd5ca8e78682a2172314197","0x0fba475e92cfef19f7dbada8ec2cce4ad7bbc0d9","0x88e7defc7c675e3a937daecc5b0e11946ec23fe0","553633217993079584775086"
"0x3a8d79d7fe3f7905faffe61329b02f82317c098c3c9d9e087a6695939ce0d9e6-4","28344393","1753769416","0x3a8d79d7fe3f7905faffe61329b02f82317c098c3c9d9e087a6695939ce0d9e6","0xddd77e91c222e36d4bd5ca8e78682a2172314197","0x0fba475e92cfef19f7dbada8ec2cce4ad7bbc0d9","0xb446f82533da5bc6ab2fef0febe5f5acae937f92","553633217993079584775086"
"0x3a8da6291c0cc0ba8f36b9357235848c00de99464189bd090e9b57ea9a455305-104","28334948","1753763741","0x3a8da6291c0cc0ba8f36b9357235848c00de99464189bd090e9b57ea9a455305","0xddd77e91c222e36d4bd5ca8e78682a2172314197","0x0fba475e92cfef19f7dbada8ec2cce4ad7bbc0d9","0x59c1ad5568180a024532c08788854b85663b2be4","553633217993079584775086"
"0x3a930f0b9acfc465e4c2d9c3832ea2ea16815d962b30ac2b18f71bb87b9c073c-14","28385756","1753794346","0x3a930f0b9acfc465e4c2d9c3832ea2ea16815d962b30ac2b18f71bb87b9c073c","0xddd77e91c222e36d4bd5ca8e78682a2172314197","0x0fba475e92cfef19f7dbada8ec2cce4ad7bbc0d9","0x72cbae30530dc4af10a0b6ee3bbb85ed482d8967","553633217993079584775086"
"0x3a9ac5dae4bf6d85671f48f690ad4a0c6121b63f3bbf977d34a7c8a5d64f7739-119","28394232","1753799443","0x3a9ac5dae4bf6d85671f48f690ad4a0c6121b63f3bbf977d34a7c8a5d64f7739","0xddd77e91c222e36d4bd5ca8e78682a2172314197","0x0fba475e92cfef19f7dbada8ec2cce4ad7bbc0d9","0x7b09b3bf5af064ebf10ee88c7940f0b274cd28b0","553633217993079584775086"
"0x3abf9351b8417b7a0b28ed881b61e3ad59d1613e6522c7a9866ea8f96d475579-76","28335916","1753764322","0x3abf9351b8417b7a0b28ed881b61e3ad59d1613e6522c7a9866ea8f96d475579","0xddd77e91c222e36d4bd5ca8e78682a2172314197","0x0fba475e92cfef19f7dbada8ec2cce4ad7bbc0d9","0xa442abcea819996b92bb28a99f83741d20ea0072","553633217993079584775086"
"0x3acd7ca65d288a89b47518f9d9e39fa456dacfef3f051b63937f2641ce6db636-47","28391064","1753797528","0x3acd7ca65d288a89b47518f9d9e39fa456dacfef3f051b63937f2641ce6db636","0xddd77e91c222e36d4bd5ca8e78682a2172314197","0x0fba475e92cfef19f7dbada8ec2cce4ad7bbc0d9","0x9f82c60ac511709b767e2a0c9fda6b09bb338fdc","553633217993079584775086"
"0x3ad5f7b516b7ccf79d86b851de93b0b204dbcaf60ac988cac19d039fc7da5d8b-159","28332840","1753762451","0x3ad5f7b516b7ccf79d86b851de93b0b204dbcaf60ac988cac19d039fc7da5d8b","0xddd77e91c222e36d4bd5ca8e78682a2172314197","0x0fba475e92cfef19f7dbada8ec2cce4ad7bbc0d9","0x5e799ffb381a1583a9c9b7e15e1e31553ac99bc1","553633217993079584775086"
"0x3afc0ebe437e402df592d6b1edec7188cbfe9a681ce00bbee2bc6a8d1ea690af-126","28371042","1753785454","0x3afc0ebe437e402df592d6b1edec7188cbfe9a681ce00bbee2bc6a8d1ea690af","0xddd77e91c222e36d4bd5ca8e78682a2172314197","0x0fba475e92cfef19f7dbada8ec2cce4ad7bbc0d9","0xd81e1b13c386bbfc49a5ec74100b44838ecd287b","553633217993079584775086"
"0x3b10b1090c70bf43858c5ba83a5ef33c7f36344db85a9cbe8daf091c1bbbb0b9-78","28334958","1753763748","0x3b10b1090c70bf43858c5ba83a5ef33c7f36344db85a9cbe8daf091c1bbbb0b9","0xddd77e91c222e36d4bd5ca8e78682a2172314197","0x0fba475e92cfef19f7dbada8ec2cce4ad7bbc0d9","0x2fd8305ed78f5ca89004a2eb3038b94f38c2eb96","553633217993079584775086"
"0x3b1b8f534a5cbec8ab23278d2ed70849365095e65489b7c730ed13d8213f4543-74","28352059","1753774012","0x3b1b8f534a5cbec8ab23278d2ed70849365095e65489b7c730ed13d8213f4543","0xddd77e91c222e36d4bd5ca8e78682a2172314197","0x0fba475e92cfef19f7dbada8ec2cce4ad7bbc0d9","0x080900d64418ea35ce56017a9df79a0890ffba46","553633217993079584775086"
"0x3b277d9eba6d88983d42b336ace8e16eaab71f26903cdcbee340e13f5c2ff6fc-50","28395143","1753799989","0x3b277d9eba6d88983d42b336ace8e16eaab71f26903cdcbee340e13f5c2ff6fc","0xddd77e91c222e36d4bd5ca8e78682a2172314197","0x0fba475e92cfef19f7dbada8ec2cce4ad7bbc0d9","0xa7446490fa7f0deaa78abe48b625dc04db0b25cf","553633217993079584775086"
"0x3b3d911a99aeb571e9c51bc44bc145c5ba5044530749ddc4de8f3ed434b32483-442","28350143","1753772878","0x3b3d911a99aeb571e9c51bc44bc145c5ba5044530749ddc4de8f3ed434b32483","0xddd77e91c222e36d4bd5ca8e78682a2172314197","0x0fba475e92cfef19f7dbada8ec2cce4ad7bbc0d9","0x90bad194e53e2570a40dd1c3cb7c456ab4d89626","553633217993079584775086"
"0x3b4485213f9de95b96cf7ed02bfe6d421f0abf609491c34ecd48bbafdcd3916a-88","28376959","1753789038","0x3b4485213f9de95b96cf7ed02bfe6d421f0abf609491c34ecd48bbafdcd3916a","0xddd77e91c222e36d4bd5ca8e78682a2172314197","0x0fba475e92cfef19f7dbada8ec2cce4ad7bbc0d9","0x8a62af2d49d7cfd8624d098816aa2afe51986e1d","553633217993079584775086"
"0x3b47e91ab1a03e76f77b1dfe0bd876221356a84799039fc8aa90599cad8bf3e8-663","28401290","1753803735","0x3b47e91ab1a03e76f77b1dfe0bd876221356a84799039fc8aa90599cad8bf3e8","0xddd77e91c222e36d4bd5ca8e78682a2172314197","0x0fba475e92cfef19f7dbada8ec2cce4ad7bbc0d9","0x573d08be61ef69a87a94843c3932fb72504ecec9","553633217993079584775086"
"0x3b77895192a209990c946b59567822b1d2c82529a29dd645feda2431182fd8ee-229","28330155","1753760843","0x3b77895192a209990c946b59567822b1d2c82529a29dd645feda2431182fd8ee","0xddd77e91c222e36d4bd5ca8e78682a2172314197","0x0fba475e92cfef19f7dbada8ec2cce4ad7bbc0d9","0x96016a630db8656132cfc0baade6833a26bfd9f8","553633217993079584775086"
"0x3b7e58f5efb19bb07c1360f76f2f6cc6de22db39b91830bccaee78fa0688d9a2-156","28374656","1753787646","0x3b7e58f5efb19bb07c1360f76f2f6cc6de22db39b91830bccaee78fa0688d9a2","0xddd77e91c222e36d4bd5ca8e78682a2172314197","0x0fba475e92cfef19f7dbada8ec2cce4ad7bbc0d9","0x24e26ab5f0aba0c572d3dcb182eb567d70c5e02e","553633217993079584775086"
"0x3b97ded1d97b5592a3ae6c9638edbf7b06b17912a842c509f235b098a125db3f-584","28390442","1753797131","0x3b97ded1d97b5592a3ae6c9638edbf7b06b17912a842c509f235b098a125db3f","0xddd77e91c222e36d4bd5ca8e78682a2172314197","0x0fba475e92cfef19f7dbada8ec2cce4ad7bbc0d9","0x8f50d2652128969c76bf4c06bdb519ef95757308","553633217993079584775086"
"0x3bdfc6ba81e5df728e7b4029ab531315563707165a7ac8443a9020e54d11f802-79","28391404","1753797726","0x3bdfc6ba81e5df728e7b4029ab531315563707165a7ac8443a9020e54d11f802","0xddd77e91c222e36d4bd5ca8e78682a2172314197","0x0fba475e92cfef19f7dbada8ec2cce4ad7bbc0d9","0x54dd9bd649eaa23d7e1951334fe78e9de8052a64","553633217993079584775086"
"0x3c208a60a98ba191e2f054e90407e151c0bf127f704e5d3827881d63ca200f04-171","28366954","1753783012","0x3c208a60a98ba191e2f054e90407e151c0bf127f704e5d3827881d63ca200f04","0xddd77e91c222e36d4bd5ca8e78682a2172314197","0x0fba475e92cfef19f7dbada8ec2cce4ad7bbc0d9","0x4695f5f891ad3a5da32fc60f3a1dd2b6617c445f","553633217993079584775086"
"0x3c2712b4872ffa6ab6d578d5576a483aa55a1ce78306f062691b021106e63582-89","28369627","1753784615","0x3c2712b4872ffa6ab6d578d5576a483aa55a1ce78306f062691b021106e63582","0xddd77e91c222e36d4bd5ca8e78682a2172314197","0x0fba475e92cfef19f7dbada8ec2cce4ad7bbc0d9","0x580ebb7165ec9043b41a146122a78cf1613ead60","553633217993079584775086"
"0x3c4f717b7d21ce13efc9ad335d5b7103c6753e99236ef3ad207aa7296d1a3a24-66","28367764","1753783500","0x3c4f717b7d21ce13efc9ad335d5b7103c6753e99236ef3ad207aa7296d1a3a24","0xddd77e91c222e36d4bd5ca8e78682a2172314197","0x0fba475e92cfef19f7dbada8ec2cce4ad7bbc0d9","0x229046b46ae85f300b8f90060d72e209f0e1cbb6","553633217993079584775086"
"0x3c62d3b10252beb7ad8b91db766e1dcf548d7be2dd4d6dafde1e72ce1c95048c-82","28396341","1753800705","0x3c62d3b10252beb7ad8b91db766e1dcf548d7be2dd4d6dafde1e72ce1c95048c","0xddd77e91c222e36d4bd5ca8e78682a2172314197","0x0fba475e92cfef19f7dbada8ec2cce4ad7bbc0d9","0xb67791d188c47fb9ea3d7a23725317643a08571d","553633217993079584775086"
"0x3c6483844ba3649c091cf10916efe0f00e9593e9a362893de608e714ef9be289-542","28331067","1753761406","0x3c6483844ba3649c091cf10916efe0f00e9593e9a362893de608e714ef9be289","0xddd77e91c222e36d4bd5ca8e78682a2172314197","0x0fba475e92cfef19f7dbada8ec2cce4ad7bbc0d9","0x4c4786c8e897a677bdf65588384774bd10c522a2","553633217993079584775086"
"0x3c900ccdfd990f8b9ae59d84dfb6c99c5003039b0d1487071aae496ae170b275-41","28391203","1753797609","0x3c900ccdfd990f8b9ae59d84dfb6c99c5003039b0d1487071aae496ae170b275","0xddd77e91c222e36d4bd5ca8e78682a2172314197","0x0fba475e92cfef19f7dbada8ec2cce4ad7bbc0d9","0xb5777ae16b23cf5585a6a7ad0b2185b9f985a0ce","553633217993079584775086"
"0x3c947f8e89a0666756e3e588a8c94545c7976d7f7ee2b28bacb513d1b5fbc766-148","28354290","1753775346","0x3c947f8e89a0666756e3e588a8c94545c7976d7f7ee2b28bacb513d1b5fbc766","0xddd77e91c222e36d4bd5ca8e78682a2172314197","0x0fba475e92cfef19f7dbada8ec2cce4ad7bbc0d9","0xe93572f0380972b73de3e6c9f3d8c44142665a09","553633217993079584775086"
"0x3c96012f354ef214e9abeec237399dff6d1fa8a8806c458cae55c7eb7ddaf7f7-101","28338199","1753765672","0x3c96012f354ef214e9abeec237399dff6d1fa8a8806c458cae55c7eb7ddaf7f7","0xddd77e91c222e36d4bd5ca8e78682a2172314197","0x0fba475e92cfef19f7dbada8ec2cce4ad7bbc0d9","0x187a266c7bac90f216e576a47b03137bf0f94436","553633217993079584775086"
"0x3cac5290d58ce2c158baff32c7834413f611713ee52d202ca2f3c429d5a97d88-21","28341263","1753767521","0x3cac5290d58ce2c158baff32c7834413f611713ee52d202ca2f3c429d5a97d88","0xddd77e91c222e36d4bd5ca8e78682a2172314197","0x0fba475e92cfef19f7dbada8ec2cce4ad7bbc0d9","0x89b263dc61fe31161d046dd8b4ecbd2ae1236c64","553633217993079584775086"
"0x3d198a0777cb5f5caf760687e2cc674fe73cfcac666d26371bd3873389aa646e-29","28380992","1753791492","0x3d198a0777cb5f5caf760687e2cc674fe73cfcac666d26371bd3873389aa646e","0xddd77e91c222e36d4bd5ca8e78682a2172314197","0x0fba475e92cfef19f7dbada8ec2cce4ad7bbc0d9","0xc6a90582c5ecb8557547c315883f8d423211a669","553633217993079584775086"
"0x3d4aa436c6962a769143590de4495dd5f895c663d2acab14c967d246f1da865d-91","28354046","1753775196","0x3d4aa436c6962a769143590de4495dd5f895c663d2acab14c967d246f1da865d","0xddd77e91c222e36d4bd5ca8e78682a2172314197","0x0fba475e92cfef19f7dbada8ec2cce4ad7bbc0d9","0xd75e826b2f04ddbaac96c80b83c5fcbdd3cf7041","553633217993079584775086"
"0x3d6abec7085037bad607416fab2a8479c54fc5e1d9d32bb08d1f576f69a37a15-135","28359303","1753778392","0x3d6abec7085037bad607416fab2a8479c54fc5e1d9d32bb08d1f576f69a37a15","0xddd77e91c222e36d4bd5ca8e78682a2172314197","0x0fba475e92cfef19f7dbada8ec2cce4ad7bbc0d9","0x3ac3d81c28c8c093587f1959043911c168fb8569","553633217993079584775086"
"0x3d91e779cccb3f95d38758796626bcb5d65e51e6416d723f457790661fe3b566-123","28339754","1753766632","0x3d91e779cccb3f95d38758796626bcb5d65e51e6416d723f457790661fe3b566","0xddd77e91c222e36d4bd5ca8e78682a2172314197","0x0fba475e92cfef19f7dbada8ec2cce4ad7bbc0d9","0x72c1401d282473cf44da4d3ff7183ab89824f8e3","553633217993079584775086"
"0x3d944a34e9ee85d6d687cd810e52acc1cf5817afed56e00f1fa52c1fd96dca69-4","28383783","1753793179","0x3d944a34e9ee85d6d687cd810e52acc1cf5817afed56e00f1fa52c1fd96dca69","0xddd77e91c222e36d4bd5ca8e78682a2172314197","0x0fba475e92cfef19f7dbada8ec2cce4ad7bbc0d9","0x58793aafcb5b7e40ab109aa76f388f7e46b65fe8","553633217993079584775086"
"0x3da0bc3acbfc41b48f2b166793dd277001402142a66685004947a3b651ab07fa-82","28345158","1753769876","0x3da0bc3acbfc41b48f2b166793dd277001402142a66685004947a3b651ab07fa","0xddd77e91c222e36d4bd5ca8e78682a2172314197","0x0fba475e92cfef19f7dbada8ec2cce4ad7bbc0d9","0xfc14e33c67ff7ea994c5d4e00e1d25f2d170f95a","553633217993079584775086"
"0x3dae475e523ba3ebd106598a1d718ac722a57a0bfc94c815d0be814e095a4d15-117","28354123","1753775247","0x3dae475e523ba3ebd106598a1d718ac722a57a0bfc94c815d0be814e095a4d15","0xddd77e91c222e36d4bd5ca8e78682a2172314197","0x0fba475e92cfef19f7dbada8ec2cce4ad7bbc0d9","0x1667ff25252c9a7e8dcb66d7e6d17e457264b6d1","553633217993079584775086"
"0x3db9554ac1520495aba2f867fc9db8bdb25390434688557e10d4d90a2beb6d4d-187","28358351","1753777800","0x3db9554ac1520495aba2f867fc9db8bdb25390434688557e10d4d90a2beb6d4d","0xddd77e91c222e36d4bd5ca8e78682a2172314197","0x0fba475e92cfef19f7dbada8ec2cce4ad7bbc0d9","0x53d111bae9f9cbc5469313c1ba621b937d0f3945","553633217993079584775086"
"0x3debc2119ccfb88e9786e1a9e05c8b04efe9bb7d4401f4461ea67abc44112843-728","28365709","1753782248","0x3debc2119ccfb88e9786e1a9e05c8b04efe9bb7d4401f4461ea67abc44112843","0xddd77e91c222e36d4bd5ca8e78682a2172314197","0x0fba475e92cfef19f7dbada8ec2cce4ad7bbc0d9","0xd2ff7c6ee80a2abba22bd6654f69e97b1cb015c5","553633217993079584775086"
"0x3df9876b85a3ba1ec89713b94ed7df1d7744d6cf4dd618e144f9344932de7d2d-70","28366891","1753782976","0x3df9876b85a3ba1ec89713b94ed7df1d7744d6cf4dd618e144f9344932de7d2d","0xddd77e91c222e36d4bd5ca8e78682a2172314197","0x0fba475e92cfef19f7dbada8ec2cce4ad7bbc0d9","0x64122be2c32392d581989e16464bf48c3ca8526b","553633217993079584775086"
"0x3dfc56e8989bdf7bae4f598b589281d061f5993360877a131af20e037936acf1-55","28350075","1753772833","0x3dfc56e8989bdf7bae4f598b589281d061f5993360877a131af20e037936acf1","0xddd77e91c222e36d4bd5ca8e78682a2172314197","0x0fba475e92cfef19f7dbada8ec2cce4ad7bbc0d9","0x8490f28eeabea4f335f49a8fba227ec5b2b755af","553633217993079584775086"
"0x3e0463d9c3aea22045278c1789c5a53d824b79382149cb896d968c2e67fdf333-96","28333879","1753763058","0x3e0463d9c3aea22045278c1789c5a53d824b79382149cb896d968c2e67fdf333","0xddd77e91c222e36d4bd5ca8e78682a2172314197","0x0fba475e92cfef19f7dbada8ec2cce4ad7bbc0d9","0xad333438aaa1d833fc2d026e8d744e7efe38930c","553633217993079584775086"
"0x3e18e8ae9eb1fde684c2aee27b960f7d6007e821a9e515dedf3f135705ff77e6-126","28390366","1753797074","0x3e18e8ae9eb1fde684c2aee27b960f7d6007e821a9e515dedf3f135705ff77e6","0xddd77e91c222e36d4bd5ca8e78682a2172314197","0x0fba475e92cfef19f7dbada8ec2cce4ad7bbc0d9","0x6594658cb8176b5b1d4491c6f8a26c3c40c8d8e0","553633217993079584775086"
"0x3e1f23151331da2d29427c41daf9d4832699e366d397e5ffdfa495d21b36ed04-752","28344503","1753769483","0x3e1f23151331da2d29427c41daf9d4832699e366d397e5ffdfa495d21b36ed04","0xddd77e91c222e36d4bd5ca8e78682a2172314197","0x0fba475e92cfef19f7dbada8ec2cce4ad7bbc0d9","0xdab575f699acb9aec3020e4b71273c2a9c74ec8b","553633217993079584775086"
"0x3e23600223b8da10d798162f6aab55c6f31cfb666b31447de9b78c5d0c08928f-154","28365315","1753781986","0x3e23600223b8da10d798162f6aab55c6f31cfb666b31447de9b78c5d0c08928f","0xddd77e91c222e36d4bd5ca8e78682a2172314197","0x0fba475e92cfef19f7dbada8ec2cce4ad7bbc0d9","0x25f12528c4e34f4a36840736ab51be0672160ec5","553633217993079584775086"
"0x3e356b4c6f5f3ee214fce69ed869b0612a02c23c48f1a327628c9465bc3fbc2a-29","28349860","1753772703","0x3e356b4c6f5f3ee214fce69ed869b0612a02c23c48f1a327628c9465bc3fbc2a","0xddd77e91c222e36d4bd5ca8e78682a2172314197","0x0fba475e92cfef19f7dbada8ec2cce4ad7bbc0d9","0x7e0091cd33b83cacf27186755d07547c244411d7","553633217993079584775086"
"0x3e39aa3a534098e3db6a167ab58ccd9994e8b540d444ede707b225ab5ede881e-236","28388169","1753795728","0x3e39aa3a534098e3db6a167ab58ccd9994e8b540d444ede707b225ab5ede881e","0xddd77e91c222e36d4bd5ca8e78682a2172314197","0x0fba475e92cfef19f7dbada8ec2cce4ad7bbc0d9","0xd4095d82de17b61f8ef9f67e71cbeefd3918ad5f","553633217993079584775086"
"0x3e5ada3a5ec9a6c90a5c0e6464ba07b7e694f2200d1759e2d53614bbac58da32-106","28337708","1753765389","0x3e5ada3a5ec9a6c90a5c0e6464ba07b7e694f2200d1759e2d53614bbac58da32","0xddd77e91c222e36d4bd5ca8e78682a2172314197","0x0fba475e92cfef19f7dbada8ec2cce4ad7bbc0d9","0x401b185d9a57a34e7888f6363aff4b54e535a872","553633217993079584775086"
"0x3e6203a7f64549f00d0ea106ac42d150f04428a9e7fe2694aafdd53b446b9431-151","28372053","1753786055","0x3e6203a7f64549f00d0ea106ac42d150f04428a9e7fe2694aafdd53b446b9431","0xddd77e91c222e36d4bd5ca8e78682a2172314197","0x0fba475e92cfef19f7dbada8ec2cce4ad7bbc0d9","0x3984332f9d2ff818558b3826f7af16e1c0f27883","553633217993079584775086"
"0x3e636c9e5b2d83ba7b2d7a541b99b538df731e86e51c1f3e18cb6f6978f15ebb-134","28380225","1753791022","0x3e636c9e5b2d83ba7b2d7a541b99b538df731e86e51c1f3e18cb6f6978f15ebb","0xddd77e91c222e36d4bd5ca8e78682a2172314197","0x0fba475e92cfef19f7dbada8ec2cce4ad7bbc0d9","0xe33ebbfed604eebb3d3fda06c1c12b99b81d2675","553633217993079584775086"
"0x3e985ae760fcc6612c0cc36511f44f174636b3362660e94e7ea36111aae53ab9-79","28352771","1753774443","0x3e985ae760fcc6612c0cc36511f44f174636b3362660e94e7ea36111aae53ab9","0xddd77e91c222e36d4bd5ca8e78682a2172314197","0x0fba475e92cfef19f7dbada8ec2cce4ad7bbc0d9","0x6ebf60207d12888dc5f2d0b0828751d1c110cacf","553633217993079584775086"
"0x3eba0c359a1bd8a4a263611223ed487fb416d01e5d1cf5ff021ec7ebc460afad-82","28348964","1753772168","0x3eba0c359a1bd8a4a263611223ed487fb416d01e5d1cf5ff021ec7ebc460afad","0xddd77e91c222e36d4bd5ca8e78682a2172314197","0x0fba475e92cfef19f7dbada8ec2cce4ad7bbc0d9","0xf51ce4614232337920ad06bb718dafb6103bde02","553633217993079584775086"
"0x3eba653492860ac1d2ff912cc5ab7f01037d2bed8f5887d459dcf9e313aacdd9-60","28377214","1753789205","0x3eba653492860ac1d2ff912cc5ab7f01037d2bed8f5887d459dcf9e313aacdd9","0xddd77e91c222e36d4bd5ca8e78682a2172314197","0x0fba475e92cfef19f7dbada8ec2cce4ad7bbc0d9","0xd02a6bcc4a4a62e00519ed55ccdd962c057801a3","553633217993079584775086"
"0x3f04370d1cd93d1adbcf5b636392c1b13803b13987681be8fc3355bef637410f-829","28377949","1753789638","0x3f04370d1cd93d1adbcf5b636392c1b13803b13987681be8fc3355bef637410f","0xddd77e91c222e36d4bd5ca8e78682a2172314197","0x0fba475e92cfef19f7dbada8ec2cce4ad7bbc0d9","0x934b88064505c4ecaed0ab35e70ecc11843f6c71","553633217993079584775086"
"0x3f30d1f027bd901b1d057744a22217d22e518c650a842a9056df965f88713ca2-113","28338571","1753765896","0x3f30d1f027bd901b1d057744a22217d22e518c650a842a9056df965f88713ca2","0xddd77e91c222e36d4bd5ca8e78682a2172314197","0x0fba475e92cfef19f7dbada8ec2cce4ad7bbc0d9","0xd1fb3a86b33828bfa5425cbdde454f9aeb268b9b","553633217993079584775086"
"0x3f32a7e1a433d9739e2fce1bc2e39a505177442c0f7691481e6ffaa0a6a1ffd6-5","28330024","1753760743","0x3f32a7e1a433d9739e2fce1bc2e39a505177442c0f7691481e6ffaa0a6a1ffd6","0xddd77e91c222e36d4bd5ca8e78682a2172314197","0x0fba475e92cfef19f7dbada8ec2cce4ad7bbc0d9","0x7b653eca090acf568ebd7fb5fbf2494f56cc2b89","553633217993079584775086"
"0x3f3c2c6a18cf6446e092fd4a450737c24200950b566433257dd450a4f12accd1-61","28357509","1753777294","0x3f3c2c6a18cf6446e092fd4a450737c24200950b566433257dd450a4f12accd1","0xddd77e91c222e36d4bd5ca8e78682a2172314197","0x0fba475e92cfef19f7dbada8ec2cce4ad7bbc0d9","0x3a388f2c23822cacfdf9f9a89e65491c7035f5a3","553633217993079584775086"
"0x3f49daea49c8960d5eb173bedcb8bc1a4a8c334795ad238641e4dc806269b8b7-29","28350369","1753773009","0x3f49daea49c8960d5eb173bedcb8bc1a4a8c334795ad238641e4dc806269b8b7","0xddd77e91c222e36d4bd5ca8e78682a2172314197","0x0fba475e92cfef19f7dbada8ec2cce4ad7bbc0d9","0xd7ad6d2698c85d8880f188ca50a421b2ab3f60eb","553633217993079584775086"
"0x3f572d96ae781e59010007eebca4cf8e110eacf99bf063ac65b3a47f7ca4c34d-42","28379894","1753790815","0x3f572d96ae781e59010007eebca4cf8e110eacf99bf063ac65b3a47f7ca4c34d","0xddd77e91c222e36d4bd5ca8e78682a2172314197","0x0fba475e92cfef19f7dbada8ec2cce4ad7bbc0d9","0x145b513bee4bb1d9674f45586ab62d189dc9db9c","553633217993079584775086"
"0x3f640a4a73b1bc128055650342928192b62dd2f74430fbee877fdee45f04dcf4-666","28344242","1753769330","0x3f640a4a73b1bc128055650342928192b62dd2f74430fbee877fdee45f04dcf4","0xddd77e91c222e36d4bd5ca8e78682a2172314197","0x0fba475e92cfef19f7dbada8ec2cce4ad7bbc0d9","0x896b2797442e7066f2e46959a0b32398999fcc0d","553633217993079584775086"
"0x3f8d31d6c42e77b36d66153873db659b49a51d3e915cf9f6e1cb4fdf715cbb70-35","28137783","1753645427","0x3f8d31d6c42e77b36d66153873db659b49a51d3e915cf9f6e1cb4fdf715cbb70","0xddd77e91c222e36d4bd5ca8e78682a2172314197","0x0fba475e92cfef19f7dbada8ec2cce4ad7bbc0d9","0xfe167a68757af2754ee36657d5ed4fb4cd1ac1a7","553633217993079584775086"
"0x3f9ac13d43e5d888c9ea3b7e7f060c76ebe6dcd9ac521b0471139f01822df6d7-103","28338109","1753765623","0x3f9ac13d43e5d888c9ea3b7e7f060c76ebe6dcd9ac521b0471139f01822df6d7","0xddd77e91c222e36d4bd5ca8e78682a2172314197","0x0fba475e92cfef19f7dbada8ec2cce4ad7bbc0d9","0xd948389216be7e837c317a2fe3e0c2e5d143b978","553633217993079584775086"
"0x3fc0395d63d64e8916ba93770cf045b3b893fb7f78f48da738548337bf583567-245","28350074","1753772833","0x3fc0395d63d64e8916ba93770cf045b3b893fb7f78f48da738548337bf583567","0xddd77e91c222e36d4bd5ca8e78682a2172314197","0x0fba475e92cfef19f7dbada8ec2cce4ad7bbc0d9","0x7e1561963d6e46d76f977e0dd5852be913f94d2c","553633217993079584775086"
"0x3fc5707b2924e7d7891e82f982e8d273c8af8cb574cec21d28dfbc8a6361b1cf-71","28358950","1753778178","0x3fc5707b2924e7d7891e82f982e8d273c8af8cb574cec21d28dfbc8a6361b1cf","0xddd77e91c222e36d4bd5ca8e78682a2172314197","0x0fba475e92cfef19f7dbada8ec2cce4ad7bbc0d9","0x0606d8ecf4eb1f1bad85f0b02eab72021e659c1d","553633217993079584775086"
"0x3fcdf3e10da722ce8dd1b4ad90dacf6082a0da795cde1ba44fb5feab57c6258f-13","28357113","1753777046","0x3fcdf3e10da722ce8dd1b4ad90dacf6082a0da795cde1ba44fb5feab57c6258f","0xddd77e91c222e36d4bd5ca8e78682a2172314197","0x0fba475e92cfef19f7dbada8ec2cce4ad7bbc0d9","0x10e875aa536ba8d8774a764832ae2d870bcb316d","553633217993079584775086"
"0x3fd7c5b361dd8efad13e4a906dd0639f5a715f21feb75b465e9e9698b327ee79-148","28392792","1753798558","0x3fd7c5b361dd8efad13e4a906dd0639f5a715f21feb75b465e9e9698b327ee79","0xddd77e91c222e36d4bd5ca8e78682a2172314197","0x0fba475e92cfef19f7dbada8ec2cce4ad7bbc0d9","0x2bbb43720db15a326f9aebf2c1b470bf245499d6","553633217993079584775086"
"0x3fdda6b6ced66135ebea509427cf70f5aa9289e5b0c265bdf348d4eff20d22b0-138","28364564","1753781559","0x3fdda6b6ced66135ebea509427cf70f5aa9289e5b0c265bdf348d4eff20d22b0","0xddd77e91c222e36d4bd5ca8e78682a2172314197","0x0fba475e92cfef19f7dbada8ec2cce4ad7bbc0d9","0x3a3c6174364c497792b60a541ed5189913985473","553633217993079584775086"
"0x3fe736cc5bbc4abc07f60a402ab34ddd34c37444c851ee014f9060198a67fd56-119","28341649","1753767746","0x3fe736cc5bbc4abc07f60a402ab34ddd34c37444c851ee014f9060198a67fd56","0xddd77e91c222e36d4bd5ca8e78682a2172314197","0x0fba475e92cfef19f7dbada8ec2cce4ad7bbc0d9","0x8055974505ba32e721646669f98f4a4f9a930ffe","553633217993079584775086"
"0x4003d2673003acc0f4ef6dee6bdc48aa26783c31d02b4d5094bd1fce88ae6a98-151","28331157","1753761458","0x4003d2673003acc0f4ef6dee6bdc48aa26783c31d02b4d5094bd1fce88ae6a98","0xddd77e91c222e36d4bd5ca8e78682a2172314197","0x0fba475e92cfef19f7dbada8ec2cce4ad7bbc0d9","0x5d2aec28acaae5180e85f99ce0724ed378398aa2","553633217993079584775086"
"0x4005cb09677c2b8c7293713aa97b6bf067822ff9edf860437ca714649a68affd-43","28360721","1753779246","0x4005cb09677c2b8c7293713aa97b6bf067822ff9edf860437ca714649a68affd","0xddd77e91c222e36d4bd5ca8e78682a2172314197","0x0fba475e92cfef19f7dbada8ec2cce4ad7bbc0d9","0x12f94c046e3a363182566e294e671a3eb180745d","553633217993079584775086"
"0x40355f49506425fa83428bf543557693928d1554643caa9030c87f6b3ec6ccb6-111","28365222","1753781935","0x40355f49506425fa83428bf543557693928d1554643caa9030c87f6b3ec6ccb6","0xddd77e91c222e36d4bd5ca8e78682a2172314197","0x0fba475e92cfef19f7dbada8ec2cce4ad7bbc0d9","0x58d5d56573801cc1f2c50785b327e7df04f78b98","553633217993079584775086"
"0x403892ac7d5657023740f7d44b07e3628f71a8e2c14c1997ff094f0b8ca551ca-197","28353311","1753774776","0x403892ac7d5657023740f7d44b07e3628f71a8e2c14c1997ff094f0b8ca551ca","0xddd77e91c222e36d4bd5ca8e78682a2172314197","0x0fba475e92cfef19f7dbada8ec2cce4ad7bbc0d9","0x7ca346f58053e10c1d4f67f3b9d155b9259f80bf","553633217993079584775086"
"0x405a7b98de3ed20a4dc8855f649903b137c4a51decd94eac8191fa41fb114192-75","28403706","1753805206","0x405a7b98de3ed20a4dc8855f649903b137c4a51decd94eac8191fa41fb114192","0xddd77e91c222e36d4bd5ca8e78682a2172314197","0x0fba475e92cfef19f7dbada8ec2cce4ad7bbc0d9","0x4247fa5afc552f5747ac56509ae65a75fc4914ee","553633217993079584775086"
"0x409f0c52bfb67c536fa400d9b8027e2bf37fd8104a9dc57369a743e8b862b25b-250","28354278","1753775338","0x409f0c52bfb67c536fa400d9b8027e2bf37fd8104a9dc57369a743e8b862b25b","0xddd77e91c222e36d4bd5ca8e78682a2172314197","0x0fba475e92cfef19f7dbada8ec2cce4ad7bbc0d9","0x21c51c26947a7b5073260b0c74bac50dee3ecd93","553633217993079584775086"
"0x40a96410ea18ae48c878cbdf68456c0e6aedd53261e6b0e7cb1022f5f4d07fdf-133","28361464","1753779676","0x40a96410ea18ae48c878cbdf68456c0e6aedd53261e6b0e7cb1022f5f4d07fdf","0xddd77e91c222e36d4bd5ca8e78682a2172314197","0x0fba475e92cfef19f7dbada8ec2cce4ad7bbc0d9","0xa5bd16192fe5fa66a80bbc776c6d6b1d8c7cd529","553633217993079584775086"
"0x40af478c6ed152029fb26571533439534bc2c5fc602dc9f383d75368047943b8-186","28346241","1753770526","0x40af478c6ed152029fb26571533439534bc2c5fc602dc9f383d75368047943b8","0xddd77e91c222e36d4bd5ca8e78682a2172314197","0x0fba475e92cfef19f7dbada8ec2cce4ad7bbc0d9","0x1fed14d4ba9f9c84e0212ae337f34aa89bf85204","553633217993079584775086"
"0x40b58c1ed1333178e73568389ef7b1cf7fd5f38de0464fa3cb1a6ada17056bdf-44","28137588","1753645301","0x40b58c1ed1333178e73568389ef7b1cf7fd5f38de0464fa3cb1a6ada17056bdf","0xddd77e91c222e36d4bd5ca8e78682a2172314197","0x0fba475e92cfef19f7dbada8ec2cce4ad7bbc0d9","0x1120afd2207ef822c293a4d844b97c8dae919ba3","553633217993079584775086"
"0x40c624455949aa3caef7fc0d17b9d1b2c808aab23dc1e7961849e4d843f81927-179","28380676","1753791294","0x40c624455949aa3caef7fc0d17b9d1b2c808aab23dc1e7961849e4d843f81927","0xddd77e91c222e36d4bd5ca8e78682a2172314197","0x0fba475e92cfef19f7dbada8ec2cce4ad7bbc0d9","0x9e0efb21304ebe8c045ac81df01e050913bd78d9","553633217993079584775086"
"0x40fd5f41d50cbfe04d71547a137ca193af3f04c68fdb63dc09ddb1ed2b17e7b5-121","28353104","1753774645","0x40fd5f41d50cbfe04d71547a137ca193af3f04c68fdb63dc09ddb1ed2b17e7b5","0xddd77e91c222e36d4bd5ca8e78682a2172314197","0x0fba475e92cfef19f7dbada8ec2cce4ad7bbc0d9","0x9335d36fa085b82b34c29ea2291acffb88048146","553633217993079584775086"
"0x4111566b1b9874863bef86184decdeec7e05f40f9fc384eddd21065fda887f15-286","28351142","1753773471","0x4111566b1b9874863bef86184decdeec7e05f40f9fc384eddd21065fda887f15","0xddd77e91c222e36d4bd5ca8e78682a2172314197","0x0fba475e92cfef19f7dbada8ec2cce4ad7bbc0d9","0x2c3c32ba5a6657a270ab9d10e3de3e8666774892","553633217993079584775086"
"0x411e6a0703748ecd621075ab7b0679376deb064f90840420d60f5c74d3b3473f-145","28350354","1753773000","0x411e6a0703748ecd621075ab7b0679376deb064f90840420d60f5c74d3b3473f","0xddd77e91c222e36d4bd5ca8e78682a2172314197","0x0fba475e92cfef19f7dbada8ec2cce4ad7bbc0d9","0xe91299d3e223755f4e5abfbd8ab7699228615fdd","553633217993079584775086"
"0x412eb8a08a4391a5798d268c9aaa10da759cf4ca57e6c3608a317a45360385c4-129","28386664","1753794863","0x412eb8a08a4391a5798d268c9aaa10da759cf4ca57e6c3608a317a45360385c4","0xddd77e91c222e36d4bd5ca8e78682a2172314197","0x0fba475e92cfef19f7dbada8ec2cce4ad7bbc0d9","0x94fdca4052b0a59799df6264fb88dff83c608317","553633217993079584775086"
"0x4151e4b13236881bb292f4b60a0d9d110f20c3b5ee0d97497d5bf84d88cd1699-31","28393586","1753799052","0x4151e4b13236881bb292f4b60a0d9d110f20c3b5ee0d97497d5bf84d88cd1699","0xddd77e91c222e36d4bd5ca8e78682a2172314197","0x0fba475e92cfef19f7dbada8ec2cce4ad7bbc0d9","0x8dc5afc12faf0ca1cc0056ced1c7aac9e288d492","553633217993079584775086"
"0x418f978a1bb2b293e36ed8917f48edd7b24b47c62237951a8ca5f6efe6274154-23","28355089","1753775834","0x418f978a1bb2b293e36ed8917f48edd7b24b47c62237951a8ca5f6efe6274154","0xddd77e91c222e36d4bd5ca8e78682a2172314197","0x0fba475e92cfef19f7dbada8ec2cce4ad7bbc0d9","0x298eede6c2e828e6d7d799552b81789407744cf5","553633217993079584775086"
"0x419653cd89ea0652e567b11cf9f05bc6341bc82140fa374e8dd1c9fe2df3ad8b-54","28357628","1753777364","0x419653cd89ea0652e567b11cf9f05bc6341bc82140fa374e8dd1c9fe2df3ad8b","0xddd77e91c222e36d4bd5ca8e78682a2172314197","0x0fba475e92cfef19f7dbada8ec2cce4ad7bbc0d9","0x6faf213f211a28d25163e284f4aab6a33e0e38c9","553633217993079584775086"
"0x41c03969a7bf703692abd45813b5ac4283d5285ce7c53dc727ee79e393a463f8-120","28390613","1753797240","0x41c03969a7bf703692abd45813b5ac4283d5285ce7c53dc727ee79e393a463f8","0xddd77e91c222e36d4bd5ca8e78682a2172314197","0x0fba475e92cfef19f7dbada8ec2cce4ad7bbc0d9","0x3bc9b1be0fdb1e307b59547fcf0e39c46b2926ff","553633217993079584775086"
"0x41c6d32ecac6b4ebcbeffa5597df88b4def3047739db97f102df92a1fcfeb048-3","28393885","1753799235","0x41c6d32ecac6b4ebcbeffa5597df88b4def3047739db97f102df92a1fcfeb048","0xddd77e91c222e36d4bd5ca8e78682a2172314197","0x0fba475e92cfef19f7dbada8ec2cce4ad7bbc0d9","0x033965e03cc0324aadfb90f332fa75d56ae2f24a","553633217993079584775086"
"0x41eff74a6941b9ca933791c298098b711ebc2f944ceafc5705e611a281f84166-83","28356110","1753776454","0x41eff74a6941b9ca933791c298098b711ebc2f944ceafc5705e611a281f84166","0xddd77e91c222e36d4bd5ca8e78682a2172314197","0x0fba475e92cfef19f7dbada8ec2cce4ad7bbc0d9","0xdbe25ef4bc1126f1b2fd1cdb4841927067313e43","553633217993079584775086"
"0x41f1e1e34e3e08d0d0f1f2bdd6908427f1a199dc22961fd17ac4fae9db076a42-627","28340003","1753766774","0x41f1e1e34e3e08d0d0f1f2bdd6908427f1a199dc22961fd17ac4fae9db076a42","0xddd77e91c222e36d4bd5ca8e78682a2172314197","0x0fba475e92cfef19f7dbada8ec2cce4ad7bbc0d9","0x73b80b010cf1c33970dc1f46d20e74eef7384291","553633217993079584775086"
"0x420802f4d318efa2018f04d6154b58dcc982c347d43854261abfd697bfaaa4b4-178","28367158","1753783128","0x420802f4d318efa2018f04d6154b58dcc982c347d43854261abfd697bfaaa4b4","0xddd77e91c222e36d4bd5ca8e78682a2172314197","0x0fba475e92cfef19f7dbada8ec2cce4ad7bbc0d9","0x2cf088e427e9e48e7c1dd87a64ee98357448e018","553633217993079584775086"
"0x4209f8529e0127d20745fedf165053f015918102e51128abbe4c07f016c85ce8-22","28354830","1753775667","0x4209f8529e0127d20745fedf165053f015918102e51128abbe4c07f016c85ce8","0xddd77e91c222e36d4bd5ca8e78682a2172314197","0x0fba475e92cfef19f7dbada8ec2cce4ad7bbc0d9","0x033ef6ae3e5c28e2507f6a49b98fe6e6e4b7503d","553633217993079584775086"
"0x4246a51d4ac7e25b237f17363d50bf6e9c60222c5996eab8af69681adbc8ec45-75","28340976","1753767350","0x4246a51d4ac7e25b237f17363d50bf6e9c60222c5996eab8af69681adbc8ec45","0xddd77e91c222e36d4bd5ca8e78682a2172314197","0x0fba475e92cfef19f7dbada8ec2cce4ad7bbc0d9","0x20933e22b03e411c40b1935b76b3cf6a45e5bf78","553633217993079584775086"
"0x424752cea7e185244e98b27f5f206e6c03a2f48ba2a40567c91c82c871d3ae16-680","28393379","1753798921","0x424752cea7e185244e98b27f5f206e6c03a2f48ba2a40567c91c82c871d3ae16","0xddd77e91c222e36d4bd5ca8e78682a2172314197","0x0fba475e92cfef19f7dbada8ec2cce4ad7bbc0d9","0x1acacf03ca6906057c3f9a70c76a69bfd586c280","553633217993079584775086"
"0x4247635597906581d23bcfb04b0c7e4be4054d4fec43b686bb875c2e2e6111f4-10","28348740","1753772046","0x4247635597906581d23bcfb04b0c7e4be4054d4fec43b686bb875c2e2e6111f4","0xddd77e91c222e36d4bd5ca8e78682a2172314197","0x0fba475e92cfef19f7dbada8ec2cce4ad7bbc0d9","0x5741b083f5ff1ef22cc427d6366ed55e023835bf","553633217993079584775086"
"0x425ccd109057b018665273a03db042b8b8aaa9b08ebe9616cf8dacb5ef316f18-49","28384097","1753793366","0x425ccd109057b018665273a03db042b8b8aaa9b08ebe9616cf8dacb5ef316f18","0xddd77e91c222e36d4bd5ca8e78682a2172314197","0x0fba475e92cfef19f7dbada8ec2cce4ad7bbc0d9","0x32ae7dcda7680b16d1becf6d9bf5d93ae1792584","553633217993079584775086"
"0x42660383da84fa24f9f6d8859ade6fda6f18ca4bea381d96b23afaa825dc1be7-94","28330287","1753760923","0x42660383da84fa24f9f6d8859ade6fda6f18ca4bea381d96b23afaa825dc1be7","0xddd77e91c222e36d4bd5ca8e78682a2172314197","0x0fba475e92cfef19f7dbada8ec2cce4ad7bbc0d9","0xf1eef3538657f0eaed1d05e87b38be8be1f96d7a","553633217993079584775086"
"0x427dd2ae92a88de10d262cfd95cdbbe403a5d6275f2fe89b4cafefc4e61ff8a2-241","28335167","1753763875","0x427dd2ae92a88de10d262cfd95cdbbe403a5d6275f2fe89b4cafefc4e61ff8a2","0xddd77e91c222e36d4bd5ca8e78682a2172314197","0x0fba475e92cfef19f7dbada8ec2cce4ad7bbc0d9","0x2692a89e01e69abc38bd3770304443640a28c74d","553633217993079584775086"
"0x428df1506c5600359c5d48b82d6d97f97bfc17b203f799496ab1b4392db83ffb-4","28351297","1753773563","0x428df1506c5600359c5d48b82d6d97f97bfc17b203f799496ab1b4392db83ffb","0xddd77e91c222e36d4bd5ca8e78682a2172314197","0x0fba475e92cfef19f7dbada8ec2cce4ad7bbc0d9","0x7baae4eab0e08ebb47f0b39acd77e390d4f321cf","553633217993079584775086"
"0x4290770b92d809b2431ef94a977d7d3193775b07545305c0f44e65a08c26aaec-183","28345981","1753770371","0x4290770b92d809b2431ef94a977d7d3193775b07545305c0f44e65a08c26aaec","0xddd77e91c222e36d4bd5ca8e78682a2172314197","0x0fba475e92cfef19f7dbada8ec2cce4ad7bbc0d9","0x3a65a41b3ce864db7bb7bb33c389dad466b8ed76","553633217993079584775086"
"0x42928e89f83733c03ffff9d6caa735bf7f47f826849f7a309b2b0f21182210e9-34","28410167","1753809095","0x42928e89f83733c03ffff9d6caa735bf7f47f826849f7a309b2b0f21182210e9","0xddd77e91c222e36d4bd5ca8e78682a2172314197","0x0fba475e92cfef19f7dbada8ec2cce4ad7bbc0d9","0x44447e1a6e7104cbd9bb26ed8aa9d30882aeff4d","553633217993079584775086"
"0x4293000366ce2a4392e825cd7fe141a7dad7ce61acf8b9d5c3c38abb1146bacb-3","28364797","1753781692","0x4293000366ce2a4392e825cd7fe141a7dad7ce61acf8b9d5c3c38abb1146bacb","0xddd77e91c222e36d4bd5ca8e78682a2172314197","0x0fba475e92cfef19f7dbada8ec2cce4ad7bbc0d9","0x4150f2cd0f10e6253c318deb4971463fea87cc93","553633217993079584775086"
"0x42b3432d6838849d769b5b3d8b4023738055e97d503b1b3ed775a55e39a70c08-220","28354249","1753775321","0x42b3432d6838849d769b5b3d8b4023738055e97d503b1b3ed775a55e39a70c08","0xddd77e91c222e36d4bd5ca8e78682a2172314197","0x0fba475e92cfef19f7dbada8ec2cce4ad7bbc0d9","0x853fa3b162728dfb1de3bc0f98f31c0e1d3435e5","553633217993079584775086"
"0x42c061084dd9b34b4a864e7cec16b793126443db833f261e149b70fa83a0a0e0-40","28399078","1753802370","0x42c061084dd9b34b4a864e7cec16b793126443db833f261e149b70fa83a0a0e0","0xddd77e91c222e36d4bd5ca8e78682a2172314197","0x0fba475e92cfef19f7dbada8ec2cce4ad7bbc0d9","0x1273b365e783cf2d6d31ca750eba471671d34af7","553633217993079584775086"
"0x42cc6017272722ddd8b0a6b32c2145a0fada53192a05293114ef0abf1a7f4fca-278","28353938","1753775133","0x42cc6017272722ddd8b0a6b32c2145a0fada53192a05293114ef0abf1a7f4fca","0xddd77e91c222e36d4bd5ca8e78682a2172314197","0x0fba475e92cfef19f7dbada8ec2cce4ad7bbc0d9","0xe6142fd3415b1346a106962d43fdd98fce0acc6c","553633217993079584775086"
"0x42ce555cc82d49edd60e88d147a25d4c51710954ef5d2589c8e5ba3de0cc7705-140","28356875","1753776902","0x42ce555cc82d49edd60e88d147a25d4c51710954ef5d2589c8e5ba3de0cc7705","0xddd77e91c222e36d4bd5ca8e78682a2172314197","0x0fba475e92cfef19f7dbada8ec2cce4ad7bbc0d9","0x101920aee4fee97e3d198fc531b2f4dd811676d6","553633217993079584775086"
"0x42eedffb11fd1ba3e0e31b3d670d3c77d6aa1e5655b9d7ce0d8f6520d1219679-148","28374279","1753787410","0x42eedffb11fd1ba3e0e31b3d670d3c77d6aa1e5655b9d7ce0d8f6520d1219679","0xddd77e91c222e36d4bd5ca8e78682a2172314197","0x0fba475e92cfef19f7dbada8ec2cce4ad7bbc0d9","0xa27121d3095d21e5ad014ef51ad7fdcee186b63a","553633217993079584775086"
"0x42f3f70bd3fe961846aebee5e21a6b7167335ce4c77b736401a89a6b62725676-46","28398919","1753802266","0x42f3f70bd3fe961846aebee5e21a6b7167335ce4c77b736401a89a6b62725676","0xddd77e91c222e36d4bd5ca8e78682a2172314197","0x0fba475e92cfef19f7dbada8ec2cce4ad7bbc0d9","0x0d612fd998ed49b047a7b7cf718b40d2429089eb","553633217993079584775086"
"0x4309eb25a7e42a3a980b038c49b0cf5cb39f38ce55d83ab5271327fb92cbf5f7-20","28376884","1753788992","0x4309eb25a7e42a3a980b038c49b0cf5cb39f38ce55d83ab5271327fb92cbf5f7","0xddd77e91c222e36d4bd5ca8e78682a2172314197","0x0fba475e92cfef19f7dbada8ec2cce4ad7bbc0d9","0xba5cb3dc8fe74c1c23ee7745a387484c271ffffb","553633217993079584775086"
"0x43178767ee6c3487e2895fcf956138054671695e522ba6f495e53046b987793d-3","28374749","1753787709","0x43178767ee6c3487e2895fcf956138054671695e522ba6f495e53046b987793d","0xddd77e91c222e36d4bd5ca8e78682a2172314197","0x0fba475e92cfef19f7dbada8ec2cce4ad7bbc0d9","0x5cfe3a15c0f55b8c087d5063258a49e20784de8e","553633217993079584775086"
"0x43262719aa0c417e264b287f58852ca208c198489cd4a2c7820da700bd5bd5a0-6","28404009","1753805386","0x43262719aa0c417e264b287f58852ca208c198489cd4a2c7820da700bd5bd5a0","0xddd77e91c222e36d4bd5ca8e78682a2172314197","0x0fba475e92cfef19f7dbada8ec2cce4ad7bbc0d9","0x7363593559751695d9f9b1123715766e059d4e54","553633217993079584775086"
"0x4332ea7cce27c12f95bc88cd0907374525511f07662c4c7a92b89f65bb3ba026-28","28392445","1753798357","0x4332ea7cce27c12f95bc88cd0907374525511f07662c4c7a92b89f65bb3ba026","0xddd77e91c222e36d4bd5ca8e78682a2172314197","0x0fba475e92cfef19f7dbada8ec2cce4ad7bbc0d9","0xd72416e187d5df084ac920197cdfdf09068ffcf2","553633217993079584775086"
"0x434b41d777bb893badc9b4ffa878e8ec625982ee06af065129f996e13965aa26-77","28350710","1753773218","0x434b41d777bb893badc9b4ffa878e8ec625982ee06af065129f996e13965aa26","0xddd77e91c222e36d4bd5ca8e78682a2172314197","0x0fba475e92cfef19f7dbada8ec2cce4ad7bbc0d9","0x9120c59fbd0e044e54b9d7b6ed5f3fdd0e180be1","553633217993079584775086"
"0x43582a9ffa9f3591536acaa167c6feb27feb12a41d93f188b8ba51b0c7fa5fa4-158","28358793","1753778070","0x43582a9ffa9f3591536acaa167c6feb27feb12a41d93f188b8ba51b0c7fa5fa4","0xddd77e91c222e36d4bd5ca8e78682a2172314197","0x0fba475e92cfef19f7dbada8ec2cce4ad7bbc0d9","0x1c80650505615863a45200b86f6bb4930da82651","553633217993079584775086"
"0x43602edfca53cec7a3c30738e3f7b5e6227b2582a388183e98ab0cfa7de4489b-62","28358879","1753778126","0x43602edfca53cec7a3c30738e3f7b5e6227b2582a388183e98ab0cfa7de4489b","0xddd77e91c222e36d4bd5ca8e78682a2172314197","0x0fba475e92cfef19f7dbada8ec2cce4ad7bbc0d9","0x0e2f6ddf51ff89e5251d8376389a1a5fa34670b3","553633217993079584775086"
"0x436a02d6c97198e3daf9be4ddd2c5b72709062e255ad04727a1a35b83b0d7e50-100","28350722","1753773224","0x436a02d6c97198e3daf9be4ddd2c5b72709062e255ad04727a1a35b83b0d7e50","0xddd77e91c222e36d4bd5ca8e78682a2172314197","0x0fba475e92cfef19f7dbada8ec2cce4ad7bbc0d9","0xfd08ee0ff8e3da66f4da28f4176290210cbd9374","553633217993079584775086"
"0x436a63f5b62878fe90814c6e8a5fee2433e88b87789feb58d89b5e2d8cbd3e5a-31","28333350","1753762748","0x436a63f5b62878fe90814c6e8a5fee2433e88b87789feb58d89b5e2d8cbd3e5a","0xddd77e91c222e36d4bd5ca8e78682a2172314197","0x0fba475e92cfef19f7dbada8ec2cce4ad7bbc0d9","0xce95401e6e35dc4a4370090247ea888dee6d973c","553633217993079584775086"
"0x437a88bcc48a1e2e50ed6d699354f5b0636ccdb9e03c1f22758eb7337246eba2-73","28345617","1753770171","0x437a88bcc48a1e2e50ed6d699354f5b0636ccdb9e03c1f22758eb7337246eba2","0xddd77e91c222e36d4bd5ca8e78682a2172314197","0x0fba475e92cfef19f7dbada8ec2cce4ad7bbc0d9","0x3a03f30c581c87be450e7d67a655b16abc9610ed","553633217993079584775086"
"0x438b5946862861a9a2178895429176cdc45e00d3149c664e3245f12be3050992-3","28340262","1753766919","0x438b5946862861a9a2178895429176cdc45e00d3149c664e3245f12be3050992","0xddd77e91c222e36d4bd5ca8e78682a2172314197","0x0fba475e92cfef19f7dbada8ec2cce4ad7bbc0d9","0xad450f54dcc6770dbef9fad22cfa66d39801a0c6","553633217993079584775086"
"0x43ad830da6995865150cbb09fda9a8d1bf897c4c836e25fbbb76949cb940c167-642","28401502","1753803866","0x43ad830da6995865150cbb09fda9a8d1bf897c4c836e25fbbb76949cb940c167","0xddd77e91c222e36d4bd5ca8e78682a2172314197","0x0fba475e92cfef19f7dbada8ec2cce4ad7bbc0d9","0x45057583abed559c2b2b9623a33445c6759d7f9b","553633217993079584775086"
"0x43c5ea5a0ae4e662261ab559b9d924b593f7e3c49dd4a97b3d12a5d1b3c77422-11","28338059","1753765593","0x43c5ea5a0ae4e662261ab559b9d924b593f7e3c49dd4a97b3d12a5d1b3c77422","0xddd77e91c222e36d4bd5ca8e78682a2172314197","0x0fba475e92cfef19f7dbada8ec2cce4ad7bbc0d9","0xfde867ad3ce97941d27055c49617fe510fbd8a0b","553633217993079584775086"
"0x43e6549ee49040c9907824ec55f50b5b20ffd80ed8b1bd7d0a720c9486c41d5b-100","28342613","1753768317","0x43e6549ee49040c9907824ec55f50b5b20ffd80ed8b1bd7d0a720c9486c41d5b","0xddd77e91c222e36d4bd5ca8e78682a2172314197","0x0fba475e92cfef19f7dbada8ec2cce4ad7bbc0d9","0xc4d2b66cd2ad37974c86f104477e1024b8037c67","553633217993079584775086"
"0x43ed4d3c2f2a6d9778f331ea5b41c1fc34d26ee0b7c1b0e2ce46ad93b5cdbbd7-14","28362549","1753780347","0x43ed4d3c2f2a6d9778f331ea5b41c1fc34d26ee0b7c1b0e2ce46ad93b5cdbbd7","0xddd77e91c222e36d4bd5ca8e78682a2172314197","0x0fba475e92cfef19f7dbada8ec2cce4ad7bbc0d9","0x36b3954558ab541159d9aa29de94455108b2eb6a","553633217993079584775086"
"0x43f9a495c364fc571b07103f1037b2704b73ea2a6e852e21be1b1cc59a8166ca-4","28408226","1753807959","0x43f9a495c364fc571b07103f1037b2704b73ea2a6e852e21be1b1cc59a8166ca","0xddd77e91c222e36d4bd5ca8e78682a2172314197","0x0fba475e92cfef19f7dbada8ec2cce4ad7bbc0d9","0xa90e7f6bd725c79fd30c30b784410ea3bbd655b1","553633217993079584775086"
"0x44006046ee271abd772374856768170f93e154b299f674bd448e1f5236a8e33e-4","28363528","1753780931","0x44006046ee271abd772374856768170f93e154b299f674bd448e1f5236a8e33e","0xddd77e91c222e36d4bd5ca8e78682a2172314197","0x0fba475e92cfef19f7dbada8ec2cce4ad7bbc0d9","0x90423b701f86e33d270f8c80f27fb8377ff45fc2","553633217993079584775086"
"0x442085616e38832dcdca395156b9f520274e79c4a9e8156d5ac696e73e8b14eb-3","28340164","1753766868","0x442085616e38832dcdca395156b9f520274e79c4a9e8156d5ac696e73e8b14eb","0xddd77e91c222e36d4bd5ca8e78682a2172314197","0x0fba475e92cfef19f7dbada8ec2cce4ad7bbc0d9","0xfe058721d128792c09324190e9d27ab817eacbf8","553633217993079584775086"
"0x44562eb86bbe46ff6b4189347bc16813e87b5fdd989c19a32e7b79f61ad7b415-11","28130204","1753640864","0x44562eb86bbe46ff6b4189347bc16813e87b5fdd989c19a32e7b79f61ad7b415","0xddd77e91c222e36d4bd5ca8e78682a2172314197","0x0fba475e92cfef19f7dbada8ec2cce4ad7bbc0d9","0xa301231058ee6a40e3cedbd732baa2d81bdbd167","553633217993079584775086"
"0x446d077df12d13f61db8987656ce156d1f9c8093d69888a74c3f034d9ca43efa-248","28392572","1753798434","0x446d077df12d13f61db8987656ce156d1f9c8093d69888a74c3f034d9ca43efa","0xddd77e91c222e36d4bd5ca8e78682a2172314197","0x0fba475e92cfef19f7dbada8ec2cce4ad7bbc0d9","0x8da549cdeb088ffe8dcea6ba4e395de1b9b33a1e","553633217993079584775086"
"0x447a39af20e55c8ca0a1ae0bd9e374b4d074605d26796b8780e34943af1e224f-3","28351950","1753773949","0x447a39af20e55c8ca0a1ae0bd9e374b4d074605d26796b8780e34943af1e224f","0xddd77e91c222e36d4bd5ca8e78682a2172314197","0x0fba475e92cfef19f7dbada8ec2cce4ad7bbc0d9","0xf2b866661093af2e32b24fab72cb2a5e13668c98","553633217993079584775086"
"0x447e279e0417966de941b633705ca87c16ecbe0c852c74ecde2cb232ac018f41-54","28130134","1753640817","0x447e279e0417966de941b633705ca87c16ecbe0c852c74ecde2cb232ac018f41","0xddd77e91c222e36d4bd5ca8e78682a2172314197","0x0fba475e92cfef19f7dbada8ec2cce4ad7bbc0d9","0x7a22c0cecd01cf36e1823c4fc829fdfaf0d746b2","553633217993079584775086"
"0x44b31d897be67044bdd58aca9e4b8e259b8039348d0def235a5097adbea7aacf-48","28392594","1753798447","0x44b31d897be67044bdd58aca9e4b8e259b8039348d0def235a5097adbea7aacf","0xddd77e91c222e36d4bd5ca8e78682a2172314197","0x0fba475e92cfef19f7dbada8ec2cce4ad7bbc0d9","0x703d869ce86c0003a961dce96332acbbdcfa6147","553633217993079584775086"
"0x44bba076cdcda7c8a016eb19b7964009ca73e1ecab257009c95134a1283a40d7-134","28354101","1753775224","0x44bba076cdcda7c8a016eb19b7964009ca73e1ecab257009c95134a1283a40d7","0xddd77e91c222e36d4bd5ca8e78682a2172314197","0x0fba475e92cfef19f7dbada8ec2cce4ad7bbc0d9","0x66741dbe71473188d2beb7893f1dcc28ae9ceb6e","553633217993079584775086"
"0x44c06635008a6d73b49b0addb1e24da5c2905a726d4a37ea11601742b80fe421-89","28132086","1753641989","0x44c06635008a6d73b49b0addb1e24da5c2905a726d4a37ea11601742b80fe421","0xddd77e91c222e36d4bd5ca8e78682a2172314197","0x0fba475e92cfef19f7dbada8ec2cce4ad7bbc0d9","0x7619e2b608e1f5b032c7efc28dbe9a96d0dbd059","553633217993079584775086"
"0x44c6761be0747f7d4d75d94b9e4378fcc3977c4bbe3fe867b144300703255c4a-567","28137890","1753645500","0x44c6761be0747f7d4d75d94b9e4378fcc3977c4bbe3fe867b144300703255c4a","0xddd77e91c222e36d4bd5ca8e78682a2172314197","0x0fba475e92cfef19f7dbada8ec2cce4ad7bbc0d9","0xb68de662b58dac5caee956236874306a32d10635","553633217993079584775086"
"0x44cf827a71a51199700bf412631885dc5817d60501efa55b577226b9ff2046e1-93","28377250","1753789225","0x44cf827a71a51199700bf412631885dc5817d60501efa55b577226b9ff2046e1","0xddd77e91c222e36d4bd5ca8e78682a2172314197","0x0fba475e92cfef19f7dbada8ec2cce4ad7bbc0d9","0x2127833402462d8144f83e508c1648f76236b85f","553633217993079584775086"
"0x44e6014f91058e9ba706bb5d9cafef50f41f13268c2d86a26eee10a282dec957-105","28332020","1753761963","0x44e6014f91058e9ba706bb5d9cafef50f41f13268c2d86a26eee10a282dec957","0xddd77e91c222e36d4bd5ca8e78682a2172314197","0x0fba475e92cfef19f7dbada8ec2cce4ad7bbc0d9","0xa989a7670b8a44df26017223b24d5dcc9987b356","553633217993079584775086"
"0x45230194d20905455458fff3ad0474f11924993de2a30c85f54a86b0c11c9cf4-296","28378393","1753789909","0x45230194d20905455458fff3ad0474f11924993de2a30c85f54a86b0c11c9cf4","0xddd77e91c222e36d4bd5ca8e78682a2172314197","0x0fba475e92cfef19f7dbada8ec2cce4ad7bbc0d9","0xd422fc040ad9294d553150cf5646ab0b1729e443","553633217993079584775086"
"0x4551b3662370315747a1680a2be8a0f1b506d61987a47a52dba19cd0f9389b4d-105","28366579","1753782783","0x4551b3662370315747a1680a2be8a0f1b506d61987a47a52dba19cd0f9389b4d","0xddd77e91c222e36d4bd5ca8e78682a2172314197","0x0fba475e92cfef19f7dbada8ec2cce4ad7bbc0d9","0x00c4da4ff8d2b5f71ce8d8bccaf4217b0e9e7497","553633217993079584775086"
"0x456bad50fc7970c0ae1e51cc5c883ddc713e1d4b1267cb0a5136c35a535193b3-11","28356965","1753776956","0x456bad50fc7970c0ae1e51cc5c883ddc713e1d4b1267cb0a5136c35a535193b3","0xddd77e91c222e36d4bd5ca8e78682a2172314197","0x0fba475e92cfef19f7dbada8ec2cce4ad7bbc0d9","0x40291a67aa3854255a01238acd3451ecca2748d1","553633217993079584775086"
"0x45869d595ccc0d674b27793cccc06a5d0e9245255cbdcda88374998d36779ba9-16","28377489","1753789370","0x45869d595ccc0d674b27793cccc06a5d0e9245255cbdcda88374998d36779ba9","0xddd77e91c222e36d4bd5ca8e78682a2172314197","0x0fba475e92cfef19f7dbada8ec2cce4ad7bbc0d9","0x28122ecc50a33d265333b2f89b3627f3d24663f1","553633217993079584775086"
"0x45972717345edfd9fed80c3626dfe3ecb723d10abd3e72ab2f538a159ccb9b09-4","28409994","1753808991","0x45972717345edfd9fed80c3626dfe3ecb723d10abd3e72ab2f538a159ccb9b09","0xddd77e91c222e36d4bd5ca8e78682a2172314197","0x0fba475e92cfef19f7dbada8ec2cce4ad7bbc0d9","0x5e40e6eb4e56fd57f4affd04efef625be0b2d76a","553633217993079584775086"
"0x45c1f091b937a05fb9fb4fb3b7849b27da57f717ca3cc602646e727a6609b073-614","28357732","1753777435","0x45c1f091b937a05fb9fb4fb3b7849b27da57f717ca3cc602646e727a6609b073","0xddd77e91c222e36d4bd5ca8e78682a2172314197","0x0fba475e92cfef19f7dbada8ec2cce4ad7bbc0d9","0xabd29e9f206b20148e03f95c31c5f3139c0e9999","553633217993079584775086"
"0x45d8166f8cc1eb8ca0c87cfdd0d3c2df26c03056b323bcae190d224ab8a2e006-111","28351603","1753773754","0x45d8166f8cc1eb8ca0c87cfdd0d3c2df26c03056b323bcae190d224ab8a2e006","0xddd77e91c222e36d4bd5ca8e78682a2172314197","0x0fba475e92cfef19f7dbada8ec2cce4ad7bbc0d9","0x3f56519c0e72d3d05480b6bfd742b5f5f83fa338","553633217993079584775086"
"0x45e189ace2c2bffccbc9db206f9bf115bdbdd367f38a204ec7db2e0b7ca4b0e0-192","28344893","1753769717","0x45e189ace2c2bffccbc9db206f9bf115bdbdd367f38a204ec7db2e0b7ca4b0e0","0xddd77e91c222e36d4bd5ca8e78682a2172314197","0x0fba475e92cfef19f7dbada8ec2cce4ad7bbc0d9","0xc313a113851d9e3f339244dfded9ad8d8601e7c3","553633217993079584775086"
"0x45e1da2db7f3a5b280bef19f9b01a3439dbccc365e675635ab073d7519bd1909-225","28354832","1753775671","0x45e1da2db7f3a5b280bef19f9b01a3439dbccc365e675635ab073d7519bd1909","0xddd77e91c222e36d4bd5ca8e78682a2172314197","0x0fba475e92cfef19f7dbada8ec2cce4ad7bbc0d9","0xa4e75cdcb18e5633c101c879d01fbe9d4f421fb8","553633217993079584775086"
"0x45f12d97ed607dd78414c9ff116b001e5c12ac297e6eb597060ccbfd3d077a6e-97","28340789","1753767234","0x45f12d97ed607dd78414c9ff116b001e5c12ac297e6eb597060ccbfd3d077a6e","0xddd77e91c222e36d4bd5ca8e78682a2172314197","0x0fba475e92cfef19f7dbada8ec2cce4ad7bbc0d9","0xad2968923f75e9feef1d446b65f97492dcfa4952","553633217993079584775086"
"0x45fd35b733a6d712d73ade66f4f201d2be04cf75d34bae2968f34fb867306b34-537","28345411","1753770038","0x45fd35b733a6d712d73ade66f4f201d2be04cf75d34bae2968f34fb867306b34","0xddd77e91c222e36d4bd5ca8e78682a2172314197","0x0fba475e92cfef19f7dbada8ec2cce4ad7bbc0d9","0x7360026f2b1b702c651eba97fdfa75eea907f448","553633217993079584775086"
"0x45fef4df22d4943fb112aaf2ad1d5b43ca42f7f69632f0dd37d79caa3b2ee377-83","28338677","1753765957","0x45fef4df22d4943fb112aaf2ad1d5b43ca42f7f69632f0dd37d79caa3b2ee377","0xddd77e91c222e36d4bd5ca8e78682a2172314197","0x0fba475e92cfef19f7dbada8ec2cce4ad7bbc0d9","0xae8b569ed7fcf9a153cfe39ff5846092c8ae82c2","553633217993079584775086"
"0x4603d6f36a1d31a3911fd58dc063227a54b56774d014590a7ec6231a2a288de9-58","28337982","1753765546","0x4603d6f36a1d31a3911fd58dc063227a54b56774d014590a7ec6231a2a288de9","0xddd77e91c222e36d4bd5ca8e78682a2172314197","0x0fba475e92cfef19f7dbada8ec2cce4ad7bbc0d9","0x1a555ee35b57dd7024b64d73b5e351b4e1c3e633","553633217993079584775086"
"0x46156e8d74ccef30d24b5b67bbf57442f84a2c3f65fd5ef4572258bdb45bccf0-26","28375964","1753788438","0x46156e8d74ccef30d24b5b67bbf57442f84a2c3f65fd5ef4572258bdb45bccf0","0xddd77e91c222e36d4bd5ca8e78682a2172314197","0x0fba475e92cfef19f7dbada8ec2cce4ad7bbc0d9","0xf9c136afe2f1bf6369f6d1032659d7e445f86b53","553633217993079584775086"
"0x466ecda66049fb280ecd3d10076f436bcf3bd53bbf9782bf8953008c3d6e08fc-21","28380189","1753790999","0x466ecda66049fb280ecd3d10076f436bcf3bd53bbf9782bf8953008c3d6e08fc","0xddd77e91c222e36d4bd5ca8e78682a2172314197","0x0fba475e92cfef19f7dbada8ec2cce4ad7bbc0d9","0xe51ad9fb52527a9bc4c6fdbe22e84c9c3208c595","553633217993079584775086"
"0x46930fd9a60cb15a5bb01819b1dd062e1ba088f545a745b664d3700dc3ee82f2-266","28354278","1753775338","0x46930fd9a60cb15a5bb01819b1dd062e1ba088f545a745b664d3700dc3ee82f2","0xddd77e91c222e36d4bd5ca8e78682a2172314197","0x0fba475e92cfef19f7dbada8ec2cce4ad7bbc0d9","0xaef7e0b5743b37fa343ff1756373c41fcb142225","553633217993079584775086"
"0x469bfb55df25ef89b0fc00ea28fd59a333b1a494d0214b0d2561bbb1d9301a2e-156","28341186","1753767478","0x469bfb55df25ef89b0fc00ea28fd59a333b1a494d0214b0d2561bbb1d9301a2e","0xddd77e91c222e36d4bd5ca8e78682a2172314197","0x0fba475e92cfef19f7dbada8ec2cce4ad7bbc0d9","0xbde29da6a61d34180e09abb1ffd5ffbf822565e0","553633217993079584775086"
"0x46a6ea0efda1c6cb4e242b6a8a5664169f0167a714e57009cf39683830007421-63","28400796","1753803442","0x46a6ea0efda1c6cb4e242b6a8a5664169f0167a714e57009cf39683830007421","0xddd77e91c222e36d4bd5ca8e78682a2172314197","0x0fba475e92cfef19f7dbada8ec2cce4ad7bbc0d9","0x2d7368cca26aa8ea48f58f5ba4ac83b99b190fed","553633217993079584775086"
"0x46ade7db8d42b797018c1b5b71f5f73906df567bcdacab129e46c191371f1131-190","28393481","1753798983","0x46ade7db8d42b797018c1b5b71f5f73906df567bcdacab129e46c191371f1131","0xddd77e91c222e36d4bd5ca8e78682a2172314197","0x0fba475e92cfef19f7dbada8ec2cce4ad7bbc0d9","0x0eb8dbd361d0c90e1fdba521bbf259450849650e","553633217993079584775086"
"0x46b0b7ac12b952cf510cbca2160040f98cf2d47fee0fdc4fc995d052dd737d23-9","28381072","1753791532","0x46b0b7ac12b952cf510cbca2160040f98cf2d47fee0fdc4fc995d052dd737d23","0xddd77e91c222e36d4bd5ca8e78682a2172314197","0x0fba475e92cfef19f7dbada8ec2cce4ad7bbc0d9","0x117bfa8be84feb54b213a4079f3520470162de71","553633217993079584775086"
"0x46b4fd5636bcc2a8f22b01ed3159c82de69746640694d48ef2bc3eabae16a2bf-132","28335834","1753764276","0x46b4fd5636bcc2a8f22b01ed3159c82de69746640694d48ef2bc3eabae16a2bf","0xddd77e91c222e36d4bd5ca8e78682a2172314197","0x0fba475e92cfef19f7dbada8ec2cce4ad7bbc0d9","0x8da6854cc930bd12e7aaab374d3fac7e915939fb","553633217993079584775086"
"0x46b5f3619947aaabd49a64595aaa18e057ec3e1eb3b098cdcc9f9979e4d5305d-628","28348012","1753771610","0x46b5f3619947aaabd49a64595aaa18e057ec3e1eb3b098cdcc9f9979e4d5305d","0xddd77e91c222e36d4bd5ca8e78682a2172314197","0x0fba475e92cfef19f7dbada8ec2cce4ad7bbc0d9","0x3ecf2ef708815a4a06cbf4b6ca07bb9504e20006","553633217993079584775086"
"0x46c5c63c4164773faacea4ba5f6b51cdb479d9b60bff32e515adf550ad06eeb4-44","28335514","1753764080","0x46c5c63c4164773faacea4ba5f6b51cdb479d9b60bff32e515adf550ad06eeb4","0xddd77e91c222e36d4bd5ca8e78682a2172314197","0x0fba475e92cfef19f7dbada8ec2cce4ad7bbc0d9","0x02adc65aac2715103cf4c1ed3fbe2b18d5f02228","553633217993079584775086"
"0x46c912f9bed29ae0cbfc36361552eed88eb5304779c95d3f6e24a704e9e74323-3","28384353","1753793524","0x46c912f9bed29ae0cbfc36361552eed88eb5304779c95d3f6e24a704e9e74323","0xddd77e91c222e36d4bd5ca8e78682a2172314197","0x0fba475e92cfef19f7dbada8ec2cce4ad7bbc0d9","0x3415ed0da1a6677a612234c87fa3baf2d129d845","553633217993079584775086"
"0x46f44604c395f77529e21c0363b7820d764555d5eeac0b0364c9ede8706ac30e-123","28363758","1753781080","0x46f44604c395f77529e21c0363b7820d764555d5eeac0b0364c9ede8706ac30e","0xddd77e91c222e36d4bd5ca8e78682a2172314197","0x0fba475e92cfef19f7dbada8ec2cce4ad7bbc0d9","0xdd0ddab513aa8c05d25d448ed74bcdcbabfb3383","553633217993079584775086"
"0x471853d742c9178e0b2fb3bc1938ae7dcfd7633ead62d60ccead465f00198529-32","28398916","1753802265","0x471853d742c9178e0b2fb3bc1938ae7dcfd7633ead62d60ccead465f00198529","0xddd77e91c222e36d4bd5ca8e78682a2172314197","0x0fba475e92cfef19f7dbada8ec2cce4ad7bbc0d9","0xa786c914604e9ef76fbf4cefdfc640b0fce2a004","553633217993079584775086"
"0x472fb91743e81e05da4056759c9061346450b28fa99e5dc3474d2b6ff84dca3f-649","28362946","1753780579","0x472fb91743e81e05da4056759c9061346450b28fa99e5dc3474d2b6ff84dca3f","0xddd77e91c222e36d4bd5ca8e78682a2172314197","0x0fba475e92cfef19f7dbada8ec2cce4ad7bbc0d9","0xcbb58c9ffc318aaca7082fbf0360c47d344283dd","553633217993079584775086"
"0x475321a4fae601190873b68f63925eb9ae1d67c9048659aef015bc33fee41cd9-635","28384216","1753793434","0x475321a4fae601190873b68f63925eb9ae1d67c9048659aef015bc33fee41cd9","0xddd77e91c222e36d4bd5ca8e78682a2172314197","0x0fba475e92cfef19f7dbada8ec2cce4ad7bbc0d9","0x33bf931d8a360d2aa7670402d8b911a577e402b3","553633217993079584775086"
"0x47698e0767f83f159438b3028674cadace1f13586cc3fab729445a462083c43c-150","28336340","1753764592","0x47698e0767f83f159438b3028674cadace1f13586cc3fab729445a462083c43c","0xddd77e91c222e36d4bd5ca8e78682a2172314197","0x0fba475e92cfef19f7dbada8ec2cce4ad7bbc0d9","0x0dc442f7daf0d98a184b23a5b22d412f40ee9faf","553633217993079584775086"
"0x477fc9d7711dd6cf72547c5d66cb4cf7f701f49f2e0692ffe80f81c3fe050933-3","28381034","1753791513","0x477fc9d7711dd6cf72547c5d66cb4cf7f701f49f2e0692ffe80f81c3fe050933","0xddd77e91c222e36d4bd5ca8e78682a2172314197","0x0fba475e92cfef19f7dbada8ec2cce4ad7bbc0d9","0x7982cbf39d9890d5d32ed62e4343755b4ddc622e","553633217993079584775086"
"0x47b8816a10d1be5cb1acd2efd620f6c3e0eafe9e60b554bfecfc03afd12fb803-11","28386842","1753794968","0x47b8816a10d1be5cb1acd2efd620f6c3e0eafe9e60b554bfecfc03afd12fb803","0xddd77e91c222e36d4bd5ca8e78682a2172314197","0x0fba475e92cfef19f7dbada8ec2cce4ad7bbc0d9","0x754c68ec1cd7fa66772b533f7febfb22922eae05","553633217993079584775086"
"0x47ba28d4ca9d42aeebf0f963e329d436b063e4149c3dfc3d951d6527479fc823-25","28330677","1753761155","0x47ba28d4ca9d42aeebf0f963e329d436b063e4149c3dfc3d951d6527479fc823","0xddd77e91c222e36d4bd5ca8e78682a2172314197","0x0fba475e92cfef19f7dbada8ec2cce4ad7bbc0d9","0x1f92cd34a45de6c1a27cab28ab95fb64feead8cf","553633217993079584775086"
"0x47e14a4f655c4a2a15ad5bb4390ee85f8fb933ebeffa134bda6b446854179bee-112","28129708","1753640555","0x47e14a4f655c4a2a15ad5bb4390ee85f8fb933ebeffa134bda6b446854179bee","0xddd77e91c222e36d4bd5ca8e78682a2172314197","0x0fba475e92cfef19f7dbada8ec2cce4ad7bbc0d9","0x0b14e4fcc10bd0da224b823b6d783f10f7a75634","553633217993079584775086"
"0x47f7b46c27489094b3a679fb235aa0c7ee85334dbdb52aa80b499b5ba78f89f1-499","28338435","1753765814","0x47f7b46c27489094b3a679fb235aa0c7ee85334dbdb52aa80b499b5ba78f89f1","0xddd77e91c222e36d4bd5ca8e78682a2172314197","0x0fba475e92cfef19f7dbada8ec2cce4ad7bbc0d9","0xd81c2c9b673398700012c8e579dfcee52e62cc35","553633217993079584775086"
"0x4811eb1cd3aa4a46be9c8839897c88db50f7b70a7317a9bfaae90a7f21b20544-63","28360720","1753779246","0x4811eb1cd3aa4a46be9c8839897c88db50f7b70a7317a9bfaae90a7f21b20544","0xddd77e91c222e36d4bd5ca8e78682a2172314197","0x0fba475e92cfef19f7dbada8ec2cce4ad7bbc0d9","0x2dddea73f1bd8815bfd9ec9c86714ecec22ea3be","553633217993079584775086"
"0x4817854a2f05f7f6a9103e26ac57908329634e1eeebfdc9e6bb6c71006a93119-60","28376092","1753788511","0x4817854a2f05f7f6a9103e26ac57908329634e1eeebfdc9e6bb6c71006a93119","0xddd77e91c222e36d4bd5ca8e78682a2172314197","0x0fba475e92cfef19f7dbada8ec2cce4ad7bbc0d9","0x0183f0ac28e287cbbba6ef10dc01dc4c9a62e524","553633217993079584775086"
"0x481928852d2aa5b336a41c43b36c691d02911122b5cf998dc1df73da739a814b-641","28385801","1753794373","0x481928852d2aa5b336a41c43b36c691d02911122b5cf998dc1df73da739a814b","0xddd77e91c222e36d4bd5ca8e78682a2172314197","0x0fba475e92cfef19f7dbada8ec2cce4ad7bbc0d9","0x4b0ec56467f73e7b5ba3547bc592a6c5af9916bf","553633217993079584775086"
"0x48279f3974bc736bc839cbd20ee793ccb4e5779fe6122b6da8e3cbf1734bc30c-3","28362474","1753780296","0x48279f3974bc736bc839cbd20ee793ccb4e5779fe6122b6da8e3cbf1734bc30c","0xddd77e91c222e36d4bd5ca8e78682a2172314197","0x0fba475e92cfef19f7dbada8ec2cce4ad7bbc0d9","0x1fbbd9803f74d43aced0b10a9fca4fe61cb245e9","553633217993079584775086"
"0x486eeaafdcbe4812e36afd74e9415e8fd49b5c8260f9ea65ecf167bef3c5d53e-51","28401918","1753804148","0x486eeaafdcbe4812e36afd74e9415e8fd49b5c8260f9ea65ecf167bef3c5d53e","0xddd77e91c222e36d4bd5ca8e78682a2172314197","0x0fba475e92cfef19f7dbada8ec2cce4ad7bbc0d9","0xfc6615fa8053e21663743a264128f4b8bf7718fa","553633217993079584775086"
"0x488eed260a73e2b6215222d2709b05d0d170f83af20eb0148d75460c28f4152e-19","28348960","1753772166","0x488eed260a73e2b6215222d2709b05d0d170f83af20eb0148d75460c28f4152e","0xddd77e91c222e36d4bd5ca8e78682a2172314197","0x0fba475e92cfef19f7dbada8ec2cce4ad7bbc0d9","0x593a3d3db8851442aa8d658fb74410550f274087","553633217993079584775086"
"0x489c9db358f9abb94c403495ddda15bd4dac3c56584f7376bbca91a130db7694-352","28130518","1753641050","0x489c9db358f9abb94c403495ddda15bd4dac3c56584f7376bbca91a130db7694","0xddd77e91c222e36d4bd5ca8e78682a2172314197","0x0fba475e92cfef19f7dbada8ec2cce4ad7bbc0d9","0xa74b24c47b9f04402402f0cc20c7c6fcf6337bc1","553633217993079584775086"
"0x48a1becc47255891d240a6b199cbe497196a385c2468d66385071fd5b800435c-151","28339624","1753766558","0x48a1becc47255891d240a6b199cbe497196a385c2468d66385071fd5b800435c","0xddd77e91c222e36d4bd5ca8e78682a2172314197","0x0fba475e92cfef19f7dbada8ec2cce4ad7bbc0d9","0x0c2cbb86ff2258fa11e78d2b994be0655395f4fe","553633217993079584775086"
"0x48b820dc4304719cbf5199a47794e0ceb41d1331c2264b0ea002250c4fc55a77-3","28343128","1753768634","0x48b820dc4304719cbf5199a47794e0ceb41d1331c2264b0ea002250c4fc55a77","0xddd77e91c222e36d4bd5ca8e78682a2172314197","0x0fba475e92cfef19f7dbada8ec2cce4ad7bbc0d9","0x7ff4f8fe1dbbba8dc27103359bf96e97a4d44114","553633217993079584775086"
"0x492f1250aa2e795fb3ff7783b4c893776ec448fb02625c786aa0f76f1413ade2-378","28367103","1753783099","0x492f1250aa2e795fb3ff7783b4c893776ec448fb02625c786aa0f76f1413ade2","0xddd77e91c222e36d4bd5ca8e78682a2172314197","0x0fba475e92cfef19f7dbada8ec2cce4ad7bbc0d9","0xae616ad84e59efbdb0cb4b27ebd6a132b9e3e6d4","553633217993079584775086"
"0x49e9f3d7b1edaec8e0cf4f271f37a76225bcc1509a4fb514932551b48583ad10-3","28377675","1753789482","0x49e9f3d7b1edaec8e0cf4f271f37a76225bcc1509a4fb514932551b48583ad10","0xddd77e91c222e36d4bd5ca8e78682a2172314197","0x0fba475e92cfef19f7dbada8ec2cce4ad7bbc0d9","0x1e23b98bb24503d544630d4f7d4a149eb615bf75","553633217993079584775086"
"0x49eab432acb7a971916ae1a3519af3743dbd4ab6c04e14b02da13d6c36739381-71","28332651","1753762336","0x49eab432acb7a971916ae1a3519af3743dbd4ab6c04e14b02da13d6c36739381","0xddd77e91c222e36d4bd5ca8e78682a2172314197","0x0fba475e92cfef19f7dbada8ec2cce4ad7bbc0d9","0x20a6fcc6e46f378f8a91c1c6e66b28169b097d1f","553633217993079584775086"
"0x49ef2e4fb4a61b2356a5e02288d8d905d3e55c0fc1a788f9b69e648ff7b99dc3-182","28354652","1753775574","0x49ef2e4fb4a61b2356a5e02288d8d905d3e55c0fc1a788f9b69e648ff7b99dc3","0xddd77e91c222e36d4bd5ca8e78682a2172314197","0x0fba475e92cfef19f7dbada8ec2cce4ad7bbc0d9","0x67bffdb2aa7cf7961c77691c895a4b637d50ec89","553633217993079584775086"
"0x49fb8c7697c7153e1edd063fb0c4d0bb040f5d63f514b5183fbdce58e5bcf3b9-27","28353398","1753774824","0x49fb8c7697c7153e1edd063fb0c4d0bb040f5d63f514b5183fbdce58e5bcf3b9","0xddd77e91c222e36d4bd5ca8e78682a2172314197","0x0fba475e92cfef19f7dbada8ec2cce4ad7bbc0d9","0x60bfe148d3903f0cbf4bb6f9db79989128059691","553633217993079584775086"
"0x4a5a5278b8440c3057d4c4a0203ca9dea42a73f784f30cdc75c12e1dd4a9c876-12","28372394","1753786249","0x4a5a5278b8440c3057d4c4a0203ca9dea42a73f784f30cdc75c12e1dd4a9c876","0xddd77e91c222e36d4bd5ca8e78682a2172314197","0x0fba475e92cfef19f7dbada8ec2cce4ad7bbc0d9","0xb178983e9c8c85c6955fdf4c66a9b7684a4d6292","553633217993079584775086"
"0x4a6b9ecd4f3fde4add701da4ae1acca3e3851c2c09f801ae61bbbbe98e5e1ebe-111","28350405","1753773030","0x4a6b9ecd4f3fde4add701da4ae1acca3e3851c2c09f801ae61bbbbe98e5e1ebe","0xddd77e91c222e36d4bd5ca8e78682a2172314197","0x0fba475e92cfef19f7dbada8ec2cce4ad7bbc0d9","0x521451afd9aab870ef24fcd71a14a6e425a76c03","553633217993079584775086"
"0x4a844e0ffe7a0c9083f94c400dbe529d5ebef0763c5fe5e32de5b4f5b0574507-114","28137946","1753645536","0x4a844e0ffe7a0c9083f94c400dbe529d5ebef0763c5fe5e32de5b4f5b0574507","0xddd77e91c222e36d4bd5ca8e78682a2172314197","0x0fba475e92cfef19f7dbada8ec2cce4ad7bbc0d9","0x09d01d5b6a3eb92e5f07077eb44a1a8d19ba89d4","553633217993079584775086"
"0x4a8a042998d40ee254eebe10126b763d9611824162a9975366c31b0a764bb021-3","28346889","1753770924","0x4a8a042998d40ee254eebe10126b763d9611824162a9975366c31b0a764bb021","0xddd77e91c222e36d4bd5ca8e78682a2172314197","0x0fba475e92cfef19f7dbada8ec2cce4ad7bbc0d9","0x5d6eea3118ed0beab2fd754343d1ee368cbec450","553633217993079584775086"
"0x4a903ee33ad674ea1bd22f01693afd439cdd9ca174835153dbeb0a542e02432c-176","28356115","1753776457","0x4a903ee33ad674ea1bd22f01693afd439cdd9ca174835153dbeb0a542e02432c","0xddd77e91c222e36d4bd5ca8e78682a2172314197","0x0fba475e92cfef19f7dbada8ec2cce4ad7bbc0d9","0x43272af962dbdb35e8d9a8bc4f7641ad1ddf78b6","553633217993079584775086"
"0x4a91184169db6fb69c374a5d9eaf4e319d0859a5c3d7b7acc843113017b53a7c-105","28370117","1753784906","0x4a91184169db6fb69c374a5d9eaf4e319d0859a5c3d7b7acc843113017b53a7c","0xddd77e91c222e36d4bd5ca8e78682a2172314197","0x0fba475e92cfef19f7dbada8ec2cce4ad7bbc0d9","0x7fe9da6d9c2eee8a6df2140ed791c09580cf9dcc","553633217993079584775086"
"0x4b0fef5b1138e0cd8ee1df7f58928e24a801388a1ac4b79dddda79b3307f968f-94","28130503","1753641037","0x4b0fef5b1138e0cd8ee1df7f58928e24a801388a1ac4b79dddda79b3307f968f","0xddd77e91c222e36d4bd5ca8e78682a2172314197","0x0fba475e92cfef19f7dbada8ec2cce4ad7bbc0d9","0x0f638e90352b7bc0649507b20e4593cc4ede93d4","553633217993079584775086"
"0x4b25b241428879707cbf39536c0cd2267294c77fc83ddd2697344c446322cd48-101","28333245","1753762689","0x4b25b241428879707cbf39536c0cd2267294c77fc83ddd2697344c446322cd48","0xddd77e91c222e36d4bd5ca8e78682a2172314197","0x0fba475e92cfef19f7dbada8ec2cce4ad7bbc0d9","0x3ab8de807adc512a816e85d47bc46cd543563992","553633217993079584775086"
"0x4b31b0086f797dc03429ef27d4d3f011b490b743ad9889b6190c86987954b690-914","28354123","1753775247","0x4b31b0086f797dc03429ef27d4d3f011b490b743ad9889b6190c86987954b690","0xddd77e91c222e36d4bd5ca8e78682a2172314197","0x0fba475e92cfef19f7dbada8ec2cce4ad7bbc0d9","0xc48d4cb997606fd48dcad07365608fc8d2b04817","553633217993079584775086"
"0x4b4c9d56b735f2eb22d85d8e3bfeff97418b66f3e3f6ab6a4d59105ee5c6c9ea-566","28339229","1753766329","0x4b4c9d56b735f2eb22d85d8e3bfeff97418b66f3e3f6ab6a4d59105ee5c6c9ea","0xddd77e91c222e36d4bd5ca8e78682a2172314197","0x0fba475e92cfef19f7dbada8ec2cce4ad7bbc0d9","0xdd3120a8eed83961232a7c78eda014d36a671d20","553633217993079584775086"
"0x4b799312a9d53b5b6ef5ebeede30d04255f98e96a8b0e5874dc6fd1bd8640d40-249","28351680","1753773802","0x4b799312a9d53b5b6ef5ebeede30d04255f98e96a8b0e5874dc6fd1bd8640d40","0xddd77e91c222e36d4bd5ca8e78682a2172314197","0x0fba475e92cfef19f7dbada8ec2cce4ad7bbc0d9","0x0886b4fb1a936c6327b9331d535f646f77620165","553633217993079584775086"
"0x4b7b6aeac75e454aff66826ed2983b1fbbaddd766dc9979d9c5eeae05a1f3349-199","28374190","1753787361","0x4b7b6aeac75e454aff66826ed2983b1fbbaddd766dc9979d9c5eeae05a1f3349","0xddd77e91c222e36d4bd5ca8e78682a2172314197","0x0fba475e92cfef19f7dbada8ec2cce4ad7bbc0d9","0xe396221b1360042df254de3ba11f2a1218085292","553633217993079584775086"
"0x4b8643ae261cea8787e3aa71592582863e17b85494c4302cae4a6184eb2a5981-118","28335108","1753763835","0x4b8643ae261cea8787e3aa71592582863e17b85494c4302cae4a6184eb2a5981","0xddd77e91c222e36d4bd5ca8e78682a2172314197","0x0fba475e92cfef19f7dbada8ec2cce4ad7bbc0d9","0x1cfd9d0aca7f3368fd6f674b65f954740316f480","553633217993079584775086"
"0x4b9da4f94f8631f4c26f5399c1fecb364a51d11c6bf98637558a4d07b5aefe56-136","28331053","1753761394","0x4b9da4f94f8631f4c26f5399c1fecb364a51d11c6bf98637558a4d07b5aefe56","0xddd77e91c222e36d4bd5ca8e78682a2172314197","0x0fba475e92cfef19f7dbada8ec2cce4ad7bbc0d9","0xa9933458dbf9a8c2dd593956cccabc183187bd09","553633217993079584775086"
"0x4ba4c390fd168e31ab6123870ebb3ddc2d51f8e53051dd2ac07d5cd8e6301ed5-282","28341655","1753767749","0x4ba4c390fd168e31ab6123870ebb3ddc2d51f8e53051dd2ac07d5cd8e6301ed5","0xddd77e91c222e36d4bd5ca8e78682a2172314197","0x0fba475e92cfef19f7dbada8ec2cce4ad7bbc0d9","0x90a14aeae682c92bc9b0cf12f68de7ea37af1962","553633217993079584775086"
"0x4bbc59b3206bbcd6941e48cdcd4d5e9c1d35f918a348dc2ed63d67a22e5c2263-497","28137177","1753645056","0x4bbc59b3206bbcd6941e48cdcd4d5e9c1d35f918a348dc2ed63d67a22e5c2263","0xddd77e91c222e36d4bd5ca8e78682a2172314197","0x0fba475e92cfef19f7dbada8ec2cce4ad7bbc0d9","0x706e75f1d01cdbe99b44fbc9b3ab35bf39780dfa","553633217993079584775086"
"0x4bd7906e81fb421d452d1b1c86b31b5acc5901db664dc7d47590faa2903732b4-23","28360655","1753779204","0x4bd7906e81fb421d452d1b1c86b31b5acc5901db664dc7d47590faa2903732b4","0xddd77e91c222e36d4bd5ca8e78682a2172314197","0x0fba475e92cfef19f7dbada8ec2cce4ad7bbc0d9","0x42a84d3789037bd581a72cfb2641635ae2e17212","553633217993079584775086"
"0x4be09ea87b6ebdc246b8e31ed2c91ecb819bc685bcbb64244bbcdb7488885b85-60","28370025","1753784847","0x4be09ea87b6ebdc246b8e31ed2c91ecb819bc685bcbb64244bbcdb7488885b85","0xddd77e91c222e36d4bd5ca8e78682a2172314197","0x0fba475e92cfef19f7dbada8ec2cce4ad7bbc0d9","0xe0276747cd2d000466afe77f44a3cc04858db17c","553633217993079584775086"
"0x4c2e6d9aa14a29ac232025670b14bb85b605439dfb4d7224753ecb2a8ab757fc-452","28336152","1753764472","0x4c2e6d9aa14a29ac232025670b14bb85b605439dfb4d7224753ecb2a8ab757fc","0xddd77e91c222e36d4bd5ca8e78682a2172314197","0x0fba475e92cfef19f7dbada8ec2cce4ad7bbc0d9","0x97622f6274bef67e990f6f869244b330adafebca","553633217993079584775086"
"0x4c6b03a3caa874e1cf3622e51148fdae91059f8cd12bac5f0b1f79bb08276b32-52","28378954","1753790246","0x4c6b03a3caa874e1cf3622e51148fdae91059f8cd12bac5f0b1f79bb08276b32","0xddd77e91c222e36d4bd5ca8e78682a2172314197","0x0fba475e92cfef19f7dbada8ec2cce4ad7bbc0d9","0x1feb52be24e4bc08815f342f7027a02cab0c5dd3","553633217993079584775086"
"0x4c7ae12576964e62ca3a166de5ee74115e1c240fec401b04dd4a0c27bc40ccc0-35","28348338","1753771815","0x4c7ae12576964e62ca3a166de5ee74115e1c240fec401b04dd4a0c27bc40ccc0","0xddd77e91c222e36d4bd5ca8e78682a2172314197","0x0fba475e92cfef19f7dbada8ec2cce4ad7bbc0d9","0x48e5a8045d1cbbced093c3408a3a6a350492f45d","553633217993079584775086"
"0x4c7ff768da0ffb7a7eef14cf7626858974ebc387f10e61e40248c2c57c123b02-3","28335294","1753763948","0x4c7ff768da0ffb7a7eef14cf7626858974ebc387f10e61e40248c2c57c123b02","0xddd77e91c222e36d4bd5ca8e78682a2172314197","0x0fba475e92cfef19f7dbada8ec2cce4ad7bbc0d9","0xff9426c3fd44dffb97525849996daf5349197639","553633217993079584775086"
"0x4c9f038a33d475053ec8cc2278e482a97626d25b238874a7fdb4d7c9cfb5d2ac-94","28341672","1753767757","0x4c9f038a33d475053ec8cc2278e482a97626d25b238874a7fdb4d7c9cfb5d2ac","0xddd77e91c222e36d4bd5ca8e78682a2172314197","0x0fba475e92cfef19f7dbada8ec2cce4ad7bbc0d9","0x383309e4d171dd94c5abc4fac163578d81cf2fcc","553633217993079584775086"
"0x4ca0c8058cb6b267ddf7aae415d1d6c35315b05cb9e66ed16709250515e550c9-120","28342639","1753768330","0x4ca0c8058cb6b267ddf7aae415d1d6c35315b05cb9e66ed16709250515e550c9","0xddd77e91c222e36d4bd5ca8e78682a2172314197","0x0fba475e92cfef19f7dbada8ec2cce4ad7bbc0d9","0x1e2b3e99709f1bbeaad466c308989aba05d4e155","553633217993079584775086"
"0x4ca112a885abeca3d5b37e9043d7eea4220110b9fea625dbffe9dba13a3cd008-366","28395389","1753800143","0x4ca112a885abeca3d5b37e9043d7eea4220110b9fea625dbffe9dba13a3cd008","0xddd77e91c222e36d4bd5ca8e78682a2172314197","0x0fba475e92cfef19f7dbada8ec2cce4ad7bbc0d9","0x516ebb9e4f497297576fdb8c396d667a2a571510","553633217993079584775086"
"0x4cba30d7d47557d4a19509266683b8963caf9fc519e2664642ec111b02eff479-724","28364356","1753781442","0x4cba30d7d47557d4a19509266683b8963caf9fc519e2664642ec111b02eff479","0xddd77e91c222e36d4bd5ca8e78682a2172314197","0x0fba475e92cfef19f7dbada8ec2cce4ad7bbc0d9","0x25547426f6243ab03e648996d1bd71aa8d7ea3fc","553633217993079584775086"
"0x4cc9f42859fd989725c647a9f7e559f480ec57a95cebe9c8495e75335d80637a-140","28355975","1753776373","0x4cc9f42859fd989725c647a9f7e559f480ec57a95cebe9c8495e75335d80637a","0xddd77e91c222e36d4bd5ca8e78682a2172314197","0x0fba475e92cfef19f7dbada8ec2cce4ad7bbc0d9","0xbf8e332dadd530960f41510500ba67d563ded6b6","553633217993079584775086"
"0x4cd0ea7fb834f0850d4a348bc77f271379757da2a084292b2416e310e91b49d5-110","28390003","1753796858","0x4cd0ea7fb834f0850d4a348bc77f271379757da2a084292b2416e310e91b49d5","0xddd77e91c222e36d4bd5ca8e78682a2172314197","0x0fba475e92cfef19f7dbada8ec2cce4ad7bbc0d9","0x7d343e73e3d7ae7029f1d1a710e0b8cb91520b2c","553633217993079584775086"
"0x4cd2566b60076449e8796ccf25cbafc944aa51f13744d3f1e3f981aac01d9164-266","28392524","1753798408","0x4cd2566b60076449e8796ccf25cbafc944aa51f13744d3f1e3f981aac01d9164","0xddd77e91c222e36d4bd5ca8e78682a2172314197","0x0fba475e92cfef19f7dbada8ec2cce4ad7bbc0d9","0x52535e76e6bb0ffb6c9049194ff6ee9089c5905a","553633217993079584775086"
"0x4cdf8ddd5015306eeac260a9298196bfd3e675fbc40bf84bab3946d543131ff5-106","28365433","1753782055","0x4cdf8ddd5015306eeac260a9298196bfd3e675fbc40bf84bab3946d543131ff5","0xddd77e91c222e36d4bd5ca8e78682a2172314197","0x0fba475e92cfef19f7dbada8ec2cce4ad7bbc0d9","0x9f96d3b217ccc7bb67c7be4d018a3de896e89736","553633217993079584775086"
"0x4cfe5d1c6bcfdae67a3f97dca7ee4de4d407c541c27680bd6ea20befba27923b-29","28342500","1753768238","0x4cfe5d1c6bcfdae67a3f97dca7ee4de4d407c541c27680bd6ea20befba27923b","0xddd77e91c222e36d4bd5ca8e78682a2172314197","0x0fba475e92cfef19f7dbada8ec2cce4ad7bbc0d9","0x58224586f09f9752008fbd12898f429f0477fa5d","553633217993079584775086"
"0x4d030cc966b3f1816944b00587c084e431dcab7159dd2e495ab5f5e4f5a471c2-190","28405798","1753806463","0x4d030cc966b3f1816944b00587c084e431dcab7159dd2e495ab5f5e4f5a471c2","0xddd77e91c222e36d4bd5ca8e78682a2172314197","0x0fba475e92cfef19f7dbada8ec2cce4ad7bbc0d9","0x11d7337cbdd2815c9e873f901ac4e48ddb64d14e","553633217993079584775086"
"0x4d0659374c58f60aea08ccd3de27d7fd534c4c4a1bd8f1a3d8587efd14b5de8e-49","28392460","1753798364","0x4d0659374c58f60aea08ccd3de27d7fd534c4c4a1bd8f1a3d8587efd14b5de8e","0xddd77e91c222e36d4bd5ca8e78682a2172314197","0x0fba475e92cfef19f7dbada8ec2cce4ad7bbc0d9","0xe96adc70454b6e699c38bd79d978ff8a3cd1e775","553633217993079584775086"
"0x4d09af8a384204a390c7960cec6fa004c06dfbce713edcd6a650d87865c928a6-26","28395292","1753800085","0x4d09af8a384204a390c7960cec6fa004c06dfbce713edcd6a650d87865c928a6","0xddd77e91c222e36d4bd5ca8e78682a2172314197","0x0fba475e92cfef19f7dbada8ec2cce4ad7bbc0d9","0x0de6c0021361dc651246335f7cff29dfedb86710","553633217993079584775086"
"0x4d0e540f0b8e384abcba2dbab11ede801b4dc8fc39fc247bc4296f9f803e6c74-242","28375583","1753788220","0x4d0e540f0b8e384abcba2dbab11ede801b4dc8fc39fc247bc4296f9f803e6c74","0xddd77e91c222e36d4bd5ca8e78682a2172314197","0x0fba475e92cfef19f7dbada8ec2cce4ad7bbc0d9","0xec527bca6644334ade198d0415874b8ec49aa374","553633217993079584775086"
"0x4d1701b81964b3e4ae1fc3a69a3e8dc670478b5b08a3cd2ecf0fe7405cd38e59-16","28348675","1753772009","0x4d1701b81964b3e4ae1fc3a69a3e8dc670478b5b08a3cd2ecf0fe7405cd38e59","0xddd77e91c222e36d4bd5ca8e78682a2172314197","0x0fba475e92cfef19f7dbada8ec2cce4ad7bbc0d9","0xbebb6b6829e419a97ca594a404c17c1ba0727cbb","553633217993079584775086"
"0x4d20eb45500d81053919f2ea0ead08a4cd184cb5965430bb5ff96df75cbc1207-3","28347096","1753771058","0x4d20eb45500d81053919f2ea0ead08a4cd184cb5965430bb5ff96df75cbc1207","0xddd77e91c222e36d4bd5ca8e78682a2172314197","0x0fba475e92cfef19f7dbada8ec2cce4ad7bbc0d9","0x77d4bd83065f7d2d1f594b72f548bc058e4dc33c","553633217993079584775086"
"0x4d2d3d26a177f87267a10d4ea86031a231c0f5cc9c47b32ae3cb764770bb6945-665","28363580","1753780962","0x4d2d3d26a177f87267a10d4ea86031a231c0f5cc9c47b32ae3cb764770bb6945","0xddd77e91c222e36d4bd5ca8e78682a2172314197","0x0fba475e92cfef19f7dbada8ec2cce4ad7bbc0d9","0x463aac736cc2b64a0839e66bb575131bc1715544","553633217993079584775086"
"0x4d35e8bc9f6ea34ae80f0c89e4a49819b66a022cf0ff8fe4b8b6c240829db02e-17","28372824","1753786517","0x4d35e8bc9f6ea34ae80f0c89e4a49819b66a022cf0ff8fe4b8b6c240829db02e","0xddd77e91c222e36d4bd5ca8e78682a2172314197","0x0fba475e92cfef19f7dbada8ec2cce4ad7bbc0d9","0x433e3632d37fc61da194f868963caa4c0d54e1fe","553633217993079584775086"
"0x4d6bf0006cbad775ffead5e9af97e4bfe0dedfa26408b79dfd4588a9ead88f10-176","28362842","1753780518","0x4d6bf0006cbad775ffead5e9af97e4bfe0dedfa26408b79dfd4588a9ead88f10","0xddd77e91c222e36d4bd5ca8e78682a2172314197","0x0fba475e92cfef19f7dbada8ec2cce4ad7bbc0d9","0xb79008e99089fb0076ed01389dc0f37fd8127a20","553633217993079584775086"
"0x4d97798b080be1e1732a34a549539c98bc8f5e3e7c68b484a1c410a1e49cb483-7","28381765","1753791954","0x4d97798b080be1e1732a34a549539c98bc8f5e3e7c68b484a1c410a1e49cb483","0xddd77e91c222e36d4bd5ca8e78682a2172314197","0x0fba475e92cfef19f7dbada8ec2cce4ad7bbc0d9","0xdbee74a69f47d1111f479c9ba8f7e45cda01dc57","553633217993079584775086"
"0x4dd6ef33863da167f69d01168bdfb47268a8e5cd12c11c180c0eb9162af00bbb-13","28388242","1753795774","0x4dd6ef33863da167f69d01168bdfb47268a8e5cd12c11c180c0eb9162af00bbb","0xddd77e91c222e36d4bd5ca8e78682a2172314197","0x0fba475e92cfef19f7dbada8ec2cce4ad7bbc0d9","0x407e01fb07e3feaf6456d6212fa217a6f926eaad","553633217993079584775086"
"0x4dd97c9d252b5f790256f28c728ef6a4644763bf3b9207ba59ac6a5a0094c266-31","28365881","1753782350","0x4dd97c9d252b5f790256f28c728ef6a4644763bf3b9207ba59ac6a5a0094c266","0xddd77e91c222e36d4bd5ca8e78682a2172314197","0x0fba475e92cfef19f7dbada8ec2cce4ad7bbc0d9","0x1b89fa28253b915cbe488d4d79a572db0776acd0","553633217993079584775086"
"0x4dfdae7f3529bbfc5d90a076e420b86762b8419691f3e7a1aba59d3ce1da16f1-114","28365112","1753781869","0x4dfdae7f3529bbfc5d90a076e420b86762b8419691f3e7a1aba59d3ce1da16f1","0xddd77e91c222e36d4bd5ca8e78682a2172314197","0x0fba475e92cfef19f7dbada8ec2cce4ad7bbc0d9","0x83e46aacceab9727b7e3639f02827a566f40f840","553633217993079584775086"
"0x4e0a711e6b242ffff28cf87f83820a8119e70f9ddb0be516fb56b791049449da-96","28359551","1753778542","0x4e0a711e6b242ffff28cf87f83820a8119e70f9ddb0be516fb56b791049449da","0xddd77e91c222e36d4bd5ca8e78682a2172314197","0x0fba475e92cfef19f7dbada8ec2cce4ad7bbc0d9","0x1b0ee6b08668da7a4184a3930334129b108a2bac","553633217993079584775086"
"0x4e1a49ddab9e9f671e934953674c3024e2a0221f121c275ba8d449b9d90d0dbc-59","28341242","1753767508","0x4e1a49ddab9e9f671e934953674c3024e2a0221f121c275ba8d449b9d90d0dbc","0xddd77e91c222e36d4bd5ca8e78682a2172314197","0x0fba475e92cfef19f7dbada8ec2cce4ad7bbc0d9","0x900092309299dc9d4e84d142c33e80abe8b429f8","553633217993079584775086"
"0x4e33d590fe4021436238e30792a80acc412e4659c0909a86163f94c0be4e304f-97","28344950","1753769755","0x4e33d590fe4021436238e30792a80acc412e4659c0909a86163f94c0be4e304f","0xddd77e91c222e36d4bd5ca8e78682a2172314197","0x0fba475e92cfef19f7dbada8ec2cce4ad7bbc0d9","0xe848ee64768912cbb288c6e36fb74bbcc6d309ab","553633217993079584775086"
"0x4e52c436720a02de6b830c89958c3c57be1b1d35975d13de3f99b4b4f1bfa34d-262","28353938","1753775133","0x4e52c436720a02de6b830c89958c3c57be1b1d35975d13de3f99b4b4f1bfa34d","0xddd77e91c222e36d4bd5ca8e78682a2172314197","0x0fba475e92cfef19f7dbada8ec2cce4ad7bbc0d9","0xe89aa1be22357d6f2b4000a7733764a748a1bbee","553633217993079584775086"
"0x4e597dd7f432b423ddb6e252f7f2182509b4fa61b7be7e8d63046c35240ffd74-249","28357393","1753777216","0x4e597dd7f432b423ddb6e252f7f2182509b4fa61b7be7e8d63046c35240ffd74","0xddd77e91c222e36d4bd5ca8e78682a2172314197","0x0fba475e92cfef19f7dbada8ec2cce4ad7bbc0d9","0x27e41654e7087acab50850912400c724231af078","553633217993079584775086"
"0x4e715702b4b1a599b2b17f3305af0293cc5afbe0c1a924c3fddc6307ae2ac753-100","28338637","1753765935","0x4e715702b4b1a599b2b17f3305af0293cc5afbe0c1a924c3fddc6307ae2ac753","0xddd77e91c222e36d4bd5ca8e78682a2172314197","0x0fba475e92cfef19f7dbada8ec2cce4ad7bbc0d9","0x239b445eac142410f3511ca239452b2fb275ee04","553633217993079584775086"
"0x4e8725d5c8fb6c61fb6eabe528c0624b59905ecd6afea882cbb2569090cc5baa-40","28358955","1753778181","0x4e8725d5c8fb6c61fb6eabe528c0624b59905ecd6afea882cbb2569090cc5baa","0xddd77e91c222e36d4bd5ca8e78682a2172314197","0x0fba475e92cfef19f7dbada8ec2cce4ad7bbc0d9","0x16de38f6baa00382ff183604a47d710ee33c7221","553633217993079584775086"
"0x4e93b13df46cefbf2bc8b4bb2d5eac6a9faf43ef5ca7e3e12bf08d509839af54-11","28382848","1753792627","0x4e93b13df46cefbf2bc8b4bb2d5eac6a9faf43ef5ca7e3e12bf08d509839af54","0xddd77e91c222e36d4bd5ca8e78682a2172314197","0x0fba475e92cfef19f7dbada8ec2cce4ad7bbc0d9","0xea939d6864da28d34b8a77eb130aedf14743a359","553633217993079584775086"
"0x4ec626c52a8e5cfc3393e9ca84094117e0b9ea54c6e113622877ef49b5278720-3","28376744","1753788907","0x4ec626c52a8e5cfc3393e9ca84094117e0b9ea54c6e113622877ef49b5278720","0xddd77e91c222e36d4bd5ca8e78682a2172314197","0x0fba475e92cfef19f7dbada8ec2cce4ad7bbc0d9","0x0b205720af318cc4248266291a911bfcf02b617d","553633217993079584775086"
"0x4ee96805cced4cb69cacd140aa9fe6ac228b572c288e836231db442726657b5c-217","28360342","1753779012","0x4ee96805cced4cb69cacd140aa9fe6ac228b572c288e836231db442726657b5c","0xddd77e91c222e36d4bd5ca8e78682a2172314197","0x0fba475e92cfef19f7dbada8ec2cce4ad7bbc0d9","0x8946102a8b8c4ab58e6b482883591a4f54f352a3","553633217993079584775086"
"0x4f044c3126a946eb9c0fa41ed8197517774ce5631e782f2ca30b2aecc717c13e-139","28371280","1753785589","0x4f044c3126a946eb9c0fa41ed8197517774ce5631e782f2ca30b2aecc717c13e","0xddd77e91c222e36d4bd5ca8e78682a2172314197","0x0fba475e92cfef19f7dbada8ec2cce4ad7bbc0d9","0x075858c6dfa2ad2f2bb3c51946b1339dbc48665f","553633217993079584775086"
"0x4f1cdc41fd4da24bc60dc3fb4a4e2d3f682c7460d5e28fceb31b58048e2d83d5-23","28382929","1753792668","0x4f1cdc41fd4da24bc60dc3fb4a4e2d3f682c7460d5e28fceb31b58048e2d83d5","0xddd77e91c222e36d4bd5ca8e78682a2172314197","0x0fba475e92cfef19f7dbada8ec2cce4ad7bbc0d9","0x335cc3ba2b96bb4c53cd52abd373d102ea87c8b9","553633217993079584775086"
"0x4f36d2c92b3141b7a0f99fa7ff526d308d88e594b08d50aab2928582cd058466-15","28355546","1753776102","0x4f36d2c92b3141b7a0f99fa7ff526d308d88e594b08d50aab2928582cd058466","0xddd77e91c222e36d4bd5ca8e78682a2172314197","0x0fba475e92cfef19f7dbada8ec2cce4ad7bbc0d9","0xd4b80e2108bd766832fc068b059b58c2a4abd13d","553633217993079584775086"
"0x4f4aaa41c692f73e1959eafebc4f82286f324c202915e7e58c9d97f1b4ec87a3-78","28347629","1753771357","0x4f4aaa41c692f73e1959eafebc4f82286f324c202915e7e58c9d97f1b4ec87a3","0xddd77e91c222e36d4bd5ca8e78682a2172314197","0x0fba475e92cfef19f7dbada8ec2cce4ad7bbc0d9","0x3c879c1e8f7cd667e5049d3e9ea557f22c4c9ea1","553633217993079584775086"
"0x4f525ef6b7842fe73613df3edf19ab02c18372a437c2b7c15cd2a847d9181d4d-29","28386320","1753794663","0x4f525ef6b7842fe73613df3edf19ab02c18372a437c2b7c15cd2a847d9181d4d","0xddd77e91c222e36d4bd5ca8e78682a2172314197","0x0fba475e92cfef19f7dbada8ec2cce4ad7bbc0d9","0x99fe5eba274d0f571e49f18f0afb44ea8a6d95d4","553633217993079584775086"
"0x4faa16b3382aa61ef7a250ac8a2265cbf23701e624c472717a184aa7002aa52e-23","28352014","1753773990","0x4faa16b3382aa61ef7a250ac8a2265cbf23701e624c472717a184aa7002aa52e","0xddd77e91c222e36d4bd5ca8e78682a2172314197","0x0fba475e92cfef19f7dbada8ec2cce4ad7bbc0d9","0x900350264a9407dde588cccb98e2ebb8e438a76d","553633217993079584775086"
"0x4fad591cc6a839a62c11ccde2812667d0781ee7dd08f987fe145a8aea7f5ea88-87","28368718","1753784090","0x4fad591cc6a839a62c11ccde2812667d0781ee7dd08f987fe145a8aea7f5ea88","0xddd77e91c222e36d4bd5ca8e78682a2172314197","0x0fba475e92cfef19f7dbada8ec2cce4ad7bbc0d9","0xd399cb5626c7736228ac9a05a703512ba9c5ca88","553633217993079584775086"
"0x4fcdd5492fefd28279cccf0042241aa24f618ba7b46cebbde794a255dc434e49-22","28355764","1753776231","0x4fcdd5492fefd28279cccf0042241aa24f618ba7b46cebbde794a255dc434e49","0xddd77e91c222e36d4bd5ca8e78682a2172314197","0x0fba475e92cfef19f7dbada8ec2cce4ad7bbc0d9","0x9a5b496cb517c139472f04efe761a5a64c95159e","553633217993079584775086"
"0x4fd9acb22dd529cb9f44960d7e9d8db31b3bd7c16fe5f74952fda3b101da654b-168","28406809","1753807091","0x4fd9acb22dd529cb9f44960d7e9d8db31b3bd7c16fe5f74952fda3b101da654b","0xddd77e91c222e36d4bd5ca8e78682a2172314197","0x0fba475e92cfef19f7dbada8ec2cce4ad7bbc0d9","0xf7d8152626459facb23d268f81e79709c9fa5af6","553633217993079584775086"
"0x4ff389e8f3630eecc7419c60cf9b8e02c05bfae9a9b1f636525ed5bcf74e865d-4","28136970","1753644929","0x4ff389e8f3630eecc7419c60cf9b8e02c05bfae9a9b1f636525ed5bcf74e865d","0xddd77e91c222e36d4bd5ca8e78682a2172314197","0x0fba475e92cfef19f7dbada8ec2cce4ad7bbc0d9","0x55af40307083019f614c6e3fcbe7cd80e012f018","553633217993079584775086"
"0x4ff6d78c7229d6069c0d6a598e09cc151cfce4d61436d102fac204dcfbc736b2-595","28335958","1753764352","0x4ff6d78c7229d6069c0d6a598e09cc151cfce4d61436d102fac204dcfbc736b2","0xddd77e91c222e36d4bd5ca8e78682a2172314197","0x0fba475e92cfef19f7dbada8ec2cce4ad7bbc0d9","0x2b5fd60b4ddf4872130c0502f6942d614fd172e6","553633217993079584775086"
"0x501b89a7877a4e8b4aedd94bf14298a457665b256051f073182c4adf308a463b-246","28354278","1753775338","0x501b89a7877a4e8b4aedd94bf14298a457665b256051f073182c4adf308a463b","0xddd77e91c222e36d4bd5ca8e78682a2172314197","0x0fba475e92cfef19f7dbada8ec2cce4ad7bbc0d9","0x4a7a1cb4b189b932a0ff68448e64dfa3d85b79f0","553633217993079584775086"
"0x5024a53cdb65e10ce4a8d46c3a5c1f49b4c30c33192da77ab1a4c41ae2ba0245-77","28345842","1753770293","0x5024a53cdb65e10ce4a8d46c3a5c1f49b4c30c33192da77ab1a4c41ae2ba0245","0xddd77e91c222e36d4bd5ca8e78682a2172314197","0x0fba475e92cfef19f7dbada8ec2cce4ad7bbc0d9","0x0b29de955ac7cb94f6decc00e0615d7133821d24","553633217993079584775086"
"0x502e014096c28229fa4579f1ef81a463f37125d50f835754cba52c4bece4f809-46","28332265","1753762112","0x502e014096c28229fa4579f1ef81a463f37125d50f835754cba52c4bece4f809","0xddd77e91c222e36d4bd5ca8e78682a2172314197","0x0fba475e92cfef19f7dbada8ec2cce4ad7bbc0d9","0x9414ebcf8d6f1b79524b4dd6f13efd81fb4d6c7e","553633217993079584775086"
"0x5034383720354ea3f82faab8f37dc757f8b3f288fda91e200da550523130926b-33","28351206","1753773505","0x5034383720354ea3f82faab8f37dc757f8b3f288fda91e200da550523130926b","0xddd77e91c222e36d4bd5ca8e78682a2172314197","0x0fba475e92cfef19f7dbada8ec2cce4ad7bbc0d9","0x9a5a68a6c3ccda67aad50bc216a72b0c55d16415","553633217993079584775086"
"0x503f3a7e2d9cb5f9a4b7c37202ff75353f09f5db86b4261c3aed0587cbebd070-4","28359140","1753778287","0x503f3a7e2d9cb5f9a4b7c37202ff75353f09f5db86b4261c3aed0587cbebd070","0xddd77e91c222e36d4bd5ca8e78682a2172314197","0x0fba475e92cfef19f7dbada8ec2cce4ad7bbc0d9","0x1b2212ecc130a6fad014ac6d9f1143e3973bf02e","553633217993079584775086"
"0x50487a3acb9641904d9c248f00392308a8e7d1c797bbcf2274f1db1767e1849e-84","28376015","1753788470","0x50487a3acb9641904d9c248f00392308a8e7d1c797bbcf2274f1db1767e1849e","0xddd77e91c222e36d4bd5ca8e78682a2172314197","0x0fba475e92cfef19f7dbada8ec2cce4ad7bbc0d9","0x7fce8e051531072ac0fd79ff5d3cfb3db02a905f","553633217993079584775086"
"0x5095e0a8702a4561dce991a54f5ba3cb995383e483655038c617c0758e1b205a-9","28369498","1753784537","0x5095e0a8702a4561dce991a54f5ba3cb995383e483655038c617c0758e1b205a","0xddd77e91c222e36d4bd5ca8e78682a2172314197","0x0fba475e92cfef19f7dbada8ec2cce4ad7bbc0d9","0xda1c1a03b7ce37994ae74ad81040d999bd7c67ef","553633217993079584775086"
"0x50fa0289b1acec62f275fb0acbf80c5ab6d261ec928d4dd63e997c2b136d2d65-5","28358178","1753777693","0x50fa0289b1acec62f275fb0acbf80c5ab6d261ec928d4dd63e997c2b136d2d65","0xddd77e91c222e36d4bd5ca8e78682a2172314197","0x0fba475e92cfef19f7dbada8ec2cce4ad7bbc0d9","0x28135235541742bc1424d10b5de1963292f0c1e4","553633217993079584775086"
"0x51139cd4242f0d327ac48f111972dd15e49f82839fe2092b810b0b6b4f0d727e-664","28393379","1753798921","0x51139cd4242f0d327ac48f111972dd15e49f82839fe2092b810b0b6b4f0d727e","0xddd77e91c222e36d4bd5ca8e78682a2172314197","0x0fba475e92cfef19f7dbada8ec2cce4ad7bbc0d9","0x4c25444ee8f21a6dc21867ecc6f5102b5adcd3c3","553633217993079584775086"
"0x511d535f40b802edd9f29db105f240af4994623786ee2c307b9d4e5903e26901-314","28402961","1753804770","0x511d535f40b802edd9f29db105f240af4994623786ee2c307b9d4e5903e26901","0xddd77e91c222e36d4bd5ca8e78682a2172314197","0x0fba475e92cfef19f7dbada8ec2cce4ad7bbc0d9","0x0923c923b809c64994f7b31c412a748e6ed83492","553633217993079584775086"
"0x512b48a24234f6e1869266a236290088f6d7f67baaf4e26c4502d195e7e91e61-47","28360655","1753779204","0x512b48a24234f6e1869266a236290088f6d7f67baaf4e26c4502d195e7e91e61","0xddd77e91c222e36d4bd5ca8e78682a2172314197","0x0fba475e92cfef19f7dbada8ec2cce4ad7bbc0d9","0x24afafc73556e61e37ab8e9bc8aabd750cc4b1bd","553633217993079584775086"
"0x513204ff505e6af614d42a40f0ec995230971eef2ef01da0dd97b17aaf7a14c1-28","28352775","1753774445","0x513204ff505e6af614d42a40f0ec995230971eef2ef01da0dd97b17aaf7a14c1","0xddd77e91c222e36d4bd5ca8e78682a2172314197","0x0fba475e92cfef19f7dbada8ec2cce4ad7bbc0d9","0x8e9bb3b442995a5eac0216b443bd6fedb0627986","553633217993079584775086"
"0x514888c33f0b1d8c425939c6434f9d27155c49d9f28f819a087f4fbedcc57953-110","28352656","1753774376","0x514888c33f0b1d8c425939c6434f9d27155c49d9f28f819a087f4fbedcc57953","0xddd77e91c222e36d4bd5ca8e78682a2172314197","0x0fba475e92cfef19f7dbada8ec2cce4ad7bbc0d9","0x0ebe16ee454f4aa1c5fa179615e368c3448119fb","553633217993079584775086"
"0x516f9f1911ebc50be6deeb4b4518c5acbfb14319899fa769841a4467ecf07c29-720","28356659","1753776771","0x516f9f1911ebc50be6deeb4b4518c5acbfb14319899fa769841a4467ecf07c29","0xddd77e91c222e36d4bd5ca8e78682a2172314197","0x0fba475e92cfef19f7dbada8ec2cce4ad7bbc0d9","0x3b9011c5f6e6ab2cae8e44d473003ce035b1b6e3","553633217993079584775086"
"0x5193c187f848bfdcdafb71dce0ba6d36b4351aae2da47bfe4401c657877e3587-66","28347808","1753771473","0x5193c187f848bfdcdafb71dce0ba6d36b4351aae2da47bfe4401c657877e3587","0xddd77e91c222e36d4bd5ca8e78682a2172314197","0x0fba475e92cfef19f7dbada8ec2cce4ad7bbc0d9","0xa3517341b4f890a403077b5434d90153f9cf4e88","553633217993079584775086"
"0x51ab2b403e0f9de2a9cc700e3c82c1979a7adabc9e6135388bdee6eba07b2cde-121","28371262","1753785580","0x51ab2b403e0f9de2a9cc700e3c82c1979a7adabc9e6135388bdee6eba07b2cde","0xddd77e91c222e36d4bd5ca8e78682a2172314197","0x0fba475e92cfef19f7dbada8ec2cce4ad7bbc0d9","0xe4c2acfd41d7ea8d6a0809a0616c26254d666324","553633217993079584775086"
"0x51adb8295b9a87cd11e1d340a31c4251d535500937a1c46fd617432c130c53d3-85","28376537","1753788775","0x51adb8295b9a87cd11e1d340a31c4251d535500937a1c46fd617432c130c53d3","0xddd77e91c222e36d4bd5ca8e78682a2172314197","0x0fba475e92cfef19f7dbada8ec2cce4ad7bbc0d9","0xd7437a7a7b72563c901731f43f70c2c1783fed04","553633217993079584775086"
"0x51c47a1fafe3d92fc7b9652dccc6e2e238a0543fd10509b01e84e0a6c9f87798-23","28345237","1753769924","0x51c47a1fafe3d92fc7b9652dccc6e2e238a0543fd10509b01e84e0a6c9f87798","0xddd77e91c222e36d4bd5ca8e78682a2172314197","0x0fba475e92cfef19f7dbada8ec2cce4ad7bbc0d9","0x878a1356c0355850371bff8f719c3b2720719a65","553633217993079584775086"
"0x51dbd40c292a49248946da0fdaec6b283e47b4ff9a040e7b4eba6d8242f9305e-142","28364570","1753781562","0x51dbd40c292a49248946da0fdaec6b283e47b4ff9a040e7b4eba6d8242f9305e","0xddd77e91c222e36d4bd5ca8e78682a2172314197","0x0fba475e92cfef19f7dbada8ec2cce4ad7bbc0d9","0xe49a350d04890c68cccab3eb4ece36145d65885d","553633217993079584775086"
"0x51eab76ac61e329eea3794585a7a207fb1f40024ecf052e6412fb6c41eb6df6b-344","28330556","1753761081","0x51eab76ac61e329eea3794585a7a207fb1f40024ecf052e6412fb6c41eb6df6b","0xddd77e91c222e36d4bd5ca8e78682a2172314197","0x0fba475e92cfef19f7dbada8ec2cce4ad7bbc0d9","0x64a95df03113e94e224bb42fe99303c45f25bdd8","553633217993079584775086"
"0x521c8ec223620b42316285420eb74078c749fa86a662682992bf4f1e0e3cbddf-102","28357809","1753777474","0x521c8ec223620b42316285420eb74078c749fa86a662682992bf4f1e0e3cbddf","0xddd77e91c222e36d4bd5ca8e78682a2172314197","0x0fba475e92cfef19f7dbada8ec2cce4ad7bbc0d9","0x3caa21444ccfbfd18767e4b058327321501fdf85","553633217993079584775086"
"0x5244d89bbefab7af87cdba471de50e2a07be1459b813b308a47788e6aa040d00-170","28346963","1753770987","0x5244d89bbefab7af87cdba471de50e2a07be1459b813b308a47788e6aa040d00","0xddd77e91c222e36d4bd5ca8e78682a2172314197","0x0fba475e92cfef19f7dbada8ec2cce4ad7bbc0d9","0x00b1b73db0cfa2897de67e4d99e337522453923d","553633217993079584775086"
"0x524cd16ad188a7b3c48dd94053ba40c9566a71b21f2e2aec34e14c3d68c4dfec-127","28394873","1753799831","0x524cd16ad188a7b3c48dd94053ba40c9566a71b21f2e2aec34e14c3d68c4dfec","0xddd77e91c222e36d4bd5ca8e78682a2172314197","0x0fba475e92cfef19f7dbada8ec2cce4ad7bbc0d9","0xbd9207a3acf1b9786519076188b2aa2d52dabe7b","553633217993079584775086"
"0x5284b3fcea2f6c7aa8fb5592e3965e2caabacfac6c712f2b7a7aaa2926fdbd57-3","28384220","1753793436","0x5284b3fcea2f6c7aa8fb5592e3965e2caabacfac6c712f2b7a7aaa2926fdbd57","0xddd77e91c222e36d4bd5ca8e78682a2172314197","0x0fba475e92cfef19f7dbada8ec2cce4ad7bbc0d9","0x9b409ebc5f616ce6811e61025496e01265d2ce45","553633217993079584775086"
"0x528d8edf693532ae33ffd037046c5529cec5f04037f95355c8f35d0cd1951a97-440","28391813","1753797987","0x528d8edf693532ae33ffd037046c5529cec5f04037f95355c8f35d0cd1951a97","0xddd77e91c222e36d4bd5ca8e78682a2172314197","0x0fba475e92cfef19f7dbada8ec2cce4ad7bbc0d9","0x985b5060cf3b8f7966d66f21fdb51b41c5a5b368","553633217993079584775086"
"0x52c6fd990c9c4642edf9ae65e1f1823f3f39bb3611fc24cb8961edfcb6703d66-45","28353498","1753774888","0x52c6fd990c9c4642edf9ae65e1f1823f3f39bb3611fc24cb8961edfcb6703d66","0xddd77e91c222e36d4bd5ca8e78682a2172314197","0x0fba475e92cfef19f7dbada8ec2cce4ad7bbc0d9","0xf9bdeb63752a9a56ca15a65ab5fc79d06e8bfaca","553633217993079584775086"
"0x52ca42d7a791c7978b53de22c0667457c6ef18d7e7d7ea1fd9378cbf4e615e89-3","28341733","1753767788","0x52ca42d7a791c7978b53de22c0667457c6ef18d7e7d7ea1fd9378cbf4e615e89","0xddd77e91c222e36d4bd5ca8e78682a2172314197","0x0fba475e92cfef19f7dbada8ec2cce4ad7bbc0d9","0xc70369544210a281a5f4dea2bc394d3e9249362d","553633217993079584775086"
"0x52f0e59e81f0016e32d0b865122bc4e2de2727d6dccba7df6e05473d4eaf941c-136","28335794","1753764251","0x52f0e59e81f0016e32d0b865122bc4e2de2727d6dccba7df6e05473d4eaf941c","0xddd77e91c222e36d4bd5ca8e78682a2172314197","0x0fba475e92cfef19f7dbada8ec2cce4ad7bbc0d9","0x94d486b2f619f8e20084e9fa0cbd144efe9e427b","553633217993079584775086"
"0x53095a1bb769b53b16ee03c1a70779a60b7a31b5d50eb4d18006fa4a18d7a90a-3","28362298","1753780184","0x53095a1bb769b53b16ee03c1a70779a60b7a31b5d50eb4d18006fa4a18d7a90a","0xddd77e91c222e36d4bd5ca8e78682a2172314197","0x0fba475e92cfef19f7dbada8ec2cce4ad7bbc0d9","0x7bd2316f93f551d25197c2609b8d7b01073ea6b3","553633217993079584775086"
"0x534785c30f90a0a3d752cdd1671bf8c7a6be5dc3b1f47a1ba420b996da8a341a-122","28382470","1753792398","0x534785c30f90a0a3d752cdd1671bf8c7a6be5dc3b1f47a1ba420b996da8a341a","0xddd77e91c222e36d4bd5ca8e78682a2172314197","0x0fba475e92cfef19f7dbada8ec2cce4ad7bbc0d9","0x87f361bb987eaab2aec24646384f84cb477e9cef","553633217993079584775086"
"0x537fe3a742d7a977e705c5c88336805469352b24ee6a45f18cfd464286b4758c-90","28339302","1753766372","0x537fe3a742d7a977e705c5c88336805469352b24ee6a45f18cfd464286b4758c","0xddd77e91c222e36d4bd5ca8e78682a2172314197","0x0fba475e92cfef19f7dbada8ec2cce4ad7bbc0d9","0x283395e6fa06376192d210dcfcf32a27f52f174a","553633217993079584775086"
"0x5392ad7aa44218b81715cd8ded0785164069d35716c4d470dedf32277920caf7-81","28408018","1753807827","0x5392ad7aa44218b81715cd8ded0785164069d35716c4d470dedf32277920caf7","0xddd77e91c222e36d4bd5ca8e78682a2172314197","0x0fba475e92cfef19f7dbada8ec2cce4ad7bbc0d9","0xfcbe38b4502e0b8dc0eaa25b8fc74641574147d1","553633217993079584775086"
"0x53a29268a2f5365a51d73e6a7c29fb7009b1f55123336e8744cdcc1ca74578fa-33","28338414","1753765801","0x53a29268a2f5365a51d73e6a7c29fb7009b1f55123336e8744cdcc1ca74578fa","0xddd77e91c222e36d4bd5ca8e78682a2172314197","0x0fba475e92cfef19f7dbada8ec2cce4ad7bbc0d9","0x47b3c6637d1ed01a4b98646e0920fcd8068430e7","553633217993079584775086"
"0x53a74b4272df4d101e484a5cfcdfb7a05f986044d9dd3352a6f95b87ae6e44fc-37","28358315","1753777782","0x53a74b4272df4d101e484a5cfcdfb7a05f986044d9dd3352a6f95b87ae6e44fc","0xddd77e91c222e36d4bd5ca8e78682a2172314197","0x0fba475e92cfef19f7dbada8ec2cce4ad7bbc0d9","0xd3f1b8bdcb5251ccb3006669ed9cf36f1339b025","553633217993079584775086"
"0x53b7d59dba534839dfc9764ce0deeac30bc847d44ea4ee252f6952c64281e806-25","28369894","1753784772","0x53b7d59dba534839dfc9764ce0deeac30bc847d44ea4ee252f6952c64281e806","0xddd77e91c222e36d4bd5ca8e78682a2172314197","0x0fba475e92cfef19f7dbada8ec2cce4ad7bbc0d9","0x5c33d65de92917dae2220194caa5ae43e84d9f6f","553633217993079584775086"
"0x53e26fcafbb85e1008123aedc0b31b211884a9707e6b416d69d3c55ee3eac16f-875","28349366","1753772406","0x53e26fcafbb85e1008123aedc0b31b211884a9707e6b416d69d3c55ee3eac16f","0xddd77e91c222e36d4bd5ca8e78682a2172314197","0x0fba475e92cfef19f7dbada8ec2cce4ad7bbc0d9","0x58f8e46f51f81484d03661c4eb8bc80a8a88de01","553633217993079584775086"
"0x53ea4dfbf1530dba5f69e0c3114f889634685439e532880bcd554f3f86ff708b-149","28340410","1753767005","0x53ea4dfbf1530dba5f69e0c3114f889634685439e532880bcd554f3f86ff708b","0xddd77e91c222e36d4bd5ca8e78682a2172314197","0x0fba475e92cfef19f7dbada8ec2cce4ad7bbc0d9","0x3ad90b3e294c5cb40371c23e4c829e4718dd84c9","553633217993079584775086"
"0x53fc387c6e4141b001decd4f4024bed286f13ba83b683a85da841c880725d9c1-69","28361250","1753779564","0x53fc387c6e4141b001decd4f4024bed286f13ba83b683a85da841c880725d9c1","0xddd77e91c222e36d4bd5ca8e78682a2172314197","0x0fba475e92cfef19f7dbada8ec2cce4ad7bbc0d9","0xb71616a3ef349bebf1e2634b4c53f44d4c218e51","553633217993079584775086"
"0x5405ac8f9212e7763c6f176463acd6bf3b417afcfb802e271d9625614e11d812-231","28372444","1753786283","0x5405ac8f9212e7763c6f176463acd6bf3b417afcfb802e271d9625614e11d812","0xddd77e91c222e36d4bd5ca8e78682a2172314197","0x0fba475e92cfef19f7dbada8ec2cce4ad7bbc0d9","0xa44970e10c1c9ec122a5fca9a452b07447a45187","553633217993079584775086"
"0x541333ab272437573ef26bf23dc86057de39e94d8703753c4b08ddd9484a57ea-3","28390776","1753797347","0x541333ab272437573ef26bf23dc86057de39e94d8703753c4b08ddd9484a57ea","0xddd77e91c222e36d4bd5ca8e78682a2172314197","0x0fba475e92cfef19f7dbada8ec2cce4ad7bbc0d9","0xb1aa11bb98e70000aac020045bc011db35097163","553633217993079584775086"
"0x54289a31528df782c9ed9491be05efd41f421e4c20ea2f474af0de00834b0802-3","28352230","1753774113","0x54289a31528df782c9ed9491be05efd41f421e4c20ea2f474af0de00834b0802","0xddd77e91c222e36d4bd5ca8e78682a2172314197","0x0fba475e92cfef19f7dbada8ec2cce4ad7bbc0d9","0x943ed477420065efa45eab7e157653c7e7a16233","553633217993079584775086"
"0x542c312baed46f287b4afb53c046718c36957137e4b8149470193e2d43c7de2e-36","28374336","1753787446","0x542c312baed46f287b4afb53c046718c36957137e4b8149470193e2d43c7de2e","0xddd77e91c222e36d4bd5ca8e78682a2172314197","0x0fba475e92cfef19f7dbada8ec2cce4ad7bbc0d9","0x7a3dfdc0dfa05786e3def6628f51b6bbc001ad28","553633217993079584775086"
"0x543a91ce37102fe264204a64de4de5fc9026ff44369ef78cb030cf8c4bae385f-125","28374429","1753787504","0x543a91ce37102fe264204a64de4de5fc9026ff44369ef78cb030cf8c4bae385f","0xddd77e91c222e36d4bd5ca8e78682a2172314197","0x0fba475e92cfef19f7dbada8ec2cce4ad7bbc0d9","0x4be6cbb04e3e0e74fff7648f26c0e6c6ab5715ec","553633217993079584775086"
"0x5472925a6a70f4cc5959a263824787e9241446a7994a61e7c1c7557f9a20be96-90","28354568","1753775522","0x5472925a6a70f4cc5959a263824787e9241446a7994a61e7c1c7557f9a20be96","0xddd77e91c222e36d4bd5ca8e78682a2172314197","0x0fba475e92cfef19f7dbada8ec2cce4ad7bbc0d9","0x032f23420bece6f21f40086d76f5db9ae7b9d1d0","553633217993079584775086"
"0x547c9089c79c256cfc5b5422fc0c4c423ac062c15222deeb7908970becb25ee6-20","28362229","1753780147","0x547c9089c79c256cfc5b5422fc0c4c423ac062c15222deeb7908970becb25ee6","0xddd77e91c222e36d4bd5ca8e78682a2172314197","0x0fba475e92cfef19f7dbada8ec2cce4ad7bbc0d9","0xfa8c156cc88d74fe480a9111528e458e1671787a","553633217993079584775086"
"0x549637b4104fd51c43142b7651f8b2c122a0c28c3151e5b100685e8f1d2b31ec-74","28353195","1753774704","0x549637b4104fd51c43142b7651f8b2c122a0c28c3151e5b100685e8f1d2b31ec","0xddd77e91c222e36d4bd5ca8e78682a2172314197","0x0fba475e92cfef19f7dbada8ec2cce4ad7bbc0d9","0x2fb566a5374976a20ee31bf1104c146bf392d00a","553633217993079584775086"
"0x54980e741cbc7690e4ca157d99a0c038bef657127e652e7b0f42690b103343e6-138","28369672","1753784638","0x54980e741cbc7690e4ca157d99a0c038bef657127e652e7b0f42690b103343e6","0xddd77e91c222e36d4bd5ca8e78682a2172314197","0x0fba475e92cfef19f7dbada8ec2cce4ad7bbc0d9","0xbda6a29b869d63d44ecaa690a2af45303a29c6c5","553633217993079584775086"
"0x54a1b00ab48c6036bda895ae87bdfc26de00f84b51e77d2e68bcf3e1caf3283c-97","28346799","1753770868","0x54a1b00ab48c6036bda895ae87bdfc26de00f84b51e77d2e68bcf3e1caf3283c","0xddd77e91c222e36d4bd5ca8e78682a2172314197","0x0fba475e92cfef19f7dbada8ec2cce4ad7bbc0d9","0xeb7739fc75159b9307d67258faaa557ec03b8dd0","553633217993079584775086"
"0x54a5988ea1fe5d47a0a93084abe27898b5ae49d608db036d1b18654e2a7cb418-143","28355322","1753775965","0x54a5988ea1fe5d47a0a93084abe27898b5ae49d608db036d1b18654e2a7cb418","0xddd77e91c222e36d4bd5ca8e78682a2172314197","0x0fba475e92cfef19f7dbada8ec2cce4ad7bbc0d9","0xfabf4b761cf1538ef82ebfdfc9b760b935061135","553633217993079584775086"
"0x54c7c1137ede15246e8fbd5fed495df340e4192a2c23cb2bb9fcb1f3a39ad112-68","28137941","1753645534","0x54c7c1137ede15246e8fbd5fed495df340e4192a2c23cb2bb9fcb1f3a39ad112","0xddd77e91c222e36d4bd5ca8e78682a2172314197","0x0fba475e92cfef19f7dbada8ec2cce4ad7bbc0d9","0x9623b1b17b23d37eb41bdf275eb1d11a9a31b46b","553633217993079584775086"
"0x54d6b1e16b7efe533603ac665040c341d7f521661c1bd50840da857ade8dcae1-12","28343006","1753768550","0x54d6b1e16b7efe533603ac665040c341d7f521661c1bd50840da857ade8dcae1","0xddd77e91c222e36d4bd5ca8e78682a2172314197","0x0fba475e92cfef19f7dbada8ec2cce4ad7bbc0d9","0xd9952ded854b2042ce79e77ca2a3b608a1bfc5c9","553633217993079584775086"
"0x54d84dd8aaead03f35164fe968cad9c6ae4850feb81ae827a2b1b72d01d6537a-84","28129701","1753640551","0x54d84dd8aaead03f35164fe968cad9c6ae4850feb81ae827a2b1b72d01d6537a","0xddd77e91c222e36d4bd5ca8e78682a2172314197","0x0fba475e92cfef19f7dbada8ec2cce4ad7bbc0d9","0x18f6cb953fa1c4f65116b17e24fdd67ee2850d82","553633217993079584775086"
"0x54e26c72b13648ed624d6f7e19cecc6515599c48eda77f20bbbeebe9a09cd0f9-545","28366489","1753782727","0x54e26c72b13648ed624d6f7e19cecc6515599c48eda77f20bbbeebe9a09cd0f9","0xddd77e91c222e36d4bd5ca8e78682a2172314197","0x0fba475e92cfef19f7dbada8ec2cce4ad7bbc0d9","0xd01fec84828df8e9fd632faa0adb7daf056c9122","553633217993079584775086"
"0x54f05c90d36e506c1be0ba426e6cc6492fdb5997b048b3e638c553c9f365ff85-96","28338775","1753766021","0x54f05c90d36e506c1be0ba426e6cc6492fdb5997b048b3e638c553c9f365ff85","0xddd77e91c222e36d4bd5ca8e78682a2172314197","0x0fba475e92cfef19f7dbada8ec2cce4ad7bbc0d9","0x65813c66d3794f6aff34374913cc56c9497cd30e","553633217993079584775086"
"0x54f91afcd67ac7160eb922086553ebc440c852c45d5f975971cd1858ab14ec63-198","28362093","1753780067","0x54f91afcd67ac7160eb922086553ebc440c852c45d5f975971cd1858ab14ec63","0xddd77e91c222e36d4bd5ca8e78682a2172314197","0x0fba475e92cfef19f7dbada8ec2cce4ad7bbc0d9","0xb0fefb4b90383417f6328b369b429f0ff29deac4","553633217993079584775086"
"0x55075641ccf5ef7e6cdb408bda8179173cf69c70edf43582758a49430f545470-166","28137483","1753645239","0x55075641ccf5ef7e6cdb408bda8179173cf69c70edf43582758a49430f545470","0xddd77e91c222e36d4bd5ca8e78682a2172314197","0x0fba475e92cfef19f7dbada8ec2cce4ad7bbc0d9","0x44b7e6461af76ae31800ae7b756aff8307d919f3","553633217993079584775086"
"0x550cd475edd8a31112e095bda7b0a3fd1e9842a732085f94daf6cb1ef45aa54d-245","28363638","1753780993","0x550cd475edd8a31112e095bda7b0a3fd1e9842a732085f94daf6cb1ef45aa54d","0xddd77e91c222e36d4bd5ca8e78682a2172314197","0x0fba475e92cfef19f7dbada8ec2cce4ad7bbc0d9","0xd0d5e7c4a27a7e6822c726b6b739c19ad56396b4","553633217993079584775086"
"0x550e6fdd4c971020638bf8e28e6d4411211281c7feba230ecd32a5273951a6ed-113","28375627","1753788246","0x550e6fdd4c971020638bf8e28e6d4411211281c7feba230ecd32a5273951a6ed","0xddd77e91c222e36d4bd5ca8e78682a2172314197","0x0fba475e92cfef19f7dbada8ec2cce4ad7bbc0d9","0xffe9309a3c8eb35c587130b9d5d1baf60eafb61b","553633217993079584775086"
"0x5515bdbd4f6aa75aa2ae1a936f6c5c2988f10e759a3b9a1e56293ff45597ee06-4","28368580","1753783987","0x5515bdbd4f6aa75aa2ae1a936f6c5c2988f10e759a3b9a1e56293ff45597ee06","0xddd77e91c222e36d4bd5ca8e78682a2172314197","0x0fba475e92cfef19f7dbada8ec2cce4ad7bbc0d9","0xce32a90cdc4735149d46d98fbb4ea3f29ec8724f","553633217993079584775086"
"0x551bc508dd9d4a9fe1c4926b9489468cabd9cc25b440b018c8d9305fc831a8a4-160","28374154","1753787332","0x551bc508dd9d4a9fe1c4926b9489468cabd9cc25b440b018c8d9305fc831a8a4","0xddd77e91c222e36d4bd5ca8e78682a2172314197","0x0fba475e92cfef19f7dbada8ec2cce4ad7bbc0d9","0x8a5e0a140fd2bd671efeeabca0229a8527ec8bb7","553633217993079584775086"
"0x556d5a498632a38c91739c8e9a668793fc099641a9ed2dc9b94f19e58c1be730-121","28130841","1753641237","0x556d5a498632a38c91739c8e9a668793fc099641a9ed2dc9b94f19e58c1be730","0xddd77e91c222e36d4bd5ca8e78682a2172314197","0x0fba475e92cfef19f7dbada8ec2cce4ad7bbc0d9","0x6f607714046da940cd278f68295aa9f496cb43e7","553633217993079584775086"
"0x55ad926a73c7d18d911c0b863b93d41675c2d416f00f7ce430df97ddc17a5dd2-127","28371423","1753785667","0x55ad926a73c7d18d911c0b863b93d41675c2d416f00f7ce430df97ddc17a5dd2","0xddd77e91c222e36d4bd5ca8e78682a2172314197","0x0fba475e92cfef19f7dbada8ec2cce4ad7bbc0d9","0xbad90450ebe9a719f7e1cb55fa58ec7a5363a91d","553633217993079584775086"
"0x55ba0684d3a56296c769c23a1bc3b1234332c2515df564212c41eb79a6f8c78e-69","28356704","1753776800","0x55ba0684d3a56296c769c23a1bc3b1234332c2515df564212c41eb79a6f8c78e","0xddd77e91c222e36d4bd5ca8e78682a2172314197","0x0fba475e92cfef19f7dbada8ec2cce4ad7bbc0d9","0x342179bce9ff5e91d9bd4771dd04eb2dd20e7187","553633217993079584775086"
"0x55beb72e76e14732b05909146c5b7aff3e537d2da1d7c70ce5fe82e4118f9bb6-111","28333652","1753762917","0x55beb72e76e14732b05909146c5b7aff3e537d2da1d7c70ce5fe82e4118f9bb6","0xddd77e91c222e36d4bd5ca8e78682a2172314197","0x0fba475e92cfef19f7dbada8ec2cce4ad7bbc0d9","0x5a2cb524cacf5fb8b25d727df561b87ead734129","553633217993079584775086"
"0x55d33bad4d3f89e2b87c247a289562b6ccf0cb8258b05f97b45d3cff3d199332-592","28406539","1753806914","0x55d33bad4d3f89e2b87c247a289562b6ccf0cb8258b05f97b45d3cff3d199332","0xddd77e91c222e36d4bd5ca8e78682a2172314197","0x0fba475e92cfef19f7dbada8ec2cce4ad7bbc0d9","0xd34e2957927336b9e82662c1ee1f1ecd5277385b","553633217993079584775086"
"0x560209a7f70454bffb2a9cdf9e4ee244a99d63be345bf15db14d11fa36c9c747-638","28330744","1753761202","0x560209a7f70454bffb2a9cdf9e4ee244a99d63be345bf15db14d11fa36c9c747","0xddd77e91c222e36d4bd5ca8e78682a2172314197","0x0fba475e92cfef19f7dbada8ec2cce4ad7bbc0d9","0x7ebfd82e40bb54faecc2308a872faa3ea179fda6","553633217993079584775086"
"0x560f6f2d065879b39d22ea165cfdc4c330897945a669c158aa3a7cb5dd02702a-80","28342820","1753768441","0x560f6f2d065879b39d22ea165cfdc4c330897945a669c158aa3a7cb5dd02702a","0xddd77e91c222e36d4bd5ca8e78682a2172314197","0x0fba475e92cfef19f7dbada8ec2cce4ad7bbc0d9","0x736a867c5eb366f9f1cf04ce3eaaa1a423706c7e","553633217993079584775086"
"0x56214b827ab1ca889408fd57c3e597b8af5c6758286ba938478142c349f9de6f-14","28375921","1753788416","0x56214b827ab1ca889408fd57c3e597b8af5c6758286ba938478142c349f9de6f","0xddd77e91c222e36d4bd5ca8e78682a2172314197","0x0fba475e92cfef19f7dbada8ec2cce4ad7bbc0d9","0xb87033a41756c611be6ff1bd8067e1fccf66534e","553633217993079584775086"
"0x5653dd67e7b295a0293a459ef37bebc3ba6c2d85ae121f9f871845692388f6aa-74","28387479","1753795322","0x5653dd67e7b295a0293a459ef37bebc3ba6c2d85ae121f9f871845692388f6aa","0xddd77e91c222e36d4bd5ca8e78682a2172314197","0x0fba475e92cfef19f7dbada8ec2cce4ad7bbc0d9","0x91a1dd80fe620f166a4bc7e43971ce240fd67484","553633217993079584775086"
"0x565cf4f7dc8e4666fda0ddf5028ffe166030cc28729c01642b1a5f33ea609413-28","28335908","1753764318","0x565cf4f7dc8e4666fda0ddf5028ffe166030cc28729c01642b1a5f33ea609413","0xddd77e91c222e36d4bd5ca8e78682a2172314197","0x0fba475e92cfef19f7dbada8ec2cce4ad7bbc0d9","0x1a111aa239a00a6209a855fb8dc1d00d7b987e6e","553633217993079584775086"
"0x5673bd13700bcd8bacfe25914d17289ba075639483e8930016a224a4e71406db-69","28373114","1753786696","0x5673bd13700bcd8bacfe25914d17289ba075639483e8930016a224a4e71406db","0xddd77e91c222e36d4bd5ca8e78682a2172314197","0x0fba475e92cfef19f7dbada8ec2cce4ad7bbc0d9","0x3c797c356ead723692b8b646a8defdb13a309286","553633217993079584775086"
"0x56756e8ab235e1ddcf3157fb0c2bf1e47538b5e3b4730702bd875736a6237751-76","28356891","1753776910","0x56756e8ab235e1ddcf3157fb0c2bf1e47538b5e3b4730702bd875736a6237751","0xddd77e91c222e36d4bd5ca8e78682a2172314197","0x0fba475e92cfef19f7dbada8ec2cce4ad7bbc0d9","0x9ce4ce72c023856eca7dbc3ed11896c418709035","553633217993079584775086"
"0x56964710fc99bbd9afee3ed90821328f5b75feafc6fc19e7c815e6b46e9eb394-71","28339104","1753766230","0x56964710fc99bbd9afee3ed90821328f5b75feafc6fc19e7c815e6b46e9eb394","0xddd77e91c222e36d4bd5ca8e78682a2172314197","0x0fba475e92cfef19f7dbada8ec2cce4ad7bbc0d9","0x0943726d2bfd1a3b2a19539fa40b607d685a6760","553633217993079584775086"
"0x56aba15e0f3f62eac16e411a82b918d7ac28df8fcb19aa0df07d3a35aebadd72-115","28391933","1753798062","0x56aba15e0f3f62eac16e411a82b918d7ac28df8fcb19aa0df07d3a35aebadd72","0xddd77e91c222e36d4bd5ca8e78682a2172314197","0x0fba475e92cfef19f7dbada8ec2cce4ad7bbc0d9","0xa7708ddb6cfa08fc67c37a64a1546851b5f26f28","553633217993079584775086"
"0x56c79077e6b215cb7a42eb37502b5e436d4aeb41a7899ff55ba9b456d9236860-326","28331924","1753761908","0x56c79077e6b215cb7a42eb37502b5e436d4aeb41a7899ff55ba9b456d9236860","0xddd77e91c222e36d4bd5ca8e78682a2172314197","0x0fba475e92cfef19f7dbada8ec2cce4ad7bbc0d9","0x4bcf26b5141053dc10d42526b348ffb847c23d16","553633217993079584775086"
"0x56cdbb3582b74fa15e105eef73e678eb4ef478eef8c3564bc3063b0fa0f18fce-105","28347236","1753771135","0x56cdbb3582b74fa15e105eef73e678eb4ef478eef8c3564bc3063b0fa0f18fce","0xddd77e91c222e36d4bd5ca8e78682a2172314197","0x0fba475e92cfef19f7dbada8ec2cce4ad7bbc0d9","0xd2d8505d4fff7e3d702b851fd505d2fc552cbda8","553633217993079584775086"
"0x56d156321f988ae4ccd9f00fcb60c2876568f4a63af3228c6c75a0fa27e67a13-126","28338765","1753766014","0x56d156321f988ae4ccd9f00fcb60c2876568f4a63af3228c6c75a0fa27e67a13","0xddd77e91c222e36d4bd5ca8e78682a2172314197","0x0fba475e92cfef19f7dbada8ec2cce4ad7bbc0d9","0x1e84af022fbed7c6adf645ef225ad77c52ff76c0","553633217993079584775086"
"0x56e1006dcfcae9c65946e31cc6657504c8f9f86c65e52666820b72108c81b32c-53","28339846","1753766691","0x56e1006dcfcae9c65946e31cc6657504c8f9f86c65e52666820b72108c81b32c","0xddd77e91c222e36d4bd5ca8e78682a2172314197","0x0fba475e92cfef19f7dbada8ec2cce4ad7bbc0d9","0xb81a17b6db26a3228a9d3c3c11dae8a445c9a5be","553633217993079584775086"
"0x56e45f362f5ace9f9577f498c0f985378baf5fabbbbf28ef5df8088f25082f58-34","28129600","1753640498","0x56e45f362f5ace9f9577f498c0f985378baf5fabbbbf28ef5df8088f25082f58","0xddd77e91c222e36d4bd5ca8e78682a2172314197","0x0fba475e92cfef19f7dbada8ec2cce4ad7bbc0d9","0xa88f8698a43f3d529f70e98ae96d06b518da93f8","553633217993079584775086"
"0x56ef754064c8ae766b55819d25aa40d2a8a6952366f69ac1738d00c68346fd7b-149","28331723","1753761792","0x56ef754064c8ae766b55819d25aa40d2a8a6952366f69ac1738d00c68346fd7b","0xddd77e91c222e36d4bd5ca8e78682a2172314197","0x0fba475e92cfef19f7dbada8ec2cce4ad7bbc0d9","0x423634748248a9781b73fca3bf0c50a7f3c73f5e","553633217993079584775086"
"0x57150af641e6f5f5865cb56c7090f20f85595599479777244c4966a1a748b90f-735","28386470","1753794745","0x57150af641e6f5f5865cb56c7090f20f85595599479777244c4966a1a748b90f","0xddd77e91c222e36d4bd5ca8e78682a2172314197","0x0fba475e92cfef19f7dbada8ec2cce4ad7bbc0d9","0x9e374f0dd2636cf97cba9e3bd12a014b83e575f4","553633217993079584775086"
"0x571d504d625860c0b1cb96af3144f14c449a9c34b60b9103ced33a3e411ae7f7-108","28339424","1753766443","0x571d504d625860c0b1cb96af3144f14c449a9c34b60b9103ced33a3e411ae7f7","0xddd77e91c222e36d4bd5ca8e78682a2172314197","0x0fba475e92cfef19f7dbada8ec2cce4ad7bbc0d9","0x9aa82777ebf7115a2688e5a4a0c3ab9a69ba1c3d","553633217993079584775086"
"0x5726156ad974c3083859e621b87ae97349df0c4c72b7edb46c8a4ea52eb1b04d-200","28351762","1753773845","0x5726156ad974c3083859e621b87ae97349df0c4c72b7edb46c8a4ea52eb1b04d","0xddd77e91c222e36d4bd5ca8e78682a2172314197","0x0fba475e92cfef19f7dbada8ec2cce4ad7bbc0d9","0x9d076a881133cf5c8d7e1c4a6b1355c04d86e16b","553633217993079584775086"
"0x5732a8130bb7eb3ba5fd13eb5b2c8e96fca212399d5b05ac0b12eed5849aaab9-97","28339401","1753766427","0x5732a8130bb7eb3ba5fd13eb5b2c8e96fca212399d5b05ac0b12eed5849aaab9","0xddd77e91c222e36d4bd5ca8e78682a2172314197","0x0fba475e92cfef19f7dbada8ec2cce4ad7bbc0d9","0xb9f844854dff60bd810e0349a03d3020e36bc220","553633217993079584775086"
"0x5745c1d3bf4fb978b3594cccdd2580354975f65a0ff687edba68fc8d19093ee0-124","28341768","1753767810","0x5745c1d3bf4fb978b3594cccdd2580354975f65a0ff687edba68fc8d19093ee0","0xddd77e91c222e36d4bd5ca8e78682a2172314197","0x0fba475e92cfef19f7dbada8ec2cce4ad7bbc0d9","0xfc8ae3e9d2ed583ee7c78f2235ba76c87133b95d","553633217993079584775086"
"0x574b1ea3e1222d7295bc0fe00cf28149aa7c817bfa510110db7a1582e216f796-630","28382117","1753792182","0x574b1ea3e1222d7295bc0fe00cf28149aa7c817bfa510110db7a1582e216f796","0xddd77e91c222e36d4bd5ca8e78682a2172314197","0x0fba475e92cfef19f7dbada8ec2cce4ad7bbc0d9","0x0f151919903d4c378bae24960f6afa836971d514","553633217993079584775086"
"0x5750e4d42d3c9549a55d8a478d7112fbc29e119c9ff4d49fcf7320f9a0a29f65-4","28352973","1753774570","0x5750e4d42d3c9549a55d8a478d7112fbc29e119c9ff4d49fcf7320f9a0a29f65","0xddd77e91c222e36d4bd5ca8e78682a2172314197","0x0fba475e92cfef19f7dbada8ec2cce4ad7bbc0d9","0x176119dfdbb3258539c723327a723ad4830ce806","553633217993079584775086"
"0x575a8efd43bfa1b2e8d4ed25ef2e712fa5acba6b5bdb3b3455c5076d380042a2-120","28339318","1753766380","0x575a8efd43bfa1b2e8d4ed25ef2e712fa5acba6b5bdb3b3455c5076d380042a2","0xddd77e91c222e36d4bd5ca8e78682a2172314197","0x0fba475e92cfef19f7dbada8ec2cce4ad7bbc0d9","0xfe13be5f5857d63a7e4e05b6ddaf99c5cf9c743d","553633217993079584775086"
"0x577459ff6859ae791b0fffdc67848d990da88c6d9d657d6387a3d3efc929f1d6-863","28336240","1753764531","0x577459ff6859ae791b0fffdc67848d990da88c6d9d657d6387a3d3efc929f1d6","0xddd77e91c222e36d4bd5ca8e78682a2172314197","0x0fba475e92cfef19f7dbada8ec2cce4ad7bbc0d9","0xc53ceec6a341f03120fede34711f5069d18f14ef","553633217993079584775086"
"0x5779afa2e0bbdedfbad67269d3b57d2ea6d1de2b706a77b16fd93ad20532542e-46","28392863","1753798601","0x5779afa2e0bbdedfbad67269d3b57d2ea6d1de2b706a77b16fd93ad20532542e","0xddd77e91c222e36d4bd5ca8e78682a2172314197","0x0fba475e92cfef19f7dbada8ec2cce4ad7bbc0d9","0x94428ce627d373075f7a96eb2e0a340c309c8ae5","553633217993079584775086"
"0x578f2950da617bab9a0428968bf42cb6c2b4b9addcde8c5507c385bb7e375be1-35","28360655","1753779204","0x578f2950da617bab9a0428968bf42cb6c2b4b9addcde8c5507c385bb7e375be1","0xddd77e91c222e36d4bd5ca8e78682a2172314197","0x0fba475e92cfef19f7dbada8ec2cce4ad7bbc0d9","0x00eaecbc3aa022b05dd0f2d3623496fec65165c0","553633217993079584775086"
"0x579f352f7cce7fdb585c9d082fcb5d38eec6eace58607b0c3ddc6cefc39a75f2-181","28388300","1753795807","0x579f352f7cce7fdb585c9d082fcb5d38eec6eace58607b0c3ddc6cefc39a75f2","0xddd77e91c222e36d4bd5ca8e78682a2172314197","0x0fba475e92cfef19f7dbada8ec2cce4ad7bbc0d9","0xc422a50895b64b9fc15d1a3d8d1bd69f3901e8a5","553633217993079584775086"
"0x57af350764244395e44eb58489c77e06611e75bc8c17019e5bec529553be1c81-9","28130152","1753640828","0x57af350764244395e44eb58489c77e06611e75bc8c17019e5bec529553be1c81","0xddd77e91c222e36d4bd5ca8e78682a2172314197","0x0fba475e92cfef19f7dbada8ec2cce4ad7bbc0d9","0xd97326a35130d5e8c8480b6b1e509dddbd752e9d","553633217993079584775086"
"0x57f23be712f656033aaac2218cde6b1b95085851d3f2a2490c6a04eae80cb98b-3","28334726","1753763609","0x57f23be712f656033aaac2218cde6b1b95085851d3f2a2490c6a04eae80cb98b","0xddd77e91c222e36d4bd5ca8e78682a2172314197","0x0fba475e92cfef19f7dbada8ec2cce4ad7bbc0d9","0x5dc0145cf938703a58ac3ced9ff5977384981099","553633217993079584775086"
"0x57fd803237bb120c4cb76a9480df041859054efe300c159c93d220dfff13b0ff-74","28337690","1753765378","0x57fd803237bb120c4cb76a9480df041859054efe300c159c93d220dfff13b0ff","0xddd77e91c222e36d4bd5ca8e78682a2172314197","0x0fba475e92cfef19f7dbada8ec2cce4ad7bbc0d9","0xdd395df817201bde1be5140e5fb93e2b8f54d8e9","553633217993079584775086"
"0x57fff10009a16f1484fd96678110ab67f5053ebd4395549c0ed56902cacdeb53-12","28369799","1753784718","0x57fff10009a16f1484fd96678110ab67f5053ebd4395549c0ed56902cacdeb53","0xddd77e91c222e36d4bd5ca8e78682a2172314197","0x0fba475e92cfef19f7dbada8ec2cce4ad7bbc0d9","0x0833907cb7fd542b0c28b6cc339fc74c3f41004c","553633217993079584775086"
"0x58068ba4269d2861ef0d2df3b2f129be01d8fc33b2d4aaa61cb91ba8a9a1addd-5","28368825","1753784148","0x58068ba4269d2861ef0d2df3b2f129be01d8fc33b2d4aaa61cb91ba8a9a1addd","0xddd77e91c222e36d4bd5ca8e78682a2172314197","0x0fba475e92cfef19f7dbada8ec2cce4ad7bbc0d9","0x2365ebbe1eec17a4e6a86c0d411a1c3f88a50503","553633217993079584775086"
"0x58456adb41660a7f01b2d1179bdf4e7c445bcbc299126c82cb5dc69ada42d037-640","28334302","1753763345","0x58456adb41660a7f01b2d1179bdf4e7c445bcbc299126c82cb5dc69ada42d037","0xddd77e91c222e36d4bd5ca8e78682a2172314197","0x0fba475e92cfef19f7dbada8ec2cce4ad7bbc0d9","0x400917fa607ffe878724b0b50577756ae956c74e","553633217993079584775086"
"0x5882eba0f1f9ee35fb8269d77fdbeca47a14927deed148b24cb33858aad9561f-226","28390542","1753797193","0x5882eba0f1f9ee35fb8269d77fdbeca47a14927deed148b24cb33858aad9561f","0xddd77e91c222e36d4bd5ca8e78682a2172314197","0x0fba475e92cfef19f7dbada8ec2cce4ad7bbc0d9","0x4ebb1f04a338b65343d9c5a387ee53efac1765f8","553633217993079584775086"
"0x5891bd4a0ba6263c2efe974508bd2be79f52bae0baf383dd47292ff95a7a824a-41","28384857","1753793826","0x5891bd4a0ba6263c2efe974508bd2be79f52bae0baf383dd47292ff95a7a824a","0xddd77e91c222e36d4bd5ca8e78682a2172314197","0x0fba475e92cfef19f7dbada8ec2cce4ad7bbc0d9","0x2f523b2ed461117c2f1125d16edfaef1446c7d1a","553633217993079584775086"
"0x58ae71a7856c79c83e6cfa355fe4ca4ff97ff858714a0db9fa4b3b71c54a7883-152","28352525","1753774295","0x58ae71a7856c79c83e6cfa355fe4ca4ff97ff858714a0db9fa4b3b71c54a7883","0xddd77e91c222e36d4bd5ca8e78682a2172314197","0x0fba475e92cfef19f7dbada8ec2cce4ad7bbc0d9","0xd7cb8bbbb62d947c90266b4814878755f4e6a033","553633217993079584775086"
"0x58b1d8c80a47463718f731a55744a409d9477bd37bb6d08fef550d7c1c2c0cfd-377","28351973","1753773963","0x58b1d8c80a47463718f731a55744a409d9477bd37bb6d08fef550d7c1c2c0cfd","0xddd77e91c222e36d4bd5ca8e78682a2172314197","0x0fba475e92cfef19f7dbada8ec2cce4ad7bbc0d9","0x67104db661d68f59d3c29b1fb64eed7f4cd58612","553633217993079584775086"
"0x58cfdd1ab168fa20b99de6d1abbe6f0d868d21ec2ef8d90cec04fb8f4b2b8889-581","28390838","1753797387","0x58cfdd1ab168fa20b99de6d1abbe6f0d868d21ec2ef8d90cec04fb8f4b2b8889","0xddd77e91c222e36d4bd5ca8e78682a2172314197","0x0fba475e92cfef19f7dbada8ec2cce4ad7bbc0d9","0xde4af888edda07800958fd6899a18dcaa43d1290","553633217993079584775086"
"0x58dec33ef0abe1e1209ef5ce051983d6b4c63d0845f4641e060705128cbf49ed-37","28351278","1753773551","0x58dec33ef0abe1e1209ef5ce051983d6b4c63d0845f4641e060705128cbf49ed","0xddd77e91c222e36d4bd5ca8e78682a2172314197","0x0fba475e92cfef19f7dbada8ec2cce4ad7bbc0d9","0x5b9ba25810320349964a9f0b2f2429af9b9d4518","553633217993079584775086"
"0x594d7bc7467818330ed694ad70d28b13e40b948662e4ebc461f0408561463bfc-167","28390856","1753797396","0x594d7bc7467818330ed694ad70d28b13e40b948662e4ebc461f0408561463bfc","0xddd77e91c222e36d4bd5ca8e78682a2172314197","0x0fba475e92cfef19f7dbada8ec2cce4ad7bbc0d9","0xeac85f347c3651db8f72baa33f70255da7061190","553633217993079584775086"
"0x594eebcaaaef27534c081effc1db225dc27911c372d671bf333c6effd81145f9-3","28358235","1753777729","0x594eebcaaaef27534c081effc1db225dc27911c372d671bf333c6effd81145f9","0xddd77e91c222e36d4bd5ca8e78682a2172314197","0x0fba475e92cfef19f7dbada8ec2cce4ad7bbc0d9","0xb4dff2c9b4db343ed94fb9bf4788bcbd59d101b7","553633217993079584775086"
"0x59517a9e204dc5173486c5f042659d104305e0c32b991e8adeae1867cd7e4c11-31","28360655","1753779204","0x59517a9e204dc5173486c5f042659d104305e0c32b991e8adeae1867cd7e4c11","0xddd77e91c222e36d4bd5ca8e78682a2172314197","0x0fba475e92cfef19f7dbada8ec2cce4ad7bbc0d9","0x2c424e3af8ba7c99b6ec594082e21362b283ad4e","553633217993079584775086"
"0x595ebf29a6e4673cbd630cb9b4e6ff538c24885eb012faf0a3c31bcabbc548f0-39","28332190","1753762068","0x595ebf29a6e4673cbd630cb9b4e6ff538c24885eb012faf0a3c31bcabbc548f0","0xddd77e91c222e36d4bd5ca8e78682a2172314197","0x0fba475e92cfef19f7dbada8ec2cce4ad7bbc0d9","0x12d3ad22a82cae662875ef8ee0d4333cba9795f0","553633217993079584775086"
"0x596dafe1b7a06cbc0120df3d0c02b5b45e73badf892f208bffa942e71b9d3425-57","28358157","1753777678","0x596dafe1b7a06cbc0120df3d0c02b5b45e73badf892f208bffa942e71b9d3425","0xddd77e91c222e36d4bd5ca8e78682a2172314197","0x0fba475e92cfef19f7dbada8ec2cce4ad7bbc0d9","0x223aeb75f457e482511e654b78701e45f399cf29","553633217993079584775086"
"0x599edf12a48c97fb963f39a49e5e43c562bb0b5ee45ed7c7ee223564176098bb-378","28330643","1753761136","0x599edf12a48c97fb963f39a49e5e43c562bb0b5ee45ed7c7ee223564176098bb","0xddd77e91c222e36d4bd5ca8e78682a2172314197","0x0fba475e92cfef19f7dbada8ec2cce4ad7bbc0d9","0x3e799672c02b4f5638563d01cca4bbaf21d18c0a","553633217993079584775086"
"0x59a16f1bdd661f5bf1c67524754053c31805455a874f5bc088e8ea3e38bca225-3","28387992","1753795624","0x59a16f1bdd661f5bf1c67524754053c31805455a874f5bc088e8ea3e38bca225","0xddd77e91c222e36d4bd5ca8e78682a2172314197","0x0fba475e92cfef19f7dbada8ec2cce4ad7bbc0d9","0x3fa6ee1c107ef2b8df8a2cb8c6bb0fe02e975275","553633217993079584775086"
"0x59bf83de746c6dcd2cd317fd7c4a2b8a8cbbed8ce4cd9ea2eb9ad2eac274ff92-174","28337266","1753765134","0x59bf83de746c6dcd2cd317fd7c4a2b8a8cbbed8ce4cd9ea2eb9ad2eac274ff92","0xddd77e91c222e36d4bd5ca8e78682a2172314197","0x0fba475e92cfef19f7dbada8ec2cce4ad7bbc0d9","0x9433bf8383e829e4bfb3a40be29c0dc11dc92732","553633217993079584775086"
"0x59d72deef00bb7775ec8a30cff4daa240fc1761e4f92e7090f09451687a852af-128","28131348","1753641540","0x59d72deef00bb7775ec8a30cff4daa240fc1761e4f92e7090f09451687a852af","0xddd77e91c222e36d4bd5ca8e78682a2172314197","0x0fba475e92cfef19f7dbada8ec2cce4ad7bbc0d9","0x843e7e963f5d6928ee9730f2fa4bc2b16b7401a9","553633217993079584775086"
"0x59dee752d159d829d7577acea7cf9114a29b84977bdbaa51ce59a20b8c7f4469-84","28385121","1753793973","0x59dee752d159d829d7577acea7cf9114a29b84977bdbaa51ce59a20b8c7f4469","0xddd77e91c222e36d4bd5ca8e78682a2172314197","0x0fba475e92cfef19f7dbada8ec2cce4ad7bbc0d9","0xc428a58180c9d0519f1504a9eb3a130419c95381","553633217993079584775086"
"0x59f67e08295d5f50f2362992e17acad1f17caae3d481b150e0293cc58f372fc0-772","28336172","1753764488","0x59f67e08295d5f50f2362992e17acad1f17caae3d481b150e0293cc58f372fc0","0xddd77e91c222e36d4bd5ca8e78682a2172314197","0x0fba475e92cfef19f7dbada8ec2cce4ad7bbc0d9","0xab64d664743349539d2d247769f4018a6b760ec8","553633217993079584775086"
"0x5a216ac0e071c0ce1fbc54d86b2d88123203e82e833e46a3c5ab8a24b41e657e-74","28340156","1753766864","0x5a216ac0e071c0ce1fbc54d86b2d88123203e82e833e46a3c5ab8a24b41e657e","0xddd77e91c222e36d4bd5ca8e78682a2172314197","0x0fba475e92cfef19f7dbada8ec2cce4ad7bbc0d9","0xf610e968d46b63a05393601b044ea390463009a0","553633217993079584775086"
"0x5a3218dbe5a9618a1ff05fb647e0acc4091110ddbf140efa666341601712354b-753","28384090","1753793357","0x5a3218dbe5a9618a1ff05fb647e0acc4091110ddbf140efa666341601712354b","0xddd77e91c222e36d4bd5ca8e78682a2172314197","0x0fba475e92cfef19f7dbada8ec2cce4ad7bbc0d9","0x6e7cab5ec13df27125a854cd34a7ee3fecae2f54","553633217993079584775086"
"0x5a362d602667737e5f41f90ecc9e379803132c8899bac6989fe60ed4188bff64-113","28331351","1753761581","0x5a362d602667737e5f41f90ecc9e379803132c8899bac6989fe60ed4188bff64","0xddd77e91c222e36d4bd5ca8e78682a2172314197","0x0fba475e92cfef19f7dbada8ec2cce4ad7bbc0d9","0x8ed4f5823104c7c0566446c962475d55be7f8ba5","553633217993079584775086"
"0x5aa7598f36a7970632adfcff4907f897d4f14eef1de1979caad1372aeee623e7-109","28396892","1753801045","0x5aa7598f36a7970632adfcff4907f897d4f14eef1de1979caad1372aeee623e7","0xddd77e91c222e36d4bd5ca8e78682a2172314197","0x0fba475e92cfef19f7dbada8ec2cce4ad7bbc0d9","0x57d524a5ed02ec0cd4bff33bf7d8bec0a0736436","553633217993079584775086"
"0x5ab331556ccde6ab26593ab98a6090bf072998f75ed55aa0c804dfce1dbebdcf-863","28334179","1753763258","0x5ab331556ccde6ab26593ab98a6090bf072998f75ed55aa0c804dfce1dbebdcf","0xddd77e91c222e36d4bd5ca8e78682a2172314197","0x0fba475e92cfef19f7dbada8ec2cce4ad7bbc0d9","0xe7dfd143c323bd5aede4f932f3a299e771ff6b6e","553633217993079584775086"
"0x5ace0f26ab3a6792f6c1ad8a8d7d8439814f008b629c6f8e3b481f31a090579a-3","28345295","1753769960","0x5ace0f26ab3a6792f6c1ad8a8d7d8439814f008b629c6f8e3b481f31a090579a","0xddd77e91c222e36d4bd5ca8e78682a2172314197","0x0fba475e92cfef19f7dbada8ec2cce4ad7bbc0d9","0xf9c29de0d1394a5e80ade112e9d6b256e37a8580","553633217993079584775086"
"0x5ae71eed87d59ba7e10a72d7aae40e3a1ab1624612cda1790e68c85f5a13bd15-718","28388439","1753795894","0x5ae71eed87d59ba7e10a72d7aae40e3a1ab1624612cda1790e68c85f5a13bd15","0xddd77e91c222e36d4bd5ca8e78682a2172314197","0x0fba475e92cfef19f7dbada8ec2cce4ad7bbc0d9","0x09c1caabc298a9a550d929909638e79d306f6f36","553633217993079584775086"
"0x5aed8192644ff879ebcdc36fce0735844c4e63c7bf304f94c828dafe835f3295-38","28380405","1753791140","0x5aed8192644ff879ebcdc36fce0735844c4e63c7bf304f94c828dafe835f3295","0xddd77e91c222e36d4bd5ca8e78682a2172314197","0x0fba475e92cfef19f7dbada8ec2cce4ad7bbc0d9","0x90759aaeb2833a49635cb2911d3c7e33df490964","553633217993079584775086"
"0x5b52d7567c6aecc3b189bdd76c1811b9d639e24353ec261cea3073904e452ece-98","28130172","1753640848","0x5b52d7567c6aecc3b189bdd76c1811b9d639e24353ec261cea3073904e452ece","0xddd77e91c222e36d4bd5ca8e78682a2172314197","0x0fba475e92cfef19f7dbada8ec2cce4ad7bbc0d9","0x1d878f6fd609907e022c49bc31c2bf5e145446ed","553633217993079584775086"
"0x5b917ff0de2bc98308fe0ac37a5e1c8d92ff43fe0ec58ecc209fd0cdf0de408b-77","28408110","1753807882","0x5b917ff0de2bc98308fe0ac37a5e1c8d92ff43fe0ec58ecc209fd0cdf0de408b","0xddd77e91c222e36d4bd5ca8e78682a2172314197","0x0fba475e92cfef19f7dbada8ec2cce4ad7bbc0d9","0x3abc79ff0a835caac1193d2ec107938c364e1e82","553633217993079584775086"
"0x5b9ef6b914e805b5ca061f1a854e22889c767a1f0104bc584af8d792a104f810-671","28337569","1753765306","0x5b9ef6b914e805b5ca061f1a854e22889c767a1f0104bc584af8d792a104f810","0xddd77e91c222e36d4bd5ca8e78682a2172314197","0x0fba475e92cfef19f7dbada8ec2cce4ad7bbc0d9","0x255ec4a7dfefeed4889dbeb03d7ac06adccc2d24","553633217993079584775086"
"0x5badb20c47fe2bd267108ee820f9471efcc984ec473fc6b00f9152f6abf158ef-217","28365518","1753782120","0x5badb20c47fe2bd267108ee820f9471efcc984ec473fc6b00f9152f6abf158ef","0xddd77e91c222e36d4bd5ca8e78682a2172314197","0x0fba475e92cfef19f7dbada8ec2cce4ad7bbc0d9","0x625d06b17e1d2e3893f8fe7c9eaf87324db72922","553633217993079584775086"
"0x5bb014a2799526b2498239b6792a9c8f05a3dfe4025a6e4d0568353915711070-226","28345326","1753769984","0x5bb014a2799526b2498239b6792a9c8f05a3dfe4025a6e4d0568353915711070","0xddd77e91c222e36d4bd5ca8e78682a2172314197","0x0fba475e92cfef19f7dbada8ec2cce4ad7bbc0d9","0xbead4c46a54b231c9a0626e7bcefe8c6dc3826ed","553633217993079584775086"
"0x5bb384fc4c61e9e0e1c47c5013680d0bf63249c6f2228926b3f509a3e96bf463-89","28361289","1753779584","0x5bb384fc4c61e9e0e1c47c5013680d0bf63249c6f2228926b3f509a3e96bf463","0xddd77e91c222e36d4bd5ca8e78682a2172314197","0x0fba475e92cfef19f7dbada8ec2cce4ad7bbc0d9","0x1e6ae0134b057d0b220958eb5ae679ea3ac2f40f","553633217993079584775086"
"0x5bcafb8723e7165c33656c80cdc1c23931c7e96d04b77a4188769d1f04f4cd29-147","28392791","1753798558","0x5bcafb8723e7165c33656c80cdc1c23931c7e96d04b77a4188769d1f04f4cd29","0xddd77e91c222e36d4bd5ca8e78682a2172314197","0x0fba475e92cfef19f7dbada8ec2cce4ad7bbc0d9","0x97707d0022e5f68a254bb8e79e9c8fb146184bdb","553633217993079584775086"
"0x5c200ba1045b746ee2833670c3c8405b8f6735e1a3ee73662f4be4315299475a-848","28370507","1753785129","0x5c200ba1045b746ee2833670c3c8405b8f6735e1a3ee73662f4be4315299475a","0xddd77e91c222e36d4bd5ca8e78682a2172314197","0x0fba475e92cfef19f7dbada8ec2cce4ad7bbc0d9","0xa63fcc9ecd7ea64b9651d11d4993aab21615a4cc","553633217993079584775086"
"0x5c2cbac80230a15028c8ad95cc8c45ad1bf23b3f2fd0f7660ef75e0c8d2f1dbc-235","28372444","1753786283","0x5c2cbac80230a15028c8ad95cc8c45ad1bf23b3f2fd0f7660ef75e0c8d2f1dbc","0xddd77e91c222e36d4bd5ca8e78682a2172314197","0x0fba475e92cfef19f7dbada8ec2cce4ad7bbc0d9","0x9db43e87badb2be264ee16bfe19dbd8fee8e4b22","553633217993079584775086"
"0x5c493183c5278ea909d5fa38b15922dae3b9df9805f844c1acbba2b055e66914-22","28125575","1753638060","0x5c493183c5278ea909d5fa38b15922dae3b9df9805f844c1acbba2b055e66914","0xddd77e91c222e36d4bd5ca8e78682a2172314197","0x0fba475e92cfef19f7dbada8ec2cce4ad7bbc0d9","0x21fba5456cd1f1304642c25293dc58976fdc4059","553633217993079584775086"
"0x5c557f34fb5e5ace047a5dde31c3bc3e7173580267b737034a7ac75f007ef7c9-54","28355482","1753776065","0x5c557f34fb5e5ace047a5dde31c3bc3e7173580267b737034a7ac75f007ef7c9","0xddd77e91c222e36d4bd5ca8e78682a2172314197","0x0fba475e92cfef19f7dbada8ec2cce4ad7bbc0d9","0x2a453f96f443a88d19ba5d67503c653aa32e1aef","553633217993079584775086"
"0x5c56896b170cf7a31e71b85f6c689c841df6fa6929d05271ee9b85490bb341eb-47","28361371","1753779625","0x5c56896b170cf7a31e71b85f6c689c841df6fa6929d05271ee9b85490bb341eb","0xddd77e91c222e36d4bd5ca8e78682a2172314197","0x0fba475e92cfef19f7dbada8ec2cce4ad7bbc0d9","0x216b4c7ed67bf42951da6fa141de5909b81797d1","553633217993079584775086"
"0x5c9d51dc559fcdb430a40d549e505d04048067b11e4c5c7b1065887d56bd500a-22","28376257","1753788608","0x5c9d51dc559fcdb430a40d549e505d04048067b11e4c5c7b1065887d56bd500a","0xddd77e91c222e36d4bd5ca8e78682a2172314197","0x0fba475e92cfef19f7dbada8ec2cce4ad7bbc0d9","0xf353403a277c1e2e65dd7d819c103490192cdae4","553633217993079584775086"
"0x5cb6dae7da823c3a3ca601b4c03e8d6b29fc6478bd412c7d1c7e970a0692a43e-53","28364270","1753781384","0x5cb6dae7da823c3a3ca601b4c03e8d6b29fc6478bd412c7d1c7e970a0692a43e","0xddd77e91c222e36d4bd5ca8e78682a2172314197","0x0fba475e92cfef19f7dbada8ec2cce4ad7bbc0d9","0x898a122deacdcd2b1e92a7a673641b5ffd91930c","553633217993079584775086"
"0x5cbd8e3eac23c8cf597f7b2f8bd4db6dd0e38cac87b7f8322fa12b6b8841ee3a-92","28397789","1753801583","0x5cbd8e3eac23c8cf597f7b2f8bd4db6dd0e38cac87b7f8322fa12b6b8841ee3a","0xddd77e91c222e36d4bd5ca8e78682a2172314197","0x0fba475e92cfef19f7dbada8ec2cce4ad7bbc0d9","0x5dcb121286ef40bcd233a860716866ac7c87e061","553633217993079584775086"
"0x5cbe322c56083e5d919e165b1afd3439408703968f496b45014845762f904b80-119","28342336","1753768134","0x5cbe322c56083e5d919e165b1afd3439408703968f496b45014845762f904b80","0xddd77e91c222e36d4bd5ca8e78682a2172314197","0x0fba475e92cfef19f7dbada8ec2cce4ad7bbc0d9","0x25c524bb892a7e103dcad69f41f2808da8baee5c","553633217993079584775086"
"0x5ccc56ff66a7a1ab113c8bbc86c9510fab37cf132bf7d8c2b06a51f4dd5f51e7-631","28392524","1753798408","0x5ccc56ff66a7a1ab113c8bbc86c9510fab37cf132bf7d8c2b06a51f4dd5f51e7","0xddd77e91c222e36d4bd5ca8e78682a2172314197","0x0fba475e92cfef19f7dbada8ec2cce4ad7bbc0d9","0x9a57c7a518a6f17a353f42aef8f7ce1ed7ac2389","553633217993079584775086"
"0x5cd7aebdcaffb11da672ea938f6d338693dfb21f462e53ac3889978c62f8a0e5-52","28382035","1753792130","0x5cd7aebdcaffb11da672ea938f6d338693dfb21f462e53ac3889978c62f8a0e5","0xddd77e91c222e36d4bd5ca8e78682a2172314197","0x0fba475e92cfef19f7dbada8ec2cce4ad7bbc0d9","0x6f89a6d4e2d9befcd53bd411a765d3204e7da3ab","553633217993079584775086"
"0x5cd8a282a8738bd1a46bfa10cb71ce428c4303a1604f9a76fbe8cf6b82d80a97-555","28378708","1753790109","0x5cd8a282a8738bd1a46bfa10cb71ce428c4303a1604f9a76fbe8cf6b82d80a97","0xddd77e91c222e36d4bd5ca8e78682a2172314197","0x0fba475e92cfef19f7dbada8ec2cce4ad7bbc0d9","0x854cc995542e05c7bea57034e2b2e88d509d9431","553633217993079584775086"
"0x5cdeef9520fda7cd6b8c8d6b185f7459da3de636688700aa8eedb1f4773beed4-36","28399841","1753802846","0x5cdeef9520fda7cd6b8c8d6b185f7459da3de636688700aa8eedb1f4773beed4","0xddd77e91c222e36d4bd5ca8e78682a2172314197","0x0fba475e92cfef19f7dbada8ec2cce4ad7bbc0d9","0x10c1a857db2aeb69ed9b8d6289683a458fc4c35d","553633217993079584775086"
"0x5ce801b881f99294aac977a8e71b4480f9cf4dadf196563a248d3a734cd3fe45-138","28357000","1753776981","0x5ce801b881f99294aac977a8e71b4480f9cf4dadf196563a248d3a734cd3fe45","0xddd77e91c222e36d4bd5ca8e78682a2172314197","0x0fba475e92cfef19f7dbada8ec2cce4ad7bbc0d9","0x627296322467051f8fcea75bbcc376fda9c5f32e","553633217993079584775086"
"0x5ce876a941d4862cea8cb542f02f8850d996e28d9e3a7adc617cd2da9e088dad-63","28348484","1753771902","0x5ce876a941d4862cea8cb542f02f8850d996e28d9e3a7adc617cd2da9e088dad","0xddd77e91c222e36d4bd5ca8e78682a2172314197","0x0fba475e92cfef19f7dbada8ec2cce4ad7bbc0d9","0xe3b6a486bb7143246f0ab52f1b64aa9a381c86a7","553633217993079584775086"
"0x5d0aa6b23ad5db14673f1270f76a2dcfae336c0b9494b8b02a2b880ff08cd840-4","28346267","1753770539","0x5d0aa6b23ad5db14673f1270f76a2dcfae336c0b9494b8b02a2b880ff08cd840","0xddd77e91c222e36d4bd5ca8e78682a2172314197","0x0fba475e92cfef19f7dbada8ec2cce4ad7bbc0d9","0xf7413de76ff5e77cb0605b0877594762cc8fe2a9","553633217993079584775086"
"0x5d3229b9bf87edac88e63c62f70b51155830a429d49592c7d730bcb7f044bfac-57","28352039","1753774002","0x5d3229b9bf87edac88e63c62f70b51155830a429d49592c7d730bcb7f044bfac","0xddd77e91c222e36d4bd5ca8e78682a2172314197","0x0fba475e92cfef19f7dbada8ec2cce4ad7bbc0d9","0x185721a8e25879e1b677d9a6a70d54ba6ddd1bf7","553633217993079584775086"
"0x5d339790df68955fbd6ab2ea80d203c7cb23ff12cdc9b48c01d730b45c42713d-59","28361371","1753779625","0x5d339790df68955fbd6ab2ea80d203c7cb23ff12cdc9b48c01d730b45c42713d","0xddd77e91c222e36d4bd5ca8e78682a2172314197","0x0fba475e92cfef19f7dbada8ec2cce4ad7bbc0d9","0x3c8afded9a6a2b1133766bb99208a728d9ac38a3","553633217993079584775086"
"0x5d680d99da806c14e9807ff1d6b1a598a88b69953882085092af18003d3674da-3","28370574","1753785170","0x5d680d99da806c14e9807ff1d6b1a598a88b69953882085092af18003d3674da","0xddd77e91c222e36d4bd5ca8e78682a2172314197","0x0fba475e92cfef19f7dbada8ec2cce4ad7bbc0d9","0x1e129bfdeccab41848fea73d85565db88f90b4af","553633217993079584775086"
"0x5da5b9bc304e31c2b2d396b4d057f7e23401c4f8df90f6a986dd29801771cbb9-222","28138039","1753645595","0x5da5b9bc304e31c2b2d396b4d057f7e23401c4f8df90f6a986dd29801771cbb9","0xddd77e91c222e36d4bd5ca8e78682a2172314197","0x0fba475e92cfef19f7dbada8ec2cce4ad7bbc0d9","0xe5e81625caa2257a0a67e79628f8c61703f5071b","553633217993079584775086"
"0x5dd29e0b502a956ef726cd8479af3ca29636977360a820f1ef8b270ae5cbe773-122","28386474","1753794750","0x5dd29e0b502a956ef726cd8479af3ca29636977360a820f1ef8b270ae5cbe773","0xddd77e91c222e36d4bd5ca8e78682a2172314197","0x0fba475e92cfef19f7dbada8ec2cce4ad7bbc0d9","0x37164e24ee4bc3afa1fea7b5a17563c80e2cb1c5","553633217993079584775086"
"0x5de5e50d1f38b6d052658a789d019396a4fd72128f5c172d786da4b9805dcd73-58","28398917","1753802265","0x5de5e50d1f38b6d052658a789d019396a4fd72128f5c172d786da4b9805dcd73","0xddd77e91c222e36d4bd5ca8e78682a2172314197","0x0fba475e92cfef19f7dbada8ec2cce4ad7bbc0d9","0x9211b4621516e0d84ec35ee1a9746c4a0f054598","553633217993079584775086"
"0x5dec58463de88a9f6f71ea89f62d2e03da1e9766e8dee65169d3d46862e14911-252","28130336","1753640936","0x5dec58463de88a9f6f71ea89f62d2e03da1e9766e8dee65169d3d46862e14911","0xddd77e91c222e36d4bd5ca8e78682a2172314197","0x0fba475e92cfef19f7dbada8ec2cce4ad7bbc0d9","0xcfab4a32717c47bbaf7c4817e30b0fb5e515154b","553633217993079584775086"
"0x5e1e0f278f71deb4a22bc7b4bea2620e94e9979598efa6fe8d07f59793fff058-26","28361409","1753779644","0x5e1e0f278f71deb4a22bc7b4bea2620e94e9979598efa6fe8d07f59793fff058","0xddd77e91c222e36d4bd5ca8e78682a2172314197","0x0fba475e92cfef19f7dbada8ec2cce4ad7bbc0d9","0x36223937d0832b7799299760cf3c4002af447a0e","553633217993079584775086"
"0x5e29a21cfbfac15e405b0ce606350ecfce0e0031b1674b2586b482b146f75f27-59","28350075","1753772833","0x5e29a21cfbfac15e405b0ce606350ecfce0e0031b1674b2586b482b146f75f27","0xddd77e91c222e36d4bd5ca8e78682a2172314197","0x0fba475e92cfef19f7dbada8ec2cce4ad7bbc0d9","0x7469f1d83bad19544bcacab814451f4b67411e8d","553633217993079584775086"
"0x5e618db68f76b5c9a66ade59a1c5f83b1e12a3cdcf0f90bea42ba918e68cd5a1-13","28395516","1753800222","0x5e618db68f76b5c9a66ade59a1c5f83b1e12a3cdcf0f90bea42ba918e68cd5a1","0xddd77e91c222e36d4bd5ca8e78682a2172314197","0x0fba475e92cfef19f7dbada8ec2cce4ad7bbc0d9","0xe28b40f69e0c318a627856b6016136a0241385ed","553633217993079584775086"
"0x5e61bf0edc64c102c16a926cddb71a418a527ea057173b8d853be6c4d5d4436b-8","28352973","1753774570","0x5e61bf0edc64c102c16a926cddb71a418a527ea057173b8d853be6c4d5d4436b","0xddd77e91c222e36d4bd5ca8e78682a2172314197","0x0fba475e92cfef19f7dbada8ec2cce4ad7bbc0d9","0x82779243d6a290aee2607f2027d3c06bb810968e","553633217993079584775086"
"0x5e73335b80e9879fb0c7acaecc1dbd7cc2de93697038357fe2e172234abc510f-148","28361141","1753779507","0x5e73335b80e9879fb0c7acaecc1dbd7cc2de93697038357fe2e172234abc510f","0xddd77e91c222e36d4bd5ca8e78682a2172314197","0x0fba475e92cfef19f7dbada8ec2cce4ad7bbc0d9","0x4b26b999069ffaec28ef55be6ef12508b2269d1a","553633217993079584775086"
"0x5e7f77cf6e66bf4ecd2448ea4a3dbffde21afb9e9a7f3b5571ce920470fec513-35","28130100","1753640793","0x5e7f77cf6e66bf4ecd2448ea4a3dbffde21afb9e9a7f3b5571ce920470fec513","0xddd77e91c222e36d4bd5ca8e78682a2172314197","0x0fba475e92cfef19f7dbada8ec2cce4ad7bbc0d9","0xe9b03b9efe6bff4b05ad8c22a1ead469be12027b","553633217993079584775086"
"0x5e83f7d49ba184720b836b407eaf0ad6e404d841e1b2c33b2dda14b825eb05c6-6","28330892","1753761300","0x5e83f7d49ba184720b836b407eaf0ad6e404d841e1b2c33b2dda14b825eb05c6","0xddd77e91c222e36d4bd5ca8e78682a2172314197","0x0fba475e92cfef19f7dbada8ec2cce4ad7bbc0d9","0x8a3eacb8a7d47258f43109de314af1b6e68f35f3","553633217993079584775086"
"0x5e95aa6dd7f0143f6f4ed2a5e9b31e5023f46fb8982ab702c9108ba8f21b26ff-4","28341951","1753767906","0x5e95aa6dd7f0143f6f4ed2a5e9b31e5023f46fb8982ab702c9108ba8f21b26ff","0xddd77e91c222e36d4bd5ca8e78682a2172314197","0x0fba475e92cfef19f7dbada8ec2cce4ad7bbc0d9","0xc22f6f8a0a92cb8c0b0cff673dc198d87806b307","553633217993079584775086"
"0x5ea7ef316c75ba08bfe0fe20878a699feecf4e37a040638e677aaba074aca8d3-206","28343779","1753769056","0x5ea7ef316c75ba08bfe0fe20878a699feecf4e37a040638e677aaba074aca8d3","0xddd77e91c222e36d4bd5ca8e78682a2172314197","0x0fba475e92cfef19f7dbada8ec2cce4ad7bbc0d9","0xcd6b38f439d2bc808c1cff60cd87f4e9509d1a9e","553633217993079584775086"
"0x5ed03e5f3893f15098b352ad18a9628061992a5fe48aa2e009a3e42057efc055-676","28393379","1753798921","0x5ed03e5f3893f15098b352ad18a9628061992a5fe48aa2e009a3e42057efc055","0xddd77e91c222e36d4bd5ca8e78682a2172314197","0x0fba475e92cfef19f7dbada8ec2cce4ad7bbc0d9","0x43eb2c6f428dbbe9a8c5aa6fbff4655efe3ee0cb","553633217993079584775086"
"0x5f0601509cb2be9009da45ef1718c1e645c81a6f44e8af958a61c3b90b9da43e-887","28355779","1753776245","0x5f0601509cb2be9009da45ef1718c1e645c81a6f44e8af958a61c3b90b9da43e","0xddd77e91c222e36d4bd5ca8e78682a2172314197","0x0fba475e92cfef19f7dbada8ec2cce4ad7bbc0d9","0xfd45da605f36a2a3bd20ae3c8edb291d5f93158d","553633217993079584775086"
"0x5f0fce673079a5fd79c508acfe73fed200d02569c4579594f426c36664d10ed8-114","28391694","1753797907","0x5f0fce673079a5fd79c508acfe73fed200d02569c4579594f426c36664d10ed8","0xddd77e91c222e36d4bd5ca8e78682a2172314197","0x0fba475e92cfef19f7dbada8ec2cce4ad7bbc0d9","0x27497e2485a808a1c6aa4211e0d41a2923e48bcc","553633217993079584775086"
"0x5f17f7147c19af8ed88e6de712adfad1c90d183fd21b7181362319f08c8adfe4-152","28339046","1753766188","0x5f17f7147c19af8ed88e6de712adfad1c90d183fd21b7181362319f08c8adfe4","0xddd77e91c222e36d4bd5ca8e78682a2172314197","0x0fba475e92cfef19f7dbada8ec2cce4ad7bbc0d9","0xd20252c0fb314656d87a895e99fa638a273f5333","553633217993079584775086"
"0x5f1d4135efb6f9b4f4cbda1b0467f9766707ad14566f0a6a67728564864cb2f5-61","28401271","1753803721","0x5f1d4135efb6f9b4f4cbda1b0467f9766707ad14566f0a6a67728564864cb2f5","0xddd77e91c222e36d4bd5ca8e78682a2172314197","0x0fba475e92cfef19f7dbada8ec2cce4ad7bbc0d9","0xe90e3560e78d30a4716796e4b010d809053eeedb","553633217993079584775086"
"0x5f1e56a29883a1eebffc08c4a907bafd1ff5b0da51cc276e1cba6dfd47c5159d-3","28369613","1753784606","0x5f1e56a29883a1eebffc08c4a907bafd1ff5b0da51cc276e1cba6dfd47c5159d","0xddd77e91c222e36d4bd5ca8e78682a2172314197","0x0fba475e92cfef19f7dbada8ec2cce4ad7bbc0d9","0x4c9944547e6076007b08203ce6b376c430647cd6","553633217993079584775086"
"0x5f8f3716c8d0bf7d5efe88013422f0a8910975e9a233ce6a91c0c6f59e0fa26b-68","28336427","1753764638","0x5f8f3716c8d0bf7d5efe88013422f0a8910975e9a233ce6a91c0c6f59e0fa26b","0xddd77e91c222e36d4bd5ca8e78682a2172314197","0x0fba475e92cfef19f7dbada8ec2cce4ad7bbc0d9","0xe7376a1d88cd8d3aa334e2f94794abe3a1dc3aa1","553633217993079584775086"
"0x5fa4c4292f25dfd8740f3e4f978e5a5dd7c356a26f5a44385f18fe7ef6d0869d-12","28374675","1753787663","0x5fa4c4292f25dfd8740f3e4f978e5a5dd7c356a26f5a44385f18fe7ef6d0869d","0xddd77e91c222e36d4bd5ca8e78682a2172314197","0x0fba475e92cfef19f7dbada8ec2cce4ad7bbc0d9","0xae57c626ee263cfd67d5cc2cc21e659c0d2940c9","553633217993079584775086"
"0x5fa9b3fb0371612943286a7ebc01e53b9512303eeca0f48332fdc204aa6e1381-54","28364520","1753781532","0x5fa9b3fb0371612943286a7ebc01e53b9512303eeca0f48332fdc204aa6e1381","0xddd77e91c222e36d4bd5ca8e78682a2172314197","0x0fba475e92cfef19f7dbada8ec2cce4ad7bbc0d9","0x06e370e20b57d8803de367002023c2abfdae9ef2","553633217993079584775086"
"0x5fe94e87fd38e7b7e37cdba475e0b5766c535561498f71d7b3d6450e9b495e6b-34","28377093","1753789124","0x5fe94e87fd38e7b7e37cdba475e0b5766c535561498f71d7b3d6450e9b495e6b","0xddd77e91c222e36d4bd5ca8e78682a2172314197","0x0fba475e92cfef19f7dbada8ec2cce4ad7bbc0d9","0x117e964d5c1826372e380d2e4e58e633d2b3435a","553633217993079584775086"
"0x600ee4b719a399a5bd727c2c8d49a43f527cd0edec1339b38c25b14391976110-4","28376570","1753788794","0x600ee4b719a399a5bd727c2c8d49a43f527cd0edec1339b38c25b14391976110","0xddd77e91c222e36d4bd5ca8e78682a2172314197","0x0fba475e92cfef19f7dbada8ec2cce4ad7bbc0d9","0xd8ab701550e55270c884fec0241458c1a3188627","553633217993079584775086"
"0x6035de2abe7aeefc8ae822f2731193db69fd8aab698d224f5ea749d1457b4666-148","28331837","1753761858","0x6035de2abe7aeefc8ae822f2731193db69fd8aab698d224f5ea749d1457b4666","0xddd77e91c222e36d4bd5ca8e78682a2172314197","0x0fba475e92cfef19f7dbada8ec2cce4ad7bbc0d9","0xd9f016e453de48d877e3f199e8fa4aadca2e979c","553633217993079584775086"
"0x603aadd705ad053820e347b5e649716b79a33acb854e0221ff8a12ba09c939b8-189","28395967","1753800488","0x603aadd705ad053820e347b5e649716b79a33acb854e0221ff8a12ba09c939b8","0xddd77e91c222e36d4bd5ca8e78682a2172314197","0x0fba475e92cfef19f7dbada8ec2cce4ad7bbc0d9","0x9a474d2ad5fd31789af14905b0babfe0d70543b1","553633217993079584775086"
"0x6041340eb73e5b91c71de3b677f55e5c1926f7b7e7de56af1f095b51cffe5213-3","28341849","1753767853","0x6041340eb73e5b91c71de3b677f55e5c1926f7b7e7de56af1f095b51cffe5213","0xddd77e91c222e36d4bd5ca8e78682a2172314197","0x0fba475e92cfef19f7dbada8ec2cce4ad7bbc0d9","0xd3c14b5677cd33742613e24e3fc2b2c6efb7ae9f","553633217993079584775086"
"0x606a6fe1c06c2d6caeeca560d259df6ba941e29fab2ce2912314467b1e50bdcf-83","28377062","1753789106","0x606a6fe1c06c2d6caeeca560d259df6ba941e29fab2ce2912314467b1e50bdcf","0xddd77e91c222e36d4bd5ca8e78682a2172314197","0x0fba475e92cfef19f7dbada8ec2cce4ad7bbc0d9","0x740074243f6cf8b88db568e03b493bda433d64ba","553633217993079584775086"
"0x607007d519ff989a21b6aea49c79a2c71b67a55f39ea542aead9f1b58e938616-26","28380797","1753791378","0x607007d519ff989a21b6aea49c79a2c71b67a55f39ea542aead9f1b58e938616","0xddd77e91c222e36d4bd5ca8e78682a2172314197","0x0fba475e92cfef19f7dbada8ec2cce4ad7bbc0d9","0xa142e37a93f0762ba14224eaaa42ffee6e02a616","553633217993079584775086"
"0x60b7adf09b42abd53a64d7d3fb78db2f3da0bd5483296275aee6f172a240bc24-15","28338031","1753765577","0x60b7adf09b42abd53a64d7d3fb78db2f3da0bd5483296275aee6f172a240bc24","0xddd77e91c222e36d4bd5ca8e78682a2172314197","0x0fba475e92cfef19f7dbada8ec2cce4ad7bbc0d9","0x8d106c747cd21272d4c9ff0af8d53a9c9aca25d2","553633217993079584775086"
"0x60c6b147f68fdb86ef89394f765737c6c0f0c228ffd614998b7cceb145b5bb75-187","28374190","1753787361","0x60c6b147f68fdb86ef89394f765737c6c0f0c228ffd614998b7cceb145b5bb75","0xddd77e91c222e36d4bd5ca8e78682a2172314197","0x0fba475e92cfef19f7dbada8ec2cce4ad7bbc0d9","0x5da2e557ecd3b3ccb2789bbec5c18e13dfd13887","553633217993079584775086"
"0x60ca0ab25d2c1709f1925665df4a4c7d7c0e3eb2864454cb5a941f837a3c4d4a-42","28363281","1753780782","0x60ca0ab25d2c1709f1925665df4a4c7d7c0e3eb2864454cb5a941f837a3c4d4a","0xddd77e91c222e36d4bd5ca8e78682a2172314197","0x0fba475e92cfef19f7dbada8ec2cce4ad7bbc0d9","0x3d8dc056c0e259dc8a765f87652f7118014d7ed1","553633217993079584775086"
"0x60d69128315f333123949e3e64f135b945c36a680e62ca580fd254b7c9c8d24c-101","28335953","1753764347","0x60d69128315f333123949e3e64f135b945c36a680e62ca580fd254b7c9c8d24c","0xddd77e91c222e36d4bd5ca8e78682a2172314197","0x0fba475e92cfef19f7dbada8ec2cce4ad7bbc0d9","0x6131fd615f6f9d416e0bd1f318f838db7df3401f","553633217993079584775086"
"0x60e84da9bd33148b3393d481922976109b3f191fc71705e5545983901934ab34-452","28369614","1753784609","0x60e84da9bd33148b3393d481922976109b3f191fc71705e5545983901934ab34","0xddd77e91c222e36d4bd5ca8e78682a2172314197","0x0fba475e92cfef19f7dbada8ec2cce4ad7bbc0d9","0xc4173de35777be4642178f940c9de17c1f262e69","553633217993079584775086"
"0x611f0caa13dd6ec8464780d0a8dabf24f53a0988afae303452b1788adf1c0b0e-17","28381438","1753791760","0x611f0caa13dd6ec8464780d0a8dabf24f53a0988afae303452b1788adf1c0b0e","0xddd77e91c222e36d4bd5ca8e78682a2172314197","0x0fba475e92cfef19f7dbada8ec2cce4ad7bbc0d9","0x965e553cec7139c1a4b25197c3e4704fb37320ae","553633217993079584775086"
"0x613948918cff480b81396ac36571d5c97b4d00df7912193fe124a66b4175a858-229","28379581","1753790622","0x613948918cff480b81396ac36571d5c97b4d00df7912193fe124a66b4175a858","0xddd77e91c222e36d4bd5ca8e78682a2172314197","0x0fba475e92cfef19f7dbada8ec2cce4ad7bbc0d9","0xd9479c6340a70f4b12f33831c304080a2b4810cd","553633217993079584775086"
"0x61497327dcfbe3a50a9dd864e11941572971f1a82134abc3adc59de1c2ac885e-245","28338832","1753766056","0x61497327dcfbe3a50a9dd864e11941572971f1a82134abc3adc59de1c2ac885e","0xddd77e91c222e36d4bd5ca8e78682a2172314197","0x0fba475e92cfef19f7dbada8ec2cce4ad7bbc0d9","0xbcf2569450114fac5c9828d1233c8efa353a89e5","553633217993079584775086"
"0x614fe318b92b4285ab63e9af59c8108dd73d668a09407407ebd0f22e4f08a296-181","28359903","1753778740","0x614fe318b92b4285ab63e9af59c8108dd73d668a09407407ebd0f22e4f08a296","0xddd77e91c222e36d4bd5ca8e78682a2172314197","0x0fba475e92cfef19f7dbada8ec2cce4ad7bbc0d9","0x21b4933a638650ce6c3df4bf1df2eda014d19b60","553633217993079584775086"
"0x61611028552cb65f430ccb8d51b4197dfa219e35b72c05eeec969cc514a02dd1-121","28129969","1753640709","0x61611028552cb65f430ccb8d51b4197dfa219e35b72c05eeec969cc514a02dd1","0xddd77e91c222e36d4bd5ca8e78682a2172314197","0x0fba475e92cfef19f7dbada8ec2cce4ad7bbc0d9","0x2a494c4137db2371c6d9007a40151d49ca3d4c06","553633217993079584775086"
"0x6179858efb2fd44d5d8816c4ac0f618fb09ce182b11ac96c5be445023d5ad991-103","28338275","1753765717","0x6179858efb2fd44d5d8816c4ac0f618fb09ce182b11ac96c5be445023d5ad991","0xddd77e91c222e36d4bd5ca8e78682a2172314197","0x0fba475e92cfef19f7dbada8ec2cce4ad7bbc0d9","0x7ec80d7671031d50bb0dc89a2e9a0f62ae37b0be","553633217993079584775086"
"0x61b40b64aaad897185dc51d752c6b142acba7bff61f32b9335e8f5e5cccf28bd-429","28374337","1753787449","0x61b40b64aaad897185dc51d752c6b142acba7bff61f32b9335e8f5e5cccf28bd","0xddd77e91c222e36d4bd5ca8e78682a2172314197","0x0fba475e92cfef19f7dbada8ec2cce4ad7bbc0d9","0xb11a9d03f4a4b718574e9dd965024565d0bf4868","553633217993079584775086"
"0x61e1677772b8e7ea2d90ba72ded2594fedfa79d43b13c03173dd42a0edd68865-469","28371020","1753785440","0x61e1677772b8e7ea2d90ba72ded2594fedfa79d43b13c03173dd42a0edd68865","0xddd77e91c222e36d4bd5ca8e78682a2172314197","0x0fba475e92cfef19f7dbada8ec2cce4ad7bbc0d9","0x3e8f2c937f22de65615b16f5b220af14d0507639","553633217993079584775086"
"0x6227cf5ad553c763560d57046b5d837039c645266cfe4d6ee5cac1673f95eb31-153","28332610","1753762313","0x6227cf5ad553c763560d57046b5d837039c645266cfe4d6ee5cac1673f95eb31","0xddd77e91c222e36d4bd5ca8e78682a2172314197","0x0fba475e92cfef19f7dbada8ec2cce4ad7bbc0d9","0xe23900438e680666a88f28fd49c763c48dc411c0","553633217993079584775086"
"0x622948fda5afcea35b548499dd3bf66dfbaa955e3c72864607dc643a486b6338-179","28330116","1753760809","0x622948fda5afcea35b548499dd3bf66dfbaa955e3c72864607dc643a486b6338","0xddd77e91c222e36d4bd5ca8e78682a2172314197","0x0fba475e92cfef19f7dbada8ec2cce4ad7bbc0d9","0x2a670ef8fc052d5cc2d6d556974da7fbc66a9bdb","553633217993079584775086"
"0x624ab6b5ae2820ed77f3bace8ef6686188d0774a74da98ddb12dc4dfe64520b4-126","28377976","1753789651","0x624ab6b5ae2820ed77f3bace8ef6686188d0774a74da98ddb12dc4dfe64520b4","0xddd77e91c222e36d4bd5ca8e78682a2172314197","0x0fba475e92cfef19f7dbada8ec2cce4ad7bbc0d9","0x25344f73c7a0e73113e73412c335dcd848843341","553633217993079584775086"
"0x625e8508112f3ca680b48f19706f3dc2ffc280680abca463b3c207fd58b2e8b9-37","28357616","1753777358","0x625e8508112f3ca680b48f19706f3dc2ffc280680abca463b3c207fd58b2e8b9","0xddd77e91c222e36d4bd5ca8e78682a2172314197","0x0fba475e92cfef19f7dbada8ec2cce4ad7bbc0d9","0x72c992be59f6c6ae4abeb02cd23d6dd324e31467","553633217993079584775086"
"0x627d2a9026d01157c8c013913c8b1e2c7f7f164f4aaf9d85db76532de2dca22c-125","28341587","1753767705","0x627d2a9026d01157c8c013913c8b1e2c7f7f164f4aaf9d85db76532de2dca22c","0xddd77e91c222e36d4bd5ca8e78682a2172314197","0x0fba475e92cfef19f7dbada8ec2cce4ad7bbc0d9","0x016a173f26a639e5b203e6fc3168cc46b589f227","553633217993079584775086"
"0x62b3cade1aff10b3e4646aa7c0128d89e2bba44b915477164df1a3e9797cd188-12","28338796","1753766032","0x62b3cade1aff10b3e4646aa7c0128d89e2bba44b915477164df1a3e9797cd188","0xddd77e91c222e36d4bd5ca8e78682a2172314197","0x0fba475e92cfef19f7dbada8ec2cce4ad7bbc0d9","0x535c1b88d577aac7ace5db930e55d33055d1ea67","553633217993079584775086"
"0x62ce5b8d86817500886fbd79228ef08e340bd8579c1525a9984f91e17834030b-111","28345070","1753769827","0x62ce5b8d86817500886fbd79228ef08e340bd8579c1525a9984f91e17834030b","0xddd77e91c222e36d4bd5ca8e78682a2172314197","0x0fba475e92cfef19f7dbada8ec2cce4ad7bbc0d9","0x6887f1dd73b10f174eb5d240161ccd5442823920","553633217993079584775086"
"0x630a80bffbcfbb82d41fc355ff45fae58861d1f29c34a2bbdf941971d567fc49-17","28345389","1753770018","0x630a80bffbcfbb82d41fc355ff45fae58861d1f29c34a2bbdf941971d567fc49","0xddd77e91c222e36d4bd5ca8e78682a2172314197","0x0fba475e92cfef19f7dbada8ec2cce4ad7bbc0d9","0xa76420a75c85ef237a74682836c87811d9bc11b0","553633217993079584775086"
"0x63139853be661145c04c015f9f5d529f0425691764ac007dcb5fa6abf4477a3e-77","28337701","1753765385","0x63139853be661145c04c015f9f5d529f0425691764ac007dcb5fa6abf4477a3e","0xddd77e91c222e36d4bd5ca8e78682a2172314197","0x0fba475e92cfef19f7dbada8ec2cce4ad7bbc0d9","0xe999b5b1237b31df4de476c547f6c3a1c5b47a9d","553633217993079584775086"
"0x6319de7a7085ff6b89bb3b8a6588670e1fcb409349f0bd343a926b1627d7e5ec-26","28363536","1753780935","0x6319de7a7085ff6b89bb3b8a6588670e1fcb409349f0bd343a926b1627d7e5ec","0xddd77e91c222e36d4bd5ca8e78682a2172314197","0x0fba475e92cfef19f7dbada8ec2cce4ad7bbc0d9","0x6900b56cb7a300acf50d57e6c7bc1b8e832cceef","553633217993079584775086"
"0x6321491a4029149e2292f749ae73b4310378cb04b7f6414309231f5554f0ed14-50","28380557","1753791223","0x6321491a4029149e2292f749ae73b4310378cb04b7f6414309231f5554f0ed14","0xddd77e91c222e36d4bd5ca8e78682a2172314197","0x0fba475e92cfef19f7dbada8ec2cce4ad7bbc0d9","0xbb0d23ce0a080f89a20e370ce25361e9143bcd8e","553633217993079584775086"
"0x6322fc8984ca068b3562c2a60e28fb8caf1e404afc054cdc4b91ead39e45d8d3-65","28372643","1753786399","0x6322fc8984ca068b3562c2a60e28fb8caf1e404afc054cdc4b91ead39e45d8d3","0xddd77e91c222e36d4bd5ca8e78682a2172314197","0x0fba475e92cfef19f7dbada8ec2cce4ad7bbc0d9","0x519f7bc2448eb8fe6a9c92560a358b07761c7cee","553633217993079584775086"
"0x6339fa7783fd6e4a59343e03786805610f9846085cdd1ec44f5decbccd07adf7-216","28343907","1753769139","0x6339fa7783fd6e4a59343e03786805610f9846085cdd1ec44f5decbccd07adf7","0xddd77e91c222e36d4bd5ca8e78682a2172314197","0x0fba475e92cfef19f7dbada8ec2cce4ad7bbc0d9","0x66824f59e6bc68f7a7466c7ad41398bd77668579","553633217993079584775086"
"0x6372c09a323223762eaea9d0bd61e017b73f1345c69dbc6d65025263435d68bc-3","28358925","1753778159","0x6372c09a323223762eaea9d0bd61e017b73f1345c69dbc6d65025263435d68bc","0xddd77e91c222e36d4bd5ca8e78682a2172314197","0x0fba475e92cfef19f7dbada8ec2cce4ad7bbc0d9","0xca02395cf290b49ec644f869886f3859fc28c0ca","553633217993079584775086"
"0x637b99233dc1c2514caaacc78147abe3bc6f28dca189f0aef149ba301531dc9e-4","28374775","1753787724","0x637b99233dc1c2514caaacc78147abe3bc6f28dca189f0aef149ba301531dc9e","0xddd77e91c222e36d4bd5ca8e78682a2172314197","0x0fba475e92cfef19f7dbada8ec2cce4ad7bbc0d9","0xb5957fcbf8c9247f07a48e6f89b00ebed1b6159c","553633217993079584775086"
"0x638d2415990b779303ca6ce37857be595dfc3b5c36a2683375ed78bcc0826074-106","28345804","1753770273","0x638d2415990b779303ca6ce37857be595dfc3b5c36a2683375ed78bcc0826074","0xddd77e91c222e36d4bd5ca8e78682a2172314197","0x0fba475e92cfef19f7dbada8ec2cce4ad7bbc0d9","0x2e9bc99c9b0ee2a7e832c3fd8b400f05f8214112","553633217993079584775086"
"0x63ce5e070896bf2839d3ffefedfabb254bad61cc161e159b44977c1223eb37af-287","28345961","1753770361","0x63ce5e070896bf2839d3ffefedfabb254bad61cc161e159b44977c1223eb37af","0xddd77e91c222e36d4bd5ca8e78682a2172314197","0x0fba475e92cfef19f7dbada8ec2cce4ad7bbc0d9","0x27b554ea267cab1db845006b2139477aa401f747","553633217993079584775086"
"0x63d78556c2435cbf581310024b5a66b425177da9b1d294e2686b4fd583d02439-62","28355482","1753776065","0x63d78556c2435cbf581310024b5a66b425177da9b1d294e2686b4fd583d02439","0xddd77e91c222e36d4bd5ca8e78682a2172314197","0x0fba475e92cfef19f7dbada8ec2cce4ad7bbc0d9","0x4067b5f888b511f6f3df92e8d6abcb548de04ca6","553633217993079584775086"
"0x63f39904e42f431511acf53fd063c2ac12abd237912a95a0cfa9e0dff4c0c86e-255","28354328","1753775378","0x63f39904e42f431511acf53fd063c2ac12abd237912a95a0cfa9e0dff4c0c86e","0xddd77e91c222e36d4bd5ca8e78682a2172314197","0x0fba475e92cfef19f7dbada8ec2cce4ad7bbc0d9","0x8c684d0e5d6e505bdc85af098a3bb8c4f13f4b01","553633217993079584775086"
"0x6439fd5d059dc5d5b9bdc2d1280afa60079edda241cf2db96b5d047939c12331-40","28392755","1753798537","0x6439fd5d059dc5d5b9bdc2d1280afa60079edda241cf2db96b5d047939c12331","0xddd77e91c222e36d4bd5ca8e78682a2172314197","0x0fba475e92cfef19f7dbada8ec2cce4ad7bbc0d9","0xc892f78d3ded7774da40350b4a96578670f8c893","553633217993079584775086"
"0x643b9327a55b94a2ddce5cadb5db651a2e453e65612e8f5f881491f8b531c24f-96","28344318","1753769376","0x643b9327a55b94a2ddce5cadb5db651a2e453e65612e8f5f881491f8b531c24f","0xddd77e91c222e36d4bd5ca8e78682a2172314197","0x0fba475e92cfef19f7dbada8ec2cce4ad7bbc0d9","0x13513fc656bab781a2016a761f163a325846ce2a","553633217993079584775086"
"0x645375c7a2458729654d68c118a81eea9d6da40f6f105973f914332f53c12ba4-128","28404964","1753805954","0x645375c7a2458729654d68c118a81eea9d6da40f6f105973f914332f53c12ba4","0xddd77e91c222e36d4bd5ca8e78682a2172314197","0x0fba475e92cfef19f7dbada8ec2cce4ad7bbc0d9","0x8557199d83f21b8bc93853ff653ab11f82e34420","553633217993079584775086"
"0x645f4417f3c7a9deced082a97f5a53f7ff8c37cc8a407e67e59efa73684b26ab-86","28390585","1753797222","0x645f4417f3c7a9deced082a97f5a53f7ff8c37cc8a407e67e59efa73684b26ab","0xddd77e91c222e36d4bd5ca8e78682a2172314197","0x0fba475e92cfef19f7dbada8ec2cce4ad7bbc0d9","0x495200e805165747f8eb49f0aa47c4ae3257887a","553633217993079584775086"
"0x6476c61b8e225c67a33446aea31554170e5c14246e4b50b393fd5bd6d61fc8ad-178","28343336","1753768769","0x6476c61b8e225c67a33446aea31554170e5c14246e4b50b393fd5bd6d61fc8ad","0xddd77e91c222e36d4bd5ca8e78682a2172314197","0x0fba475e92cfef19f7dbada8ec2cce4ad7bbc0d9","0xec96d194ec0663a6a41234854008d566e4fb3c4e","553633217993079584775086"
"0x6483013a91fd81997ba1a2f72c164cb1def89e1dd94102e6549187da87c1ff80-38","28330885","1753761296","0x6483013a91fd81997ba1a2f72c164cb1def89e1dd94102e6549187da87c1ff80","0xddd77e91c222e36d4bd5ca8e78682a2172314197","0x0fba475e92cfef19f7dbada8ec2cce4ad7bbc0d9","0x21896df39d96e76b5d3db8cb931efee768ee0855","553633217993079584775086"
"0x64ab68fa45c46ef71d2503327d747766b246195eb4d4941eb44be5484446d0a1-115","28340777","1753767226","0x64ab68fa45c46ef71d2503327d747766b246195eb4d4941eb44be5484446d0a1","0xddd77e91c222e36d4bd5ca8e78682a2172314197","0x0fba475e92cfef19f7dbada8ec2cce4ad7bbc0d9","0x8094131eb35ac860e75a3c6edd485201c5de67b0","553633217993079584775086"
"0x64c603fe4e964d200692aba2d2a3e1ddd2f6b3eb0644b0cd90804f54e100184b-762","28381732","1753791930","0x64c603fe4e964d200692aba2d2a3e1ddd2f6b3eb0644b0cd90804f54e100184b","0xddd77e91c222e36d4bd5ca8e78682a2172314197","0x0fba475e92cfef19f7dbada8ec2cce4ad7bbc0d9","0x6d32f269b2cd8c01d20aec11ddeeb7494cc9779a","553633217993079584775086"
"0x64ca05e09316598c0968640992423018e16f36f700d9d5d3226a5d1eb701cc3a-92","28355480","1753776064","0x64ca05e09316598c0968640992423018e16f36f700d9d5d3226a5d1eb701cc3a","0xddd77e91c222e36d4bd5ca8e78682a2172314197","0x0fba475e92cfef19f7dbada8ec2cce4ad7bbc0d9","0x7d3bc0046fc5f892e5d885db42a7e3af39616cda","553633217993079584775086"
"0x64da9df5d145ce8ba3c748ae2498a7759b1832616f5031e79572f4313be4ece2-86","28395215","1753800032","0x64da9df5d145ce8ba3c748ae2498a7759b1832616f5031e79572f4313be4ece2","0xddd77e91c222e36d4bd5ca8e78682a2172314197","0x0fba475e92cfef19f7dbada8ec2cce4ad7bbc0d9","0x7922598ffc4c0c6afe1b12bc93349d11150e57d6","553633217993079584775086"
"0x64e65c6ce9ecb354648180ad57b5f20f0a3c84b1d45b6373818fab513f99c934-62","28331587","1753761714","0x64e65c6ce9ecb354648180ad57b5f20f0a3c84b1d45b6373818fab513f99c934","0xddd77e91c222e36d4bd5ca8e78682a2172314197","0x0fba475e92cfef19f7dbada8ec2cce4ad7bbc0d9","0xfe576d13abea62989aa0ab7306c6a578aec45ff8","553633217993079584775086"
"0x64fa11b1ce33deef418b8fe313d180ff6c1128babfd0d652466b7ac9feb79b2f-21","28130472","1753641021","0x64fa11b1ce33deef418b8fe313d180ff6c1128babfd0d652466b7ac9feb79b2f","0xddd77e91c222e36d4bd5ca8e78682a2172314197","0x0fba475e92cfef19f7dbada8ec2cce4ad7bbc0d9","0x2a47b25f4403fdde1f64c1e72cc0c7731e9d2454","553633217993079584775086"
"0x64fb44e959dd5ad9e147dd4e416ab061fb87b61dfef1dcdab19d345d16839332-105","28375589","1753788223","0x64fb44e959dd5ad9e147dd4e416ab061fb87b61dfef1dcdab19d345d16839332","0xddd77e91c222e36d4bd5ca8e78682a2172314197","0x0fba475e92cfef19f7dbada8ec2cce4ad7bbc0d9","0xfcd9c40d042e9f7113c6b3a347bd6ef009bf1848","553633217993079584775086"
"0x64ff5638fe3fec5f9de0b8b7f7dc7a9ade5da9d60fe53bcc4837fb7588f383c4-351","28335680","1753764176","0x64ff5638fe3fec5f9de0b8b7f7dc7a9ade5da9d60fe53bcc4837fb7588f383c4","0xddd77e91c222e36d4bd5ca8e78682a2172314197","0x0fba475e92cfef19f7dbada8ec2cce4ad7bbc0d9","0x12f5d5e0f9df6b6c1e8ba40b35fe766b6a5faed9","553633217993079584775086"
"0x650538b15dd7b3f3856896c6ef9b33eb3113c89b7bfe9d4935c4d58a589c9f40-122","28369436","1753784502","0x650538b15dd7b3f3856896c6ef9b33eb3113c89b7bfe9d4935c4d58a589c9f40","0xddd77e91c222e36d4bd5ca8e78682a2172314197","0x0fba475e92cfef19f7dbada8ec2cce4ad7bbc0d9","0xa1213c9bedeee8f7100328482c0e3dbe6b163609","553633217993079584775086"
"0x651444bad0cac03c5ae87acacaf85402f3d4e13028c5456ab131ba3b410f004c-35","28362402","1753780248","0x651444bad0cac03c5ae87acacaf85402f3d4e13028c5456ab131ba3b410f004c","0xddd77e91c222e36d4bd5ca8e78682a2172314197","0x0fba475e92cfef19f7dbada8ec2cce4ad7bbc0d9","0x0ee3f2b9ac879c8715f62058d7a8d917a5fbb129","553633217993079584775086"
"0x6519376897b310e07e8f3c5daa90c31f22d64f5c2376b1290974b9a40601c58f-1507","28366420","1753782680","0x6519376897b310e07e8f3c5daa90c31f22d64f5c2376b1290974b9a40601c58f","0xddd77e91c222e36d4bd5ca8e78682a2172314197","0x0fba475e92cfef19f7dbada8ec2cce4ad7bbc0d9","0x8fa051005bc6b3a77c52b34c767f91f4c0af0d06","553633217993079584775086"
"0x6536507f56a6d585c8f852ea7bc1edc34a7ece5cd8e1eca26316d960d7bd83b3-3","28398463","1753801990","0x6536507f56a6d585c8f852ea7bc1edc34a7ece5cd8e1eca26316d960d7bd83b3","0xddd77e91c222e36d4bd5ca8e78682a2172314197","0x0fba475e92cfef19f7dbada8ec2cce4ad7bbc0d9","0xc010cc77a23036efae24a4a257b5ec2393dc736d","553633217993079584775086"
"0x658257ef878e2f6188541acd2eb27f8e9341fa322d6a54c3f3741bec88cb44b8-163","28364263","1753781380","0x658257ef878e2f6188541acd2eb27f8e9341fa322d6a54c3f3741bec88cb44b8","0xddd77e91c222e36d4bd5ca8e78682a2172314197","0x0fba475e92cfef19f7dbada8ec2cce4ad7bbc0d9","0x118dc9fa5f57775ce8fb2607b6ec7b8f3b7fc385","553633217993079584775086"
"0x658391a7fd2674dabfac8d0cb64062ff3cdf1265291e1a41e4fd4e0da4ece2cd-321","28331881","1753761887","0x658391a7fd2674dabfac8d0cb64062ff3cdf1265291e1a41e4fd4e0da4ece2cd","0xddd77e91c222e36d4bd5ca8e78682a2172314197","0x0fba475e92cfef19f7dbada8ec2cce4ad7bbc0d9","0xc564f8c1d23f94e5cc7b3ded992f7600e444fe30","553633217993079584775086"
"0x65a1df77c5feb6696cf0704107f75efa6cd16d6a3eef9bdfc0983efa20fd3362-230","28377089","1753789122","0x65a1df77c5feb6696cf0704107f75efa6cd16d6a3eef9bdfc0983efa20fd3362","0xddd77e91c222e36d4bd5ca8e78682a2172314197","0x0fba475e92cfef19f7dbada8ec2cce4ad7bbc0d9","0x75ca4d90c459a712c016582527acbb566de6b79d","553633217993079584775086"
"0x65c4302330a5f0127e67202346fee4a472cb1af85a7eedaa7b40173357289257-39","28362402","1753780248","0x65c4302330a5f0127e67202346fee4a472cb1af85a7eedaa7b40173357289257","0xddd77e91c222e36d4bd5ca8e78682a2172314197","0x0fba475e92cfef19f7dbada8ec2cce4ad7bbc0d9","0x223ece1a1b88c905738d16594bf9b19ddbfe0286","553633217993079584775086"
"0x65fdf5fb185ed3ca1be60f7094f15a63febca31251387e37071379337a865c55-4","28373029","1753786651","0x65fdf5fb185ed3ca1be60f7094f15a63febca31251387e37071379337a865c55","0xddd77e91c222e36d4bd5ca8e78682a2172314197","0x0fba475e92cfef19f7dbada8ec2cce4ad7bbc0d9","0x1e77a5623da4203a569bebe51a2e7835a66ba123","553633217993079584775086"
"0x66398109478f53e65357a5d075ed8bfd302831698599757086ae6d99349735be-123","28334700","1753763590","0x66398109478f53e65357a5d075ed8bfd302831698599757086ae6d99349735be","0xddd77e91c222e36d4bd5ca8e78682a2172314197","0x0fba475e92cfef19f7dbada8ec2cce4ad7bbc0d9","0x21f73f625a4d829f0bbd0b982da564b60db980dd","553633217993079584775086"
"0x663a0d0d0c59ece1724bebd392152dabde932b4bb79e420db401aba5e71133fd-179","28352819","1753774474","0x663a0d0d0c59ece1724bebd392152dabde932b4bb79e420db401aba5e71133fd","0xddd77e91c222e36d4bd5ca8e78682a2172314197","0x0fba475e92cfef19f7dbada8ec2cce4ad7bbc0d9","0xf2de73758bf2264741fa753c9a63a922f0b77674","553633217993079584775086"
"0x663e4718c4f61a44fc5ff193f04a3d02e877d02ab158d8f1d05d90fec2580b71-116","28349338","1753772382","0x663e4718c4f61a44fc5ff193f04a3d02e877d02ab158d8f1d05d90fec2580b71","0xddd77e91c222e36d4bd5ca8e78682a2172314197","0x0fba475e92cfef19f7dbada8ec2cce4ad7bbc0d9","0x254d8a898a9229955bcd0a8976f8cb82059095f9","553633217993079584775086"
"0x6642c086642148552090aa434809538e7a2f0a6f72dcc469a720a749616fab6e-9","28391122","1753797562","0x6642c086642148552090aa434809538e7a2f0a6f72dcc469a720a749616fab6e","0xddd77e91c222e36d4bd5ca8e78682a2172314197","0x0fba475e92cfef19f7dbada8ec2cce4ad7bbc0d9","0x0b34ece03c78da9dfffbea1b6a0fc5a216e9461f","553633217993079584775086"
"0x664facb90573286c0b18869ce8ff2bd2df8ed3a812c138c4528e1f183ed18094-141","28346069","1753770420","0x664facb90573286c0b18869ce8ff2bd2df8ed3a812c138c4528e1f183ed18094","0xddd77e91c222e36d4bd5ca8e78682a2172314197","0x0fba475e92cfef19f7dbada8ec2cce4ad7bbc0d9","0x26d1d5cc5f24fa9417c4c0bb94de16accfe83547","553633217993079584775086"
"0x667418ca062b46382a61ab9b4e8569903718af702905981645fb5dd7cc62d285-132","28351522","1753773702","0x667418ca062b46382a61ab9b4e8569903718af702905981645fb5dd7cc62d285","0xddd77e91c222e36d4bd5ca8e78682a2172314197","0x0fba475e92cfef19f7dbada8ec2cce4ad7bbc0d9","0x85a208a78975de6ce49fc3a26cb22b3f3876b5e6","553633217993079584775086"
"0x6674d1cf827651f10c2c0193eb028b291c1db479dbe34826b54099e894e1d998-221","28358381","1753777818","0x6674d1cf827651f10c2c0193eb028b291c1db479dbe34826b54099e894e1d998","0xddd77e91c222e36d4bd5ca8e78682a2172314197","0x0fba475e92cfef19f7dbada8ec2cce4ad7bbc0d9","0xfb70141988148f274df2ecb55007af17ccab23b2","553633217993079584775086"
"0x66846b68276598e6e91694842debd9684d1daa0633fe71e8b931e52718c019e7-82","28339158","1753766270","0x66846b68276598e6e91694842debd9684d1daa0633fe71e8b931e52718c019e7","0xddd77e91c222e36d4bd5ca8e78682a2172314197","0x0fba475e92cfef19f7dbada8ec2cce4ad7bbc0d9","0xaba41a1e41f9f821785474f072dbd63cf2f74eae","553633217993079584775086"
"0x668e4f3ef388781f46fb7bb43dfadfa1b744397bb46ad25af57f3cd3b27bf601-38","28343056","1753768584","0x668e4f3ef388781f46fb7bb43dfadfa1b744397bb46ad25af57f3cd3b27bf601","0xddd77e91c222e36d4bd5ca8e78682a2172314197","0x0fba475e92cfef19f7dbada8ec2cce4ad7bbc0d9","0x0292e92ff8a87f1a841da0f575808f6c741da00a","553633217993079584775086"
"0x66c9da978fb1b2553ebe1b959343ddf29097446286f4798788e8df39d7e74684-825","28377949","1753789638","0x66c9da978fb1b2553ebe1b959343ddf29097446286f4798788e8df39d7e74684","0xddd77e91c222e36d4bd5ca8e78682a2172314197","0x0fba475e92cfef19f7dbada8ec2cce4ad7bbc0d9","0x7de3dde7ae31c5e46490951b81bd74f9aae31d9d","553633217993079584775086"
"0x66d4a91e388449ee35b20c9c40ffa29700b4537e855cf248288c144abcec7bf1-112","28339263","1753766346","0x66d4a91e388449ee35b20c9c40ffa29700b4537e855cf248288c144abcec7bf1","0xddd77e91c222e36d4bd5ca8e78682a2172314197","0x0fba475e92cfef19f7dbada8ec2cce4ad7bbc0d9","0xd97f94a437df376ffc1867dd6e85efbadba26c2d","553633217993079584775086"
"0x66d5084f23c188f07fb425e8f7e8058df9e3f075b5f753ffffc94829f034442b-504","28373655","1753787024","0x66d5084f23c188f07fb425e8f7e8058df9e3f075b5f753ffffc94829f034442b","0xddd77e91c222e36d4bd5ca8e78682a2172314197","0x0fba475e92cfef19f7dbada8ec2cce4ad7bbc0d9","0x74c59f2bcced67062fe4861f85112cbc0b140a08","553633217993079584775086"
"0x66e1a6e5e050931376727bf1b6f0660564a03c4b8234decc4b83ad08597e7ec3-144","28348637","1753771988","0x66e1a6e5e050931376727bf1b6f0660564a03c4b8234decc4b83ad08597e7ec3","0xddd77e91c222e36d4bd5ca8e78682a2172314197","0x0fba475e92cfef19f7dbada8ec2cce4ad7bbc0d9","0xd01a7a028af963ea66665fcc7cdd92dd2668f8d8","553633217993079584775086"
"0x66ff4309a3d5a52fe8abba3b21663f4e12cd4d152f859fe628ba1da8fd85512a-123","28383256","1753792866","0x66ff4309a3d5a52fe8abba3b21663f4e12cd4d152f859fe628ba1da8fd85512a","0xddd77e91c222e36d4bd5ca8e78682a2172314197","0x0fba475e92cfef19f7dbada8ec2cce4ad7bbc0d9","0x08c6cff9ba85ed9fef397b6e86c2a02f56ce4812","553633217993079584775086"
"0x6708f9c44adf831576db8a6da01ff765f6ee7461b69a6c5344b9071f1db72198-126","28365419","1753782048","0x6708f9c44adf831576db8a6da01ff765f6ee7461b69a6c5344b9071f1db72198","0xddd77e91c222e36d4bd5ca8e78682a2172314197","0x0fba475e92cfef19f7dbada8ec2cce4ad7bbc0d9","0x5915cb68d579405f4ef1173b88c1658a12cb8fef","553633217993079584775086"
"0x671592b49d1dc263adacdaf49d9d8b63b9a49e3f8ec6013cab67f7c9ec0339ca-43","28363491","1753780903","0x671592b49d1dc263adacdaf49d9d8b63b9a49e3f8ec6013cab67f7c9ec0339ca","0xddd77e91c222e36d4bd5ca8e78682a2172314197","0x0fba475e92cfef19f7dbada8ec2cce4ad7bbc0d9","0x56c9c3f283536aadbcc1ed89958416e1ba7f2a6f","553633217993079584775086"
"0x6740275225bc375ef9eae5c8c44180696c4554e2a2879fa2cdf9c4be1dbc1da9-129","28389599","1753796623","0x6740275225bc375ef9eae5c8c44180696c4554e2a2879fa2cdf9c4be1dbc1da9","0xddd77e91c222e36d4bd5ca8e78682a2172314197","0x0fba475e92cfef19f7dbada8ec2cce4ad7bbc0d9","0x23b557c50b33c55a53b3cd2e18bb3caad3bdea1e","553633217993079584775086"
"0x6757153a8746034078419cb5d2b862875d77d3a98bc5c0833174c5046e512ba3-463","28344257","1753769346","0x6757153a8746034078419cb5d2b862875d77d3a98bc5c0833174c5046e512ba3","0xddd77e91c222e36d4bd5ca8e78682a2172314197","0x0fba475e92cfef19f7dbada8ec2cce4ad7bbc0d9","0x9bd53ffd4b2023c18ceb87bd0579b1bbe7f6963b","553633217993079584775086"
"0x675de3591a588745ef6862939eebc88270544ac969ca2bb3addf36605147c695-128","28353699","1753775004","0x675de3591a588745ef6862939eebc88270544ac969ca2bb3addf36605147c695","0xddd77e91c222e36d4bd5ca8e78682a2172314197","0x0fba475e92cfef19f7dbada8ec2cce4ad7bbc0d9","0x1b0b8422abb578e110d07aeba7180039df6a5f71","553633217993079584775086"
"0x6779ee400452f09c1e710be37762fb4567237a1fb64f27f099ac76845f21a2d0-480","28394996","1753799900","0x6779ee400452f09c1e710be37762fb4567237a1fb64f27f099ac76845f21a2d0","0xddd77e91c222e36d4bd5ca8e78682a2172314197","0x0fba475e92cfef19f7dbada8ec2cce4ad7bbc0d9","0xf9e274e5ef198394a7320db5892d6e05e7f57a45","553633217993079584775086"
"0x678171e31e9ccc7fa511d76d4092259509c0a3d2b9c0f8236f517920030d93cd-128","28402828","1753804681","0x678171e31e9ccc7fa511d76d4092259509c0a3d2b9c0f8236f517920030d93cd","0xddd77e91c222e36d4bd5ca8e78682a2172314197","0x0fba475e92cfef19f7dbada8ec2cce4ad7bbc0d9","0xbc1c34f56f8b6ac0ba0d2ce4548e97f39c460f33","553633217993079584775086"
"0x678359b61be9be42b598cee37d8a9739f451217e1027779d42e90acd3c429074-3","28364796","1753781691","0x678359b61be9be42b598cee37d8a9739f451217e1027779d42e90acd3c429074","0xddd77e91c222e36d4bd5ca8e78682a2172314197","0x0fba475e92cfef19f7dbada8ec2cce4ad7bbc0d9","0xb7a874cd0c63ebd637363ac99126e2ebc345d8fc","553633217993079584775086"
"0x67b32e578e551ca17c75f877ca4936d72510a11a703dcbbd4dcf09d82f80e355-47","28360721","1753779246","0x67b32e578e551ca17c75f877ca4936d72510a11a703dcbbd4dcf09d82f80e355","0xddd77e91c222e36d4bd5ca8e78682a2172314197","0x0fba475e92cfef19f7dbada8ec2cce4ad7bbc0d9","0xf3c654a4ea8f8488b6796b4c4a7fd388965af3e0","553633217993079584775086"
"0x67b9a09e7599689eec9c678b8345d5be05d2db3b14243ab2310741ef9298c654-145","28353723","1753775016","0x67b9a09e7599689eec9c678b8345d5be05d2db3b14243ab2310741ef9298c654","0xddd77e91c222e36d4bd5ca8e78682a2172314197","0x0fba475e92cfef19f7dbada8ec2cce4ad7bbc0d9","0x508703228fed40169c55b965f77e269fc7391f32","553633217993079584775086"
"0x67e586f102c7817939d889af4a685977148ec15c74f0718f3d52625b18588528-115","28348453","1753771884","0x67e586f102c7817939d889af4a685977148ec15c74f0718f3d52625b18588528","0xddd77e91c222e36d4bd5ca8e78682a2172314197","0x0fba475e92cfef19f7dbada8ec2cce4ad7bbc0d9","0x19b338b1654f778443c27ef689ab5cde5978edae","553633217993079584775086"
"0x681c66d01c35f943ecde6840066d4fb7597c89671dd67bc643249156e6c6fea3-96","28370411","1753785067","0x681c66d01c35f943ecde6840066d4fb7597c89671dd67bc643249156e6c6fea3","0xddd77e91c222e36d4bd5ca8e78682a2172314197","0x0fba475e92cfef19f7dbada8ec2cce4ad7bbc0d9","0xc29dc3aa20cb27679bbc13cf0fe823d015a6fa7f","553633217993079584775086"
"0x682c1b9f8c4b39bb201e7ed8825f46763fcf729c6792b87bdb1818f4dc275ae1-195","28394481","1753799608","0x682c1b9f8c4b39bb201e7ed8825f46763fcf729c6792b87bdb1818f4dc275ae1","0xddd77e91c222e36d4bd5ca8e78682a2172314197","0x0fba475e92cfef19f7dbada8ec2cce4ad7bbc0d9","0x10c6d2e2aaac0d4878bd94009f49e647721106d5","553633217993079584775086"
"0x683022e2582c7c710a8f27ac936317b901559304270841887f134ca0ffb71453-42","28335247","1753763920","0x683022e2582c7c710a8f27ac936317b901559304270841887f134ca0ffb71453","0xddd77e91c222e36d4bd5ca8e78682a2172314197","0x0fba475e92cfef19f7dbada8ec2cce4ad7bbc0d9","0xaa2e7d451ce073cdb76004e7591205a72786b841","553633217993079584775086"
"0x683f7a53def53010f23510b2d948e3ddc0db8a1c96f68688f6cc1a27fc5a11d1-25","28333709","1753762957","0x683f7a53def53010f23510b2d948e3ddc0db8a1c96f68688f6cc1a27fc5a11d1","0xddd77e91c222e36d4bd5ca8e78682a2172314197","0x0fba475e92cfef19f7dbada8ec2cce4ad7bbc0d9","0xcbb05789bf46be18ff1c2918611a9d3628eb7470","553633217993079584775086"
"0x685ff80c6b1837138f917ec3b673f07229cd42d389684b6efab758b76469b0d8-186","28393441","1753798961","0x685ff80c6b1837138f917ec3b673f07229cd42d389684b6efab758b76469b0d8","0xddd77e91c222e36d4bd5ca8e78682a2172314197","0x0fba475e92cfef19f7dbada8ec2cce4ad7bbc0d9","0xbb2466663851155520a2186d18f0de4316aec679","553633217993079584775086"
"0x68b6ce010abca53089efb55836234f974805bac4f32bee938585dff2871f1fc6-144","28370889","1753785362","0x68b6ce010abca53089efb55836234f974805bac4f32bee938585dff2871f1fc6","0xddd77e91c222e36d4bd5ca8e78682a2172314197","0x0fba475e92cfef19f7dbada8ec2cce4ad7bbc0d9","0x3dfcadf3439172d866315bbb81b79c3f65982a3d","553633217993079584775086"
"0x68d8ec56f1e82f04b4c5932d334f42f5125227c71c8bc80a3b62029f78d4ba55-113","28346789","1753770863","0x68d8ec56f1e82f04b4c5932d334f42f5125227c71c8bc80a3b62029f78d4ba55","0xddd77e91c222e36d4bd5ca8e78682a2172314197","0x0fba475e92cfef19f7dbada8ec2cce4ad7bbc0d9","0x436265646e072bf291899c892fca0d9e82c3b665","553633217993079584775086"
"0x68df1985e29916dedbfe50c92ed569ba213deaccaa788fc69a6428f515298353-62","28334951","1753763745","0x68df1985e29916dedbfe50c92ed569ba213deaccaa788fc69a6428f515298353","0xddd77e91c222e36d4bd5ca8e78682a2172314197","0x0fba475e92cfef19f7dbada8ec2cce4ad7bbc0d9","0x0c652a9a034c5c03952d74f40b94569ba33c0be8","553633217993079584775086"
"0x68efe7326596d1112962a9a55d105b7821f2c5af69fe3a91e606c95e3fb6b116-66","28346132","1753770460","0x68efe7326596d1112962a9a55d105b7821f2c5af69fe3a91e606c95e3fb6b116","0xddd77e91c222e36d4bd5ca8e78682a2172314197","0x0fba475e92cfef19f7dbada8ec2cce4ad7bbc0d9","0x8a258ff8d4e03561d342cd4b7f352c5a08321865","553633217993079584775086"
"0x68f8bd31fcb873c6c1590ebdbdeb7e20dc8b2ede37bc834d00da98c0f6153a96-46","28384325","1753793499","0x68f8bd31fcb873c6c1590ebdbdeb7e20dc8b2ede37bc834d00da98c0f6153a96","0xddd77e91c222e36d4bd5ca8e78682a2172314197","0x0fba475e92cfef19f7dbada8ec2cce4ad7bbc0d9","0xf6cae8d2fafe0672d5aa3ca4e79302b0c493d7ae","553633217993079584775086"
"0x69055de5cf22605a8ccd86428aaa023934c7581318787676fc7e2206964e904f-16","28337770","1753765422","0x69055de5cf22605a8ccd86428aaa023934c7581318787676fc7e2206964e904f","0xddd77e91c222e36d4bd5ca8e78682a2172314197","0x0fba475e92cfef19f7dbada8ec2cce4ad7bbc0d9","0x7f92b7eee6004ba83d0baadb953659c35656ec98","553633217993079584775086"
"0x69156720106971fb9d899730392385c77f1f574a77d95f4dc129311f230ba49e-130","28380838","1753791401","0x69156720106971fb9d899730392385c77f1f574a77d95f4dc129311f230ba49e","0xddd77e91c222e36d4bd5ca8e78682a2172314197","0x0fba475e92cfef19f7dbada8ec2cce4ad7bbc0d9","0x1a8e62ffff39dd40722dc72f42318ff4811cb637","553633217993079584775086"
"0x69a7f066730d0b8ba17519a589495248886f492cdd0898be8c6f8b176aa519b4-13","28375747","1753788318","0x69a7f066730d0b8ba17519a589495248886f492cdd0898be8c6f8b176aa519b4","0xddd77e91c222e36d4bd5ca8e78682a2172314197","0x0fba475e92cfef19f7dbada8ec2cce4ad7bbc0d9","0xe8a8f5d71f8a8cc14b2c8138ad0f2d45c7777777","553633217993079584775086"
"0x6a0ae092fe7305321e29dd559aac1c27d25a631545c6ebe93871d2956dbc98d3-75","28137151","1753645038","0x6a0ae092fe7305321e29dd559aac1c27d25a631545c6ebe93871d2956dbc98d3","0xddd77e91c222e36d4bd5ca8e78682a2172314197","0x0fba475e92cfef19f7dbada8ec2cce4ad7bbc0d9","0x69906da099fad2fc1129cc034119d474d5a43a14","553633217993079584775086"
"0x6a21902beea2492ed7e4cb73ee588f0d283ec116df01f9b3a7e7cc6eb3c7feeb-141","28375539","1753788186","0x6a21902beea2492ed7e4cb73ee588f0d283ec116df01f9b3a7e7cc6eb3c7feeb","0xddd77e91c222e36d4bd5ca8e78682a2172314197","0x0fba475e92cfef19f7dbada8ec2cce4ad7bbc0d9","0xef3788a336544113b197c4c0b2589e716133abb6","553633217993079584775086"
"0x6a6c674d856fedf1963a893afefda5b9da71ceea2a370bdda1f84ee50f6425d5-136","28351629","1753773767","0x6a6c674d856fedf1963a893afefda5b9da71ceea2a370bdda1f84ee50f6425d5","0xddd77e91c222e36d4bd5ca8e78682a2172314197","0x0fba475e92cfef19f7dbada8ec2cce4ad7bbc0d9","0x242e1862f438ac3d44ac06e2457517ac6d3ca9ef","553633217993079584775086"
"0x6a72038eee4b37b225aa911a99accc51690321cb7f1d95ab4d777a1790ef8422-85","28351458","1753773661","0x6a72038eee4b37b225aa911a99accc51690321cb7f1d95ab4d777a1790ef8422","0xddd77e91c222e36d4bd5ca8e78682a2172314197","0x0fba475e92cfef19f7dbada8ec2cce4ad7bbc0d9","0x41d5e53daa30941c4d72b31bf8e96d7f6de14b82","553633217993079584775086"
"0x6a942fce177a74ab2fcb1903a17aa6214060be2de1cac68666d1d36716ab50f5-4","28376318","1753788640","0x6a942fce177a74ab2fcb1903a17aa6214060be2de1cac68666d1d36716ab50f5","0xddd77e91c222e36d4bd5ca8e78682a2172314197","0x0fba475e92cfef19f7dbada8ec2cce4ad7bbc0d9","0xc37edf6b6e914427bfb4b30f064461c8b408a5a9","553633217993079584775086"
"0x6ac3d6e4576d63f51821ee01a0dcd745d95adc6b4fc2414313cbdbad155c4376-72","28134421","1753643414","0x6ac3d6e4576d63f51821ee01a0dcd745d95adc6b4fc2414313cbdbad155c4376","0xddd77e91c222e36d4bd5ca8e78682a2172314197","0x0fba475e92cfef19f7dbada8ec2cce4ad7bbc0d9","0x9f7f5762e73a79fe3da828436db53f32aef59193","553633217993079584775086"
"0x6ad11dee062c7314dff7a9d8aec792215c57672c6316998b60f690471d6cfe3d-73","28334749","1753763623","0x6ad11dee062c7314dff7a9d8aec792215c57672c6316998b60f690471d6cfe3d","0xddd77e91c222e36d4bd5ca8e78682a2172314197","0x0fba475e92cfef19f7dbada8ec2cce4ad7bbc0d9","0x660d08080b6583370f8fadf674b1b73ba4a52bc3","553633217993079584775086"
"0x6ad1a59c2eed261920279215c14d6d62270ecef895a29fe7a6fe3e7ce41a0bd0-554","28137422","1753645199","0x6ad1a59c2eed261920279215c14d6d62270ecef895a29fe7a6fe3e7ce41a0bd0","0xddd77e91c222e36d4bd5ca8e78682a2172314197","0x0fba475e92cfef19f7dbada8ec2cce4ad7bbc0d9","0x4aabfc3d5dcc13ab1d0c6588a2a3d8ea4c414262","553633217993079584775086"
"0x6ae249d05093309e6e02cdd797427dca3f48dd518c8d6326bf4c4a6f362ed9be-18","28400221","1753803089","0x6ae249d05093309e6e02cdd797427dca3f48dd518c8d6326bf4c4a6f362ed9be","0xddd77e91c222e36d4bd5ca8e78682a2172314197","0x0fba475e92cfef19f7dbada8ec2cce4ad7bbc0d9","0x7f662926967a35ad425cc5e38cb8df7b863fb9b9","553633217993079584775086"
"0x6b2a2acdef7bf29b52c82208077bf2622ca92dd3724e6be10df29aabe8a8a3ee-73","28396713","1753800932","0x6b2a2acdef7bf29b52c82208077bf2622ca92dd3724e6be10df29aabe8a8a3ee","0xddd77e91c222e36d4bd5ca8e78682a2172314197","0x0fba475e92cfef19f7dbada8ec2cce4ad7bbc0d9","0xff920b0402ce7242e4912cf18f72913b9dee708b","553633217993079584775086"
"0x6b2a698e798acfff7f27c69f4fc412d16285b94dee2c5f7c5d4f42636afdb7c8-92","28335330","1753763972","0x6b2a698e798acfff7f27c69f4fc412d16285b94dee2c5f7c5d4f42636afdb7c8","0xddd77e91c222e36d4bd5ca8e78682a2172314197","0x0fba475e92cfef19f7dbada8ec2cce4ad7bbc0d9","0xa6059aaf16afb8cf4526f255bbec7032c1af50a1","553633217993079584775086"
"0x6b9ed3de3763b0aad4a8bac2d65b1eab2b4d411a356f64156cfa49f7a42eac9d-118","28370393","1753785058","0x6b9ed3de3763b0aad4a8bac2d65b1eab2b4d411a356f64156cfa49f7a42eac9d","0xddd77e91c222e36d4bd5ca8e78682a2172314197","0x0fba475e92cfef19f7dbada8ec2cce4ad7bbc0d9","0x3d0de3a76cd9f856664dc5a3adfd4056e45da9ed","553633217993079584775086"
"0x6b9f15e205c8dfce041c657c306464584ab745a0455a51db3bc0b99475ec7b7a-74","28137859","1753645480","0x6b9f15e205c8dfce041c657c306464584ab745a0455a51db3bc0b99475ec7b7a","0xddd77e91c222e36d4bd5ca8e78682a2172314197","0x0fba475e92cfef19f7dbada8ec2cce4ad7bbc0d9","0xc6a8e3aabfe721e46db220f725f28bf43b1826b1","553633217993079584775086"
"0x6bb14a16a0a80a9f7de7fdf45355e79e1a8dfb6e4ac9f7bafbbd14c909fc1c25-129","28404441","1753805648","0x6bb14a16a0a80a9f7de7fdf45355e79e1a8dfb6e4ac9f7bafbbd14c909fc1c25","0xddd77e91c222e36d4bd5ca8e78682a2172314197","0x0fba475e92cfef19f7dbada8ec2cce4ad7bbc0d9","0xde1a307bdcf668ac26868c59d061f54362d2ccb7","553633217993079584775086"
"0x6bb3a50a7710687c517acdb6f9d6204fe97d52408fbeede10a9aba3c3cd3120d-87","28345999","1753770380","0x6bb3a50a7710687c517acdb6f9d6204fe97d52408fbeede10a9aba3c3cd3120d","0xddd77e91c222e36d4bd5ca8e78682a2172314197","0x0fba475e92cfef19f7dbada8ec2cce4ad7bbc0d9","0xadf5f1a3554cab72c570164dfbee02df918c33a7","553633217993079584775086"
"0x6be73b89e095cb36e2f7be118fc871826dd2ae0f8feceec2e47e1e2c513ee1e5-49","28380887","1753791426","0x6be73b89e095cb36e2f7be118fc871826dd2ae0f8feceec2e47e1e2c513ee1e5","0xddd77e91c222e36d4bd5ca8e78682a2172314197","0x0fba475e92cfef19f7dbada8ec2cce4ad7bbc0d9","0x86ac0f9a16334a0c10bf6910f2df469d6eb02b23","553633217993079584775086"
"0x6bf1e5135139babf34fd59b1413425cda407bbc5eaf5ca127183f2826d335e2c-76","28357595","1753777348","0x6bf1e5135139babf34fd59b1413425cda407bbc5eaf5ca127183f2826d335e2c","0xddd77e91c222e36d4bd5ca8e78682a2172314197","0x0fba475e92cfef19f7dbada8ec2cce4ad7bbc0d9","0x9ba23f663e3abc34e5ecf316a5f22863a3270e69","553633217993079584775086"
"0x6c00c39cd61ca0028a6f090e249269b93d7676d05828e1a50e773541091cc0f6-82","28394876","1753799832","0x6c00c39cd61ca0028a6f090e249269b93d7676d05828e1a50e773541091cc0f6","0xddd77e91c222e36d4bd5ca8e78682a2172314197","0x0fba475e92cfef19f7dbada8ec2cce4ad7bbc0d9","0x2f39cfbe27bfcb708095d41ac73a244ac9c8e9f1","553633217993079584775086"
"0x6c08951dee5395d59b623d90b3f7f565f1a09a07dc19936bff8ae2dcac3242fe-22","28354824","1753775664","0x6c08951dee5395d59b623d90b3f7f565f1a09a07dc19936bff8ae2dcac3242fe","0xddd77e91c222e36d4bd5ca8e78682a2172314197","0x0fba475e92cfef19f7dbada8ec2cce4ad7bbc0d9","0x8ee4fb1e74190c2b1df368f0425543177ff340ae","553633217993079584775086"
"0x6c0f79756ed4f3cc482df19e78c1c3302500184c2ef993c1745c767670d15a54-712","28349785","1753772659","0x6c0f79756ed4f3cc482df19e78c1c3302500184c2ef993c1745c767670d15a54","0xddd77e91c222e36d4bd5ca8e78682a2172314197","0x0fba475e92cfef19f7dbada8ec2cce4ad7bbc0d9","0xa7205b6ef3dadc0c8a88a284475bbd9a35686146","553633217993079584775086"
"0x6c128388e02b98017350fab0ae740106998ae4b608b274600b123104c7c9c4f3-640","28338671","1753765954","0x6c128388e02b98017350fab0ae740106998ae4b608b274600b123104c7c9c4f3","0xddd77e91c222e36d4bd5ca8e78682a2172314197","0x0fba475e92cfef19f7dbada8ec2cce4ad7bbc0d9","0x55578e806e145111459d1ede3ccd2d4d2de2c23c","553633217993079584775086"
"0x6c3c8aaf41a2631784529a056ca395f2bd2cf389dba851c29cf0a782fb6778c4-31","28351547","1753773715","0x6c3c8aaf41a2631784529a056ca395f2bd2cf389dba851c29cf0a782fb6778c4","0xddd77e91c222e36d4bd5ca8e78682a2172314197","0x0fba475e92cfef19f7dbada8ec2cce4ad7bbc0d9","0x979c2c33c799b2d81e8a7f660dda90ec52556b4b","553633217993079584775086"
"0x6c45c1d37b9574a9b9a4b783bf885154fd63a30e5a09af4d519c976000e4d1e9-155","28339213","1753766314","0x6c45c1d37b9574a9b9a4b783bf885154fd63a30e5a09af4d519c976000e4d1e9","0xddd77e91c222e36d4bd5ca8e78682a2172314197","0x0fba475e92cfef19f7dbada8ec2cce4ad7bbc0d9","0xf492f6fb0219ddbf509f495a15db649bf4a62cd0","553633217993079584775086"
"0x6c4b64f4afd5f20c920e4a4c31db7b455890a8722e26e6aca8dffb20adb828cc-12","28331953","1753761925","0x6c4b64f4afd5f20c920e4a4c31db7b455890a8722e26e6aca8dffb20adb828cc","0xddd77e91c222e36d4bd5ca8e78682a2172314197","0x0fba475e92cfef19f7dbada8ec2cce4ad7bbc0d9","0x577007f03236737667e6f6ab7d68c8cd0f1cf781","553633217993079584775086"
"0x6c9dfefb2cb7667079ab13f6de6013dbe140bf806ecb7895e2ebb0c3ff047500-77","28137641","1753645335","0x6c9dfefb2cb7667079ab13f6de6013dbe140bf806ecb7895e2ebb0c3ff047500","0xddd77e91c222e36d4bd5ca8e78682a2172314197","0x0fba475e92cfef19f7dbada8ec2cce4ad7bbc0d9","0x49eb578be25160bfa4fad68ced88c2602a261057","553633217993079584775086"
"0x6ca45a54a525854ed9ff593164c4ef81d7fc4c400cc9a14c9bc43a7ee8764913-652","28342130","1753768017","0x6ca45a54a525854ed9ff593164c4ef81d7fc4c400cc9a14c9bc43a7ee8764913","0xddd77e91c222e36d4bd5ca8e78682a2172314197","0x0fba475e92cfef19f7dbada8ec2cce4ad7bbc0d9","0xde9638f6297053b90f0fe13a022ade5be7f8d813","553633217993079584775086"
"0x6caa952cb0f340eac03cc8f141834ab742664731fb7c93173f1ccfe3481beeb5-29","28374440","1753787510","0x6caa952cb0f340eac03cc8f141834ab742664731fb7c93173f1ccfe3481beeb5","0xddd77e91c222e36d4bd5ca8e78682a2172314197","0x0fba475e92cfef19f7dbada8ec2cce4ad7bbc0d9","0x72c0e40fc938f9d6595743b2ab0cc4b540025eeb","553633217993079584775086"
"0x6cc7a69d8bd67e3498751ed8b055f13c5629f4d6954e9fa6fa323485e31286c0-126","28386739","1753794907","0x6cc7a69d8bd67e3498751ed8b055f13c5629f4d6954e9fa6fa323485e31286c0","0xddd77e91c222e36d4bd5ca8e78682a2172314197","0x0fba475e92cfef19f7dbada8ec2cce4ad7bbc0d9","0x5e48b020683e3db5d8d43a88a27ec00ec5cb4da6","553633217993079584775086"
"0x6cc862ed9410d3d7dd56ee3b0b13a8dcb4cd4e13c0ac4cc8dddcd7138e3c2716-164","28366582","1753782784","0x6cc862ed9410d3d7dd56ee3b0b13a8dcb4cd4e13c0ac4cc8dddcd7138e3c2716","0xddd77e91c222e36d4bd5ca8e78682a2172314197","0x0fba475e92cfef19f7dbada8ec2cce4ad7bbc0d9","0x11e63a477bfc80176050d035b051d4618bd2f53b","553633217993079584775086"
"0x6cd451f09825296fb3c4d34cd1682b991b7b433e7ca279b9470e899fefd8ddd9-59","28331263","1753761528","0x6cd451f09825296fb3c4d34cd1682b991b7b433e7ca279b9470e899fefd8ddd9","0xddd77e91c222e36d4bd5ca8e78682a2172314197","0x0fba475e92cfef19f7dbada8ec2cce4ad7bbc0d9","0x96fd43354ec4531f92e5dce5b7fbe7911c597e8d","553633217993079584775086"
"0x6d22d6d4780a142c57eb21be13628b8d578a91d2f940057f5df4b65c2df415ac-33","28372803","1753786502","0x6d22d6d4780a142c57eb21be13628b8d578a91d2f940057f5df4b65c2df415ac","0xddd77e91c222e36d4bd5ca8e78682a2172314197","0x0fba475e92cfef19f7dbada8ec2cce4ad7bbc0d9","0xa265a20f2f0548cee0cd12c802c35e6e8dbbd8e4","553633217993079584775086"
"0x6d39c3d08d169396a3b4c089241991e5531bdb14faea83fae64ee68e3c7fe912-43","28368626","1753784026","0x6d39c3d08d169396a3b4c089241991e5531bdb14faea83fae64ee68e3c7fe912","0xddd77e91c222e36d4bd5ca8e78682a2172314197","0x0fba475e92cfef19f7dbada8ec2cce4ad7bbc0d9","0x71538dc6836e5d4bc285c3132afdf1bb730efda8","553633217993079584775086"
"0x6d64ed7971f06b5f36840bee4e15c7f7cd5c6eaa86be66c81c7344bb915f2737-93","28349332","1753772379","0x6d64ed7971f06b5f36840bee4e15c7f7cd5c6eaa86be66c81c7344bb915f2737","0xddd77e91c222e36d4bd5ca8e78682a2172314197","0x0fba475e92cfef19f7dbada8ec2cce4ad7bbc0d9","0x3599238214282b055e77409d0a5a7b5a66f7c2be","553633217993079584775086"
"0x6d6f752f2e08c58d1e2b72f67b7a8f01cab7e68ec83254c105fd9b296c9ec706-89","28333591","1753762885","0x6d6f752f2e08c58d1e2b72f67b7a8f01cab7e68ec83254c105fd9b296c9ec706","0xddd77e91c222e36d4bd5ca8e78682a2172314197","0x0fba475e92cfef19f7dbada8ec2cce4ad7bbc0d9","0x3dcbfa02b06954e0bea0f2eb2769a5ad2a5b49a9","553633217993079584775086"
"0x6dc2fc8b6b244bec40ae1d05844f3bb9615d885b421dcf7e2e1194488c1658ae-67","28362402","1753780248","0x6dc2fc8b6b244bec40ae1d05844f3bb9615d885b421dcf7e2e1194488c1658ae","0xddd77e91c222e36d4bd5ca8e78682a2172314197","0x0fba475e92cfef19f7dbada8ec2cce4ad7bbc0d9","0x64e979332d98620c034cb52ca2a2733fa3264235","553633217993079584775086"
"0x6dce5b658333356030b158e9ade2bb91b780006c053cb64a854c693926f8ac99-526","28376987","1753789059","0x6dce5b658333356030b158e9ade2bb91b780006c053cb64a854c693926f8ac99","0xddd77e91c222e36d4bd5ca8e78682a2172314197","0x0fba475e92cfef19f7dbada8ec2cce4ad7bbc0d9","0xc526e2387ed20edab146728e28618caababe0e21","553633217993079584775086"
"0x6deaf2e6218e216bf1b5aecc9c72fa0a8625b5726d0bcafc6e799a4c53b0258a-122","28368196","1753783752","0x6deaf2e6218e216bf1b5aecc9c72fa0a8625b5726d0bcafc6e799a4c53b0258a","0xddd77e91c222e36d4bd5ca8e78682a2172314197","0x0fba475e92cfef19f7dbada8ec2cce4ad7bbc0d9","0x899ab80b2fd3f69b87ddb9db0a2bdf59525058c3","553633217993079584775086"
"0x6dfc3deecea3f31df98d36bb2638efec3a83c6225c249839baff66fb042803a6-64","28363580","1753780962","0x6dfc3deecea3f31df98d36bb2638efec3a83c6225c249839baff66fb042803a6","0xddd77e91c222e36d4bd5ca8e78682a2172314197","0x0fba475e92cfef19f7dbada8ec2cce4ad7bbc0d9","0x508cecd67956e991a1c2a3de43304ce0897312d1","553633217993079584775086"
"0x6dfc8327f150bf82bcc65d9468466eca48bf37c6c3d015c85fc80b446ed4666e-126","28389786","1753796735","0x6dfc8327f150bf82bcc65d9468466eca48bf37c6c3d015c85fc80b446ed4666e","0xddd77e91c222e36d4bd5ca8e78682a2172314197","0x0fba475e92cfef19f7dbada8ec2cce4ad7bbc0d9","0xf2a518e3b8435f10732813443bbdec7ef960a0ca","553633217993079584775086"
"0x6e02003e0f441bd2d6af3398f08516f48770dd5bfb7e29f0571261e2c1d0c4a2-50","28339058","1753766200","0x6e02003e0f441bd2d6af3398f08516f48770dd5bfb7e29f0571261e2c1d0c4a2","0xddd77e91c222e36d4bd5ca8e78682a2172314197","0x0fba475e92cfef19f7dbada8ec2cce4ad7bbc0d9","0x5045422807906613dc47dca0405f73e3701bc92d","553633217993079584775086"
"0x6e17bd6c904f905cf5c65dea81adaee3300d3a91927623f40f5817a006dd48eb-328","28334178","1753763255","0x6e17bd6c904f905cf5c65dea81adaee3300d3a91927623f40f5817a006dd48eb","0xddd77e91c222e36d4bd5ca8e78682a2172314197","0x0fba475e92cfef19f7dbada8ec2cce4ad7bbc0d9","0x5c9ef242e599d35b51657bc0154a38b4d1035197","553633217993079584775086"
"0x6e17c2b469a8078a561da7ea0e453dda0a23ebedbf5a6cbc1b289d8c88afa735-127","28394486","1753799610","0x6e17c2b469a8078a561da7ea0e453dda0a23ebedbf5a6cbc1b289d8c88afa735","0xddd77e91c222e36d4bd5ca8e78682a2172314197","0x0fba475e92cfef19f7dbada8ec2cce4ad7bbc0d9","0xeeff1a6c13e833115fb95e1841d56054a62a58f2","553633217993079584775086"
"0x6e2ba80fa63d948cc2c1503043ad7783ef1a71666364c4224113e97a795add6d-64","28336073","1753764421","0x6e2ba80fa63d948cc2c1503043ad7783ef1a71666364c4224113e97a795add6d","0xddd77e91c222e36d4bd5ca8e78682a2172314197","0x0fba475e92cfef19f7dbada8ec2cce4ad7bbc0d9","0x2e4714ac9a6a8c760a205d9dd55b5ff4f5cf7583","553633217993079584775086"
"0x6e6a835f438540ac39be25a6daf97956bc6d650f4cab6c6757a1cbf9d4ddc573-43","28387543","1753795357","0x6e6a835f438540ac39be25a6daf97956bc6d650f4cab6c6757a1cbf9d4ddc573","0xddd77e91c222e36d4bd5ca8e78682a2172314197","0x0fba475e92cfef19f7dbada8ec2cce4ad7bbc0d9","0x2fa5b3c92770c781233bfb39827b70916f31ee8e","553633217993079584775086"
"0x6e7ea6536203e3b764619e2e1bb17c855707c4aa56a4ab47db62b1a441b25ce4-141","28369056","1753784283","0x6e7ea6536203e3b764619e2e1bb17c855707c4aa56a4ab47db62b1a441b25ce4","0xddd77e91c222e36d4bd5ca8e78682a2172314197","0x0fba475e92cfef19f7dbada8ec2cce4ad7bbc0d9","0x05174fd65280f41ba12d081e1971f508f554a58a","553633217993079584775086"
"0x6e90a37d060deaec21e4214a7df23c5f019759aa390e86a3e94a2cfbd3cdd7b9-350","28400234","1753803101","0x6e90a37d060deaec21e4214a7df23c5f019759aa390e86a3e94a2cfbd3cdd7b9","0xddd77e91c222e36d4bd5ca8e78682a2172314197","0x0fba475e92cfef19f7dbada8ec2cce4ad7bbc0d9","0xbbacf078f9f5f159446712cac0d0368ecd56d94c","553633217993079584775086"
"0x6eb2dac01eeb6714f7f9e4a30a921616c33bfe9a24ccf011cd2d99381704e6fb-115","28358815","1753778085","0x6eb2dac01eeb6714f7f9e4a30a921616c33bfe9a24ccf011cd2d99381704e6fb","0xddd77e91c222e36d4bd5ca8e78682a2172314197","0x0fba475e92cfef19f7dbada8ec2cce4ad7bbc0d9","0x0f8f5c7e5b29cee28be81a3cea7c5531f224ec62","553633217993079584775086"
"0x6ecc8ac85d9945cd2ed9a9fdbba1ffedb70048f6242aa7a6adc4faffcd0df7a6-11","28376295","1753788627","0x6ecc8ac85d9945cd2ed9a9fdbba1ffedb70048f6242aa7a6adc4faffcd0df7a6","0xddd77e91c222e36d4bd5ca8e78682a2172314197","0x0fba475e92cfef19f7dbada8ec2cce4ad7bbc0d9","0x6f758b4e5fd830c7ddb16c7d9408020178791378","553633217993079584775086"
"0x6ed20faedb570e36aad698604d5255b39ad740585fe8e3171e34f54756230e79-111","28391526","1753797802","0x6ed20faedb570e36aad698604d5255b39ad740585fe8e3171e34f54756230e79","0xddd77e91c222e36d4bd5ca8e78682a2172314197","0x0fba475e92cfef19f7dbada8ec2cce4ad7bbc0d9","0x7af26550ec3ec7316ae6593b3a773330e50440ed","553633217993079584775086"
"0x6ed9e549639fd8d142230e7524ec86cfc74b7de7543d6a7a8d47384738dfacc6-46","28372920","1753786581","0x6ed9e549639fd8d142230e7524ec86cfc74b7de7543d6a7a8d47384738dfacc6","0xddd77e91c222e36d4bd5ca8e78682a2172314197","0x0fba475e92cfef19f7dbada8ec2cce4ad7bbc0d9","0x375c3bbdeae9634f83d97dd33b00c4abd139c1d7","553633217993079584775086"
"0x6ee0109103891c4cc7d0e4c18de3d032b8bf0f84fa4033eaff4a7cb81c509b10-312","28355850","1753776290","0x6ee0109103891c4cc7d0e4c18de3d032b8bf0f84fa4033eaff4a7cb81c509b10","0xddd77e91c222e36d4bd5ca8e78682a2172314197","0x0fba475e92cfef19f7dbada8ec2cce4ad7bbc0d9","0x9b098f1d435557ae28feeb9c76533a68e0c251ef","553633217993079584775086"
"0x6ef89da39ee9e4576e77df81534f9fe57d6f2677cc8f42fac702b5293ebc20cc-849","28356843","1753776886","0x6ef89da39ee9e4576e77df81534f9fe57d6f2677cc8f42fac702b5293ebc20cc","0xddd77e91c222e36d4bd5ca8e78682a2172314197","0x0fba475e92cfef19f7dbada8ec2cce4ad7bbc0d9","0x65f057baae12390962df18b3dbd37e797802e6ee","553633217993079584775086"
"0x6efa6fb30152ad3fb99134413c5a6cfe695a1251d3853199b7842750a78aac26-98","28397527","1753801432","0x6efa6fb30152ad3fb99134413c5a6cfe695a1251d3853199b7842750a78aac26","0xddd77e91c222e36d4bd5ca8e78682a2172314197","0x0fba475e92cfef19f7dbada8ec2cce4ad7bbc0d9","0x0689ab0f5fa6dba85c537d0bfc5c0051ff6ff08f","553633217993079584775086"
"0x6efc8028bd0329320333acc903edf07d289c25a278f7e1d8f13411ba5d20fbdc-44","28370035","1753784854","0x6efc8028bd0329320333acc903edf07d289c25a278f7e1d8f13411ba5d20fbdc","0xddd77e91c222e36d4bd5ca8e78682a2172314197","0x0fba475e92cfef19f7dbada8ec2cce4ad7bbc0d9","0xa0d023c62c3322d96608dcc1ac84ec157b8d9871","553633217993079584775086"
"0x6f0cd68f582a0fb4177af4a475809ee144756d16c7c9931dd77e57e8a232d3f8-3","28355854","1753776296","0x6f0cd68f582a0fb4177af4a475809ee144756d16c7c9931dd77e57e8a232d3f8","0xddd77e91c222e36d4bd5ca8e78682a2172314197","0x0fba475e92cfef19f7dbada8ec2cce4ad7bbc0d9","0x12df2af316153f66521c293c42b0313cf22c7924","553633217993079584775086"
"0x6f29d049728aaf20ffe53e5635acf50c9cb7d615f93e82beb8d86766bff90bcf-140","28357883","1753777520","0x6f29d049728aaf20ffe53e5635acf50c9cb7d615f93e82beb8d86766bff90bcf","0xddd77e91c222e36d4bd5ca8e78682a2172314197","0x0fba475e92cfef19f7dbada8ec2cce4ad7bbc0d9","0x53f8dbda30d41646208f72270937c79c9a79c810","553633217993079584775086"
"0x6f380d2d229f65e47e1570a4891d91ddc274b25b17dbc66d38514137b254c1c9-183","28390426","1753797118","0x6f380d2d229f65e47e1570a4891d91ddc274b25b17dbc66d38514137b254c1c9","0xddd77e91c222e36d4bd5ca8e78682a2172314197","0x0fba475e92cfef19f7dbada8ec2cce4ad7bbc0d9","0x81ce108686acac16264d13934b7c346d86a19560","553633217993079584775086"
"0x6f3b5d3096101328d358b61e879ee538c24436a74f9376338a1122cb0fb6c9df-53","28331401","1753761614","0x6f3b5d3096101328d358b61e879ee538c24436a74f9376338a1122cb0fb6c9df","0xddd77e91c222e36d4bd5ca8e78682a2172314197","0x0fba475e92cfef19f7dbada8ec2cce4ad7bbc0d9","0x99152530c942b997bfccf88c598cc490a3bdbdc0","553633217993079584775086"
"0x6f434505d5848eeb06f9db916d76b13c7eff78baa959adeecd4eebd0b5f6c6dd-110","28396400","1753800744","0x6f434505d5848eeb06f9db916d76b13c7eff78baa959adeecd4eebd0b5f6c6dd","0xddd77e91c222e36d4bd5ca8e78682a2172314197","0x0fba475e92cfef19f7dbada8ec2cce4ad7bbc0d9","0x3e3e223a05fe39f08c715b4a1d56827220b9bd0e","553633217993079584775086"
"0x6f44e670c29ec1667ce3280e56a2fee3259d1c734b1fbb7a51ef44b927f635bc-18","28363483","1753780894","0x6f44e670c29ec1667ce3280e56a2fee3259d1c734b1fbb7a51ef44b927f635bc","0xddd77e91c222e36d4bd5ca8e78682a2172314197","0x0fba475e92cfef19f7dbada8ec2cce4ad7bbc0d9","0x626d4fc50d24b44591a4d0526d6eea401a2258bd","553633217993079584775086"
"0x6f7b4eec55d76b1a216bbe3bb8bfb0329069af28336a7dbf1204e1bf5a5cb5f0-6","28365473","1753782090","0x6f7b4eec55d76b1a216bbe3bb8bfb0329069af28336a7dbf1204e1bf5a5cb5f0","0xddd77e91c222e36d4bd5ca8e78682a2172314197","0x0fba475e92cfef19f7dbada8ec2cce4ad7bbc0d9","0x83b60ab133fc5b5b643cb4e3bbad418a3809c56e","553633217993079584775086"
"0x6f7d8031b5d239296ae92d13aa32be82b1b3ac53d080e1ae13ef9a7ec97841d8-84","28335761","1753764228","0x6f7d8031b5d239296ae92d13aa32be82b1b3ac53d080e1ae13ef9a7ec97841d8","0xddd77e91c222e36d4bd5ca8e78682a2172314197","0x0fba475e92cfef19f7dbada8ec2cce4ad7bbc0d9","0x0b48b17d7e3e71f81568c25c6229119bccefe9ce","553633217993079584775086"
"0x6fa7cdd99b7e9dfe15567bf146336d3e2736b2dc3163b9df22915e3a8bfabc52-46","28349201","1753772300","0x6fa7cdd99b7e9dfe15567bf146336d3e2736b2dc3163b9df22915e3a8bfabc52","0xddd77e91c222e36d4bd5ca8e78682a2172314197","0x0fba475e92cfef19f7dbada8ec2cce4ad7bbc0d9","0x3f072359b7ef9b8f25660d90fb5d594f0f909086","553633217993079584775086"
"0x6fd7984609caa056f010dafef72d92506a743e3e6fbb0f9e62777a6fef4063b3-132","28390019","1753796866","0x6fd7984609caa056f010dafef72d92506a743e3e6fbb0f9e62777a6fef4063b3","0xddd77e91c222e36d4bd5ca8e78682a2172314197","0x0fba475e92cfef19f7dbada8ec2cce4ad7bbc0d9","0xfd1390fc1efa51834c0a9d2e4337e72f240b3333","553633217993079584775086"
"0x6ff0654a0823b617d16ae102c0b51dab81b3d055af3f7a83a212a9699f5610f0-108","28389922","1753796815","0x6ff0654a0823b617d16ae102c0b51dab81b3d055af3f7a83a212a9699f5610f0","0xddd77e91c222e36d4bd5ca8e78682a2172314197","0x0fba475e92cfef19f7dbada8ec2cce4ad7bbc0d9","0x7825ae12738776879eb92f9ad5f41a579e0488bd","553633217993079584775086"
"0x700244309aa7c2608799657e3eea242f36257f50f9b437eb3bb722a224d478b5-27","28353694","1753775002","0x700244309aa7c2608799657e3eea242f36257f50f9b437eb3bb722a224d478b5","0xddd77e91c222e36d4bd5ca8e78682a2172314197","0x0fba475e92cfef19f7dbada8ec2cce4ad7bbc0d9","0x9f4bbdaa4c595cb2f59ae9db0d2ae0a6d8953619","553633217993079584775086"
"0x7006bfcaeffe6a22b92b5c850a1cab26eefd943f0d969c3feafaeb35fa3d2e86-171","28350222","1753772927","0x7006bfcaeffe6a22b92b5c850a1cab26eefd943f0d969c3feafaeb35fa3d2e86","0xddd77e91c222e36d4bd5ca8e78682a2172314197","0x0fba475e92cfef19f7dbada8ec2cce4ad7bbc0d9","0x94816a8ea1ea39aa7c8bd6e89459bf9def1572fa","553633217993079584775086"
"0x70116344fff51e11385d19a85d16d8c9865e6009457d2dc5311a9b43b2c6de30-84","28330909","1753761308","0x70116344fff51e11385d19a85d16d8c9865e6009457d2dc5311a9b43b2c6de30","0xddd77e91c222e36d4bd5ca8e78682a2172314197","0x0fba475e92cfef19f7dbada8ec2cce4ad7bbc0d9","0xbe56d0d5b1a62f38d1412c4c6e55e6c70f7b7aed","553633217993079584775086"
"0x701742e509a8de502cc83bb66c6758e98bd19dba6fe8d60c92aaf6e15c5e3eda-107","28407473","1753807496","0x701742e509a8de502cc83bb66c6758e98bd19dba6fe8d60c92aaf6e15c5e3eda","0xddd77e91c222e36d4bd5ca8e78682a2172314197","0x0fba475e92cfef19f7dbada8ec2cce4ad7bbc0d9","0xe16b83cb94198136f226e221cb4b10f554b0d816","553633217993079584775086"
"0x702100f88d8259303a7b72c27705b5670435b416a1b0d7052d5bede189490a5a-41","28330656","1753761142","0x702100f88d8259303a7b72c27705b5670435b416a1b0d7052d5bede189490a5a","0xddd77e91c222e36d4bd5ca8e78682a2172314197","0x0fba475e92cfef19f7dbada8ec2cce4ad7bbc0d9","0xfa3ffeb1e57386b6bd4b808d7bb6bb6a6b5772e9","553633217993079584775086"
"0x7021b7d31afc4bfcd596f6a24043b8aad32e108f3910b7a4d525e185b372dcc1-10","28353289","1753774765","0x7021b7d31afc4bfcd596f6a24043b8aad32e108f3910b7a4d525e185b372dcc1","0xddd77e91c222e36d4bd5ca8e78682a2172314197","0x0fba475e92cfef19f7dbada8ec2cce4ad7bbc0d9","0x654d00a5dc6595dcf825efff5e3586be70fa4a42","553633217993079584775086"
"0x70261f34a7864cd0190f9a5d0440fe23b1678443462ea64664df59d647139aae-129","28332291","1753762125","0x70261f34a7864cd0190f9a5d0440fe23b1678443462ea64664df59d647139aae","0xddd77e91c222e36d4bd5ca8e78682a2172314197","0x0fba475e92cfef19f7dbada8ec2cce4ad7bbc0d9","0x07ac22f3b68a402672952a1a2905be99c3e3d371","553633217993079584775086"
"0x70281e9c5ac12a9ce0dab4fbf418a1b831c509ae2bf22b0851df046a6158b9c4-75","28384710","1753793748","0x70281e9c5ac12a9ce0dab4fbf418a1b831c509ae2bf22b0851df046a6158b9c4","0xddd77e91c222e36d4bd5ca8e78682a2172314197","0x0fba475e92cfef19f7dbada8ec2cce4ad7bbc0d9","0x4aad0e687f07b535cd23840a6b12a9cf01390180","553633217993079584775086"
"0x70406eed73f048c35e7b453c86856449a6385ef5689e01e644a6d9be91dcf0e7-107","28342106","1753768002","0x70406eed73f048c35e7b453c86856449a6385ef5689e01e644a6d9be91dcf0e7","0xddd77e91c222e36d4bd5ca8e78682a2172314197","0x0fba475e92cfef19f7dbada8ec2cce4ad7bbc0d9","0x2202156f94a8c2e5cc9f61fa4629df4bfb410d12","553633217993079584775086"
"0x7074929269409d3ed7b7ac53d85634cd5f204502ac041dca25e4d429ac134065-75","28342335","1753768133","0x7074929269409d3ed7b7ac53d85634cd5f204502ac041dca25e4d429ac134065","0xddd77e91c222e36d4bd5ca8e78682a2172314197","0x0fba475e92cfef19f7dbada8ec2cce4ad7bbc0d9","0x29a75626e46b22b2044ba99874f8d0800fb08840","553633217993079584775086"
"0x7076e86873ce1689365fdb212746cbec7c04775c536e3e572a0e5623c1cee207-3","28332183","1753762059","0x7076e86873ce1689365fdb212746cbec7c04775c536e3e572a0e5623c1cee207","0xddd77e91c222e36d4bd5ca8e78682a2172314197","0x0fba475e92cfef19f7dbada8ec2cce4ad7bbc0d9","0x9b5c9854932bac365f9a2f58484594bfb00b3bf0","553633217993079584775086"
"0x707a5ff02f13d766210f9152e073e26ed4579862500a80d1ceca3ec14a4f7224-35","28343428","1753768824","0x707a5ff02f13d766210f9152e073e26ed4579862500a80d1ceca3ec14a4f7224","0xddd77e91c222e36d4bd5ca8e78682a2172314197","0x0fba475e92cfef19f7dbada8ec2cce4ad7bbc0d9","0x3fafabeac0d76c58fcdecbbf5bb72f88a88f4efb","553633217993079584775086"
"0x707e3abadcc2c61ea3e875a6b2e09b844e26f2bd714295278bfef30c32ab5f69-975","28356404","1753776622","0x707e3abadcc2c61ea3e875a6b2e09b844e26f2bd714295278bfef30c32ab5f69","0xddd77e91c222e36d4bd5ca8e78682a2172314197","0x0fba475e92cfef19f7dbada8ec2cce4ad7bbc0d9","0x59f351985164dd68dc7a143ef55ae9d85a34b8ea","553633217993079584775086"
"0x70855a8b58d22aeafbf3a3c57a8b34b9440002ac485eec7ecd87b5cc84186ace-84","28330423","1753761002","0x70855a8b58d22aeafbf3a3c57a8b34b9440002ac485eec7ecd87b5cc84186ace","0xddd77e91c222e36d4bd5ca8e78682a2172314197","0x0fba475e92cfef19f7dbada8ec2cce4ad7bbc0d9","0x2f23158efc11c579d2bd5b479b84dc5da1807da5","553633217993079584775086"
"0x709563e1d531fc9064d984feb74dd458f999d9668ef0cd5ee6915eca032262e7-40","28377214","1753789205","0x709563e1d531fc9064d984feb74dd458f999d9668ef0cd5ee6915eca032262e7","0xddd77e91c222e36d4bd5ca8e78682a2172314197","0x0fba475e92cfef19f7dbada8ec2cce4ad7bbc0d9","0x55095fc6ba14c8e473e62dbe87950bc59904625e","553633217993079584775086"
"0x709d74f59cd5bb602700735380142f138b521d455a7c049cefce8b3261ff4583-19","28137389","1753645180","0x709d74f59cd5bb602700735380142f138b521d455a7c049cefce8b3261ff4583","0xddd77e91c222e36d4bd5ca8e78682a2172314197","0x0fba475e92cfef19f7dbada8ec2cce4ad7bbc0d9","0x2cc9a259cc1275d5ccdbedfec552df49cb5965d4","553633217993079584775086"
"0x709fcbf481f1723143c774d871ea6d28e176c70cbd4636828b0ce13029fb9008-695","28367560","1753783375","0x709fcbf481f1723143c774d871ea6d28e176c70cbd4636828b0ce13029fb9008","0xddd77e91c222e36d4bd5ca8e78682a2172314197","0x0fba475e92cfef19f7dbada8ec2cce4ad7bbc0d9","0xd81770eef791118476746a1e7687fd50b38f9ee5","553633217993079584775086"
"0x70a2ab6917877594cb26c2d106a7a23f36e109c8a5d7526816cf4ba458e8f4a0-175","28366361","1753782640","0x70a2ab6917877594cb26c2d106a7a23f36e109c8a5d7526816cf4ba458e8f4a0","0xddd77e91c222e36d4bd5ca8e78682a2172314197","0x0fba475e92cfef19f7dbada8ec2cce4ad7bbc0d9","0x6df3b80e4c51c377fedd6a6936e0ed4e48f6e710","553633217993079584775086"
"0x70a67958518238a2348bf1ab0c4b2eac24db55287dfac46f3559d3d7b468f09b-237","28330305","1753760934","0x70a67958518238a2348bf1ab0c4b2eac24db55287dfac46f3559d3d7b468f09b","0xddd77e91c222e36d4bd5ca8e78682a2172314197","0x0fba475e92cfef19f7dbada8ec2cce4ad7bbc0d9","0x77ca42d3567d7c5baae73e19a96f22b54e27e4db","553633217993079584775086"
"0x70b5fe6e1a78cbaf85c2b825428e1a32db4b99af5b0dfdaee597f77f41d07782-44","28349688","1753772596","0x70b5fe6e1a78cbaf85c2b825428e1a32db4b99af5b0dfdaee597f77f41d07782","0xddd77e91c222e36d4bd5ca8e78682a2172314197","0x0fba475e92cfef19f7dbada8ec2cce4ad7bbc0d9","0xad9bcade3026664ba666ddf2867099b786539ad4","553633217993079584775086"
"0x70c1d9e3d896e58a6649b7e154b063cc17bf28c2def4b9a86df4189841bd8797-67","28400003","1753802949","0x70c1d9e3d896e58a6649b7e154b063cc17bf28c2def4b9a86df4189841bd8797","0xddd77e91c222e36d4bd5ca8e78682a2172314197","0x0fba475e92cfef19f7dbada8ec2cce4ad7bbc0d9","0x109b90e2530bf752ddf1beaf53a305b0035c6ac2","553633217993079584775086"
"0x70caf626042703340f22d1a25075d1fe8c7502fe4c7390b2284835f448c93d8f-163","28391938","1753798064","0x70caf626042703340f22d1a25075d1fe8c7502fe4c7390b2284835f448c93d8f","0xddd77e91c222e36d4bd5ca8e78682a2172314197","0x0fba475e92cfef19f7dbada8ec2cce4ad7bbc0d9","0x087cf750b76809bd7936b848f35dec6f5b3af4ac","553633217993079584775086"
"0x70dd64f1ef0cae3e53186ab5e73533f88b6d0d5a8fb41ca6e03eec7d690d1bc0-39","28337498","1753765265","0x70dd64f1ef0cae3e53186ab5e73533f88b6d0d5a8fb41ca6e03eec7d690d1bc0","0xddd77e91c222e36d4bd5ca8e78682a2172314197","0x0fba475e92cfef19f7dbada8ec2cce4ad7bbc0d9","0x0684caa313524993a71a96e2624dbf74145213e4","553633217993079584775086"
"0x70e1c5c3a79fbf2558fb43d6c120f62dd0e39fca65a50e6d510ca253bda12cfe-83","28392303","1753798281","0x70e1c5c3a79fbf2558fb43d6c120f62dd0e39fca65a50e6d510ca253bda12cfe","0xddd77e91c222e36d4bd5ca8e78682a2172314197","0x0fba475e92cfef19f7dbada8ec2cce4ad7bbc0d9","0x2d30e495a15f2657d57c3e2caa08b06415c26cbf","553633217993079584775086"
"0x70f8a84a88d8eb97f4a198726b1283ed7d1a108a128aeb99260312e3d7e08f9b-11","28372951","1753786598","0x70f8a84a88d8eb97f4a198726b1283ed7d1a108a128aeb99260312e3d7e08f9b","0xddd77e91c222e36d4bd5ca8e78682a2172314197","0x0fba475e92cfef19f7dbada8ec2cce4ad7bbc0d9","0x45d3600b30e5441b4a7263d6f804b93c1ac2cc9c","553633217993079584775086"
"0x7109c807b2abf20f05a9d0e643b64e3442e651a4b7444a8d12904a793984f5f0-23","28358952","1753778179","0x7109c807b2abf20f05a9d0e643b64e3442e651a4b7444a8d12904a793984f5f0","0xddd77e91c222e36d4bd5ca8e78682a2172314197","0x0fba475e92cfef19f7dbada8ec2cce4ad7bbc0d9","0x88c23f9a5c03a3d4fae238713b4782638d295820","553633217993079584775086"
"0x7110f83bee53eec44b7943200c9192b81f8facfb7e80348bbc511a3594106b83-843","28330151","1753760839","0x7110f83bee53eec44b7943200c9192b81f8facfb7e80348bbc511a3594106b83","0xddd77e91c222e36d4bd5ca8e78682a2172314197","0x0fba475e92cfef19f7dbada8ec2cce4ad7bbc0d9","0x50533412ea8119a904f4bc33eb6027e83c123b47","553633217993079584775086"
"0x711c93dc522b15f3182afc2ed4ce9c35a7e014f895dcbcce26ea07202ece85dd-72","28338763","1753766013","0x711c93dc522b15f3182afc2ed4ce9c35a7e014f895dcbcce26ea07202ece85dd","0xddd77e91c222e36d4bd5ca8e78682a2172314197","0x0fba475e92cfef19f7dbada8ec2cce4ad7bbc0d9","0x981b346176006652e0ea925d8208122b983828a0","553633217993079584775086"
"0x713d966e8552ae5d89b4efc51b4539b775c06dc9fbe307f5a030f28dc3801694-22","28383333","1753792907","0x713d966e8552ae5d89b4efc51b4539b775c06dc9fbe307f5a030f28dc3801694","0xddd77e91c222e36d4bd5ca8e78682a2172314197","0x0fba475e92cfef19f7dbada8ec2cce4ad7bbc0d9","0xeb4fd255fc8e320375d92d9a95685f77ac74c75e","553633217993079584775086"
"0x7141fedf0863eb5ab3d279bf70059a031a46a920564b0c6b71758199c16054f5-248","28138015","1753645579","0x7141fedf0863eb5ab3d279bf70059a031a46a920564b0c6b71758199c16054f5","0xddd77e91c222e36d4bd5ca8e78682a2172314197","0x0fba475e92cfef19f7dbada8ec2cce4ad7bbc0d9","0xb637f8b662b6b967733a1dce421102d8ea5e4284","553633217993079584775086"
"0x7162eca26c10af0c34586d65ea1301c1e9009de32cb945b7b87be409a8c9850e-78","28125696","1753638130","0x7162eca26c10af0c34586d65ea1301c1e9009de32cb945b7b87be409a8c9850e","0xddd77e91c222e36d4bd5ca8e78682a2172314197","0x0fba475e92cfef19f7dbada8ec2cce4ad7bbc0d9","0x5b76dd6d1506658eb25652a61854ded918463c28","553633217993079584775086"
"0x7185e2ab198a6af5dbc15d4859f3d5cce0bac524eac012ed6bdf1bf52af840f9-51","28376567","1753788793","0x7185e2ab198a6af5dbc15d4859f3d5cce0bac524eac012ed6bdf1bf52af840f9","0xddd77e91c222e36d4bd5ca8e78682a2172314197","0x0fba475e92cfef19f7dbada8ec2cce4ad7bbc0d9","0xa328f6def7ffde8500ff00adadb6e01b2ccaeec3","553633217993079584775086"
"0x71866a97e9e0c18a6976e414f50788fa48e9cadda40db09b87390d3458ad5813-72","28349687","1753772596","0x71866a97e9e0c18a6976e414f50788fa48e9cadda40db09b87390d3458ad5813","0xddd77e91c222e36d4bd5ca8e78682a2172314197","0x0fba475e92cfef19f7dbada8ec2cce4ad7bbc0d9","0x1a2b878fc8a9b944e0624ff29ed97753f1776a33","553633217993079584775086"
"0x718bcb123a4d33dd617c5d146698067aceb358fd41ad7894a6ab31ce5ac8eb59-86","28366021","1753782437","0x718bcb123a4d33dd617c5d146698067aceb358fd41ad7894a6ab31ce5ac8eb59","0xddd77e91c222e36d4bd5ca8e78682a2172314197","0x0fba475e92cfef19f7dbada8ec2cce4ad7bbc0d9","0x8a4e25828b6c49a3719456587a9016f6532da9da","553633217993079584775086"
"0x7192ff59ed79bc93dc82c06312cbd68424df89652d38cb080a36f25204655505-290","28370539","1753785150","0x7192ff59ed79bc93dc82c06312cbd68424df89652d38cb080a36f25204655505","0xddd77e91c222e36d4bd5ca8e78682a2172314197","0x0fba475e92cfef19f7dbada8ec2cce4ad7bbc0d9","0xc1dcfebae6c68963f8b2f76710cb379c7ba55806","553633217993079584775086"
"0x71a86625347ee9c42b7fa8ca63ffc553c2912228735f0f2472eee967df9d8613-89","28337455","1753765233","0x71a86625347ee9c42b7fa8ca63ffc553c2912228735f0f2472eee967df9d8613","0xddd77e91c222e36d4bd5ca8e78682a2172314197","0x0fba475e92cfef19f7dbada8ec2cce4ad7bbc0d9","0x7b8133f51717e8a652ec13d87cdc0b02c493c705","553633217993079584775086"
"0x71b2b45cbe1380e29b271e3494fc2aab056c82d21f6e5efd673cc1eb7c53f13e-49","28332783","1753762418","0x71b2b45cbe1380e29b271e3494fc2aab056c82d21f6e5efd673cc1eb7c53f13e","0xddd77e91c222e36d4bd5ca8e78682a2172314197","0x0fba475e92cfef19f7dbada8ec2cce4ad7bbc0d9","0xb85246ce9eb29b8c9103a35732dd105f19cdf7a0","553633217993079584775086"
"0x71d11d70c43c893d7922f6315909cec231044167011c57d30cb071e2df69fd13-171","28368396","1753783878","0x71d11d70c43c893d7922f6315909cec231044167011c57d30cb071e2df69fd13","0xddd77e91c222e36d4bd5ca8e78682a2172314197","0x0fba475e92cfef19f7dbada8ec2cce4ad7bbc0d9","0xe58dc737ebb63e5ac50e7dd48383b73570de9fe5","553633217993079584775086"
"0x71daaca63616191bada9666fbfb9eec8b9d3d1725709dca0ece9bbaf55861f99-185","28365584","1753782170","0x71daaca63616191bada9666fbfb9eec8b9d3d1725709dca0ece9bbaf55861f99","0xddd77e91c222e36d4bd5ca8e78682a2172314197","0x0fba475e92cfef19f7dbada8ec2cce4ad7bbc0d9","0xb0054fe34df893b1a87291de8f94a6c109ee8975","553633217993079584775086"
"0x7201b9d0aea49934ce3c85da46fac4cdc6e477879817d1dd7fec75c4cdd47fda-172","28343164","1753768665","0x7201b9d0aea49934ce3c85da46fac4cdc6e477879817d1dd7fec75c4cdd47fda","0xddd77e91c222e36d4bd5ca8e78682a2172314197","0x0fba475e92cfef19f7dbada8ec2cce4ad7bbc0d9","0x18a3dc58e0d369802dcca97a63142d46d3a8e19a","553633217993079584775086"
"0x7201c491a16b89d0d0560c3cb9979be7ff6d5b1320e85c1b4caa2bfaec9019e9-656","28393379","1753798921","0x7201c491a16b89d0d0560c3cb9979be7ff6d5b1320e85c1b4caa2bfaec9019e9","0xddd77e91c222e36d4bd5ca8e78682a2172314197","0x0fba475e92cfef19f7dbada8ec2cce4ad7bbc0d9","0x867abe93bb2b1622fd34346a08fa62e7f29b4247","553633217993079584775086"
"0x7205835a663b84f2c222a3b10f485430431649564ebd5540b59e32923d40d249-190","28130152","1753640828","0x7205835a663b84f2c222a3b10f485430431649564ebd5540b59e32923d40d249","0xddd77e91c222e36d4bd5ca8e78682a2172314197","0x0fba475e92cfef19f7dbada8ec2cce4ad7bbc0d9","0xdae1391ffe0c776b93c32909506cb5262c5f9514","553633217993079584775086"
"0x721098120c82fa5ae575ad0fbbb5e664239d65fc4a0ada63f81dfea8e31b29e7-18","28357632","1753777366","0x721098120c82fa5ae575ad0fbbb5e664239d65fc4a0ada63f81dfea8e31b29e7","0xddd77e91c222e36d4bd5ca8e78682a2172314197","0x0fba475e92cfef19f7dbada8ec2cce4ad7bbc0d9","0xc9a49e5edb1d4b5fc8017705b031b54759a76380","553633217993079584775086"
"0x723ee33b05a427964cb41bba61989514e9e529d779b7253c3fb2e67f48e6cee8-141","28345091","1753769837","0x723ee33b05a427964cb41bba61989514e9e529d779b7253c3fb2e67f48e6cee8","0xddd77e91c222e36d4bd5ca8e78682a2172314197","0x0fba475e92cfef19f7dbada8ec2cce4ad7bbc0d9","0xe0bd2c5f0afb72c2acfc5c090bf3e9924871283b","553633217993079584775086"
"0x724767abee400202888818a7d5a1110a0af2b298e370c0b1bfd1d21bb291ebad-98","28357270","1753777131","0x724767abee400202888818a7d5a1110a0af2b298e370c0b1bfd1d21bb291ebad","0xddd77e91c222e36d4bd5ca8e78682a2172314197","0x0fba475e92cfef19f7dbada8ec2cce4ad7bbc0d9","0x77245204f38be1a0554cb430bb3bd6747b80c162","553633217993079584775086"
"0x72529271c43db964d64fec05c21dcfd309ed3f033f4737980508f9ded9077646-78","28351163","1753773482","0x72529271c43db964d64fec05c21dcfd309ed3f033f4737980508f9ded9077646","0xddd77e91c222e36d4bd5ca8e78682a2172314197","0x0fba475e92cfef19f7dbada8ec2cce4ad7bbc0d9","0xb01fc92781213fd6bffd4717ce3ca4b8a5887e57","553633217993079584775086"
"0x72a2dbaae358ef3e380b9e25bf927a004cd0038d4fee7f2b39183ebfb584fbb8-373","28370460","1753785099","0x72a2dbaae358ef3e380b9e25bf927a004cd0038d4fee7f2b39183ebfb584fbb8","0xddd77e91c222e36d4bd5ca8e78682a2172314197","0x0fba475e92cfef19f7dbada8ec2cce4ad7bbc0d9","0xd55b026b34f730a07f42f899fee9e499dbb80f97","553633217993079584775086"
"0x72b8b2e39c4ca8cd5f42292ea02ad7742726d6aad8149892fea8d093b8b6d460-779","28355285","1753775944","0x72b8b2e39c4ca8cd5f42292ea02ad7742726d6aad8149892fea8d093b8b6d460","0xddd77e91c222e36d4bd5ca8e78682a2172314197","0x0fba475e92cfef19f7dbada8ec2cce4ad7bbc0d9","0x5a236efbe8afa9634830f6e8f8f5f9d9ef5ceef8","553633217993079584775086"
"0x731fe89a3a350af17e49597174d8ad54a24b03ff8b659a881fc390afc3f239da-3","28377686","1753789489","0x731fe89a3a350af17e49597174d8ad54a24b03ff8b659a881fc390afc3f239da","0xddd77e91c222e36d4bd5ca8e78682a2172314197","0x0fba475e92cfef19f7dbada8ec2cce4ad7bbc0d9","0x78664b5bc8cc6c6b2307086b8ade26169cfba210","553633217993079584775086"
"0x735013463daf365439a05dd8d92f7e201a5c2bf18bcefe77bfba646a58f7e130-21","28396088","1753800553","0x735013463daf365439a05dd8d92f7e201a5c2bf18bcefe77bfba646a58f7e130","0xddd77e91c222e36d4bd5ca8e78682a2172314197","0x0fba475e92cfef19f7dbada8ec2cce4ad7bbc0d9","0xcf4c737a506856aeccb8ba9a3e4b81cdab1dd119","553633217993079584775086"
"0x735a4ee30ae68dddf51de4b216689c60e945aea390e34971972b32e876670303-69","28392228","1753798234","0x735a4ee30ae68dddf51de4b216689c60e945aea390e34971972b32e876670303","0xddd77e91c222e36d4bd5ca8e78682a2172314197","0x0fba475e92cfef19f7dbada8ec2cce4ad7bbc0d9","0xb829d380672792c34ccebe72cc5160c447416270","553633217993079584775086"
"0x736fe8a3232b113957761f7eb269ada184a31cff5149da7e62f5effeee41e1ff-4","28376056","1753788491","0x736fe8a3232b113957761f7eb269ada184a31cff5149da7e62f5effeee41e1ff","0xddd77e91c222e36d4bd5ca8e78682a2172314197","0x0fba475e92cfef19f7dbada8ec2cce4ad7bbc0d9","0x27ebc74ba66399cbbacdfa6c3313491355818592","553633217993079584775086"
"0x73784835833161a48b6d080f0a09bc69fea3d7c15d91e9ee8ac0c458dc2b7c56-61","28372955","1753786603","0x73784835833161a48b6d080f0a09bc69fea3d7c15d91e9ee8ac0c458dc2b7c56","0xddd77e91c222e36d4bd5ca8e78682a2172314197","0x0fba475e92cfef19f7dbada8ec2cce4ad7bbc0d9","0x3ca76ce552ca258d74ac151a1f7262c6b8927c12","553633217993079584775086"
"0x73a81064b02f8910c852ca9ca7f9a919f9b68272d2c9c1480008fff2accf90cd-84","28351359","1753773601","0x73a81064b02f8910c852ca9ca7f9a919f9b68272d2c9c1480008fff2accf90cd","0xddd77e91c222e36d4bd5ca8e78682a2172314197","0x0fba475e92cfef19f7dbada8ec2cce4ad7bbc0d9","0x4dc8c82976c27f797884811bffc9a05b01798a57","553633217993079584775086"
"0x73ac64e149ee2b424f2d15b6a2d89d16cb6275b4cf469bc0e590e8caf08ba801-107","28393892","1753799239","0x73ac64e149ee2b424f2d15b6a2d89d16cb6275b4cf469bc0e590e8caf08ba801","0xddd77e91c222e36d4bd5ca8e78682a2172314197","0x0fba475e92cfef19f7dbada8ec2cce4ad7bbc0d9","0x7c1064606c44b2dd2c65b454855ee9551f88cd4e","553633217993079584775086"
"0x73bb71eccda130ef5be45d978887e07223609054e279f93bec565c9cba9e51bf-56","28406308","1753806764","0x73bb71eccda130ef5be45d978887e07223609054e279f93bec565c9cba9e51bf","0xddd77e91c222e36d4bd5ca8e78682a2172314197","0x0fba475e92cfef19f7dbada8ec2cce4ad7bbc0d9","0x5644bb88bb750e7fa4e8e290367e2a61f396ba70","553633217993079584775086"
"0x73d70dedbdd9e675ab941e047f28936c03b37ad8aec719ed08bc1acfc7d96faf-168","28392249","1753798247","0x73d70dedbdd9e675ab941e047f28936c03b37ad8aec719ed08bc1acfc7d96faf","0xddd77e91c222e36d4bd5ca8e78682a2172314197","0x0fba475e92cfef19f7dbada8ec2cce4ad7bbc0d9","0xb7ff5153f8c1f34878914efd18fc656fc35efe02","553633217993079584775086"
"0x73e0d9d48095d74dcff6dcfc46d3a7308b670b344c17b9c997ec603cc69f6724-93","28347960","1753771581","0x73e0d9d48095d74dcff6dcfc46d3a7308b670b344c17b9c997ec603cc69f6724","0xddd77e91c222e36d4bd5ca8e78682a2172314197","0x0fba475e92cfef19f7dbada8ec2cce4ad7bbc0d9","0x03d4242bf7fdc4c89fdb5c65ebc6bb7cc5f4429a","553633217993079584775086"
"0x73e97a59f1b6898ae59f5b5f9dec387891255abf15747d32a7f8fdd7d4f9eff2-170","28366233","1753782567","0x73e97a59f1b6898ae59f5b5f9dec387891255abf15747d32a7f8fdd7d4f9eff2","0xddd77e91c222e36d4bd5ca8e78682a2172314197","0x0fba475e92cfef19f7dbada8ec2cce4ad7bbc0d9","0x81146e0c493290ae72de8d2ad2ee72fa0eb68e73","553633217993079584775086"
"0x73f8e6d35daa412c749ac90694ea6abd552c0de686b8bb4d5a3e47c28e561a77-103","28399260","1753802479","0x73f8e6d35daa412c749ac90694ea6abd552c0de686b8bb4d5a3e47c28e561a77","0xddd77e91c222e36d4bd5ca8e78682a2172314197","0x0fba475e92cfef19f7dbada8ec2cce4ad7bbc0d9","0xcdbadd16369c162311f9b15128c8703463e7988d","553633217993079584775086"
"0x7437c954d303517d1e2f01dd4cc43618dc5d353d833b410c1986b49edb33f99e-216","28351851","1753773897","0x7437c954d303517d1e2f01dd4cc43618dc5d353d833b410c1986b49edb33f99e","0xddd77e91c222e36d4bd5ca8e78682a2172314197","0x0fba475e92cfef19f7dbada8ec2cce4ad7bbc0d9","0xc00035318fb2d7c990bceb69d8ee4a141c5a40cd","553633217993079584775086"
"0x7481cdba4c66719bb92bbaa120540bf234ffffa05af71438256e933005b250d0-10","28399058","1753802353","0x7481cdba4c66719bb92bbaa120540bf234ffffa05af71438256e933005b250d0","0xddd77e91c222e36d4bd5ca8e78682a2172314197","0x0fba475e92cfef19f7dbada8ec2cce4ad7bbc0d9","0x1d3dfa884db03a06a79f5c83834fe65f7ddd10bf","553633217993079584775086"
"0x74877855671ee3ed9c783883392ee8cf1b97bb5479078d2a5a940bf685623a2f-81","28361167","1753779520","0x74877855671ee3ed9c783883392ee8cf1b97bb5479078d2a5a940bf685623a2f","0xddd77e91c222e36d4bd5ca8e78682a2172314197","0x0fba475e92cfef19f7dbada8ec2cce4ad7bbc0d9","0x7a6d67203bcf89ddef31982a4eb3cb033a70e5a7","553633217993079584775086"
"0x7487a14f7bb10c73980a901e9aebeec7ec211b53f2f09c4ab80b336158a249c4-124","28391936","1753798063","0x7487a14f7bb10c73980a901e9aebeec7ec211b53f2f09c4ab80b336158a249c4","0xddd77e91c222e36d4bd5ca8e78682a2172314197","0x0fba475e92cfef19f7dbada8ec2cce4ad7bbc0d9","0x3cdb214d4025029d5b430e572f4d14ce20bc444b","553633217993079584775086"
"0x74996d1ab343715442a9d1237f6ca3099e46523056a0b59b5813cd64825c0421-33","28393471","1753798978","0x74996d1ab343715442a9d1237f6ca3099e46523056a0b59b5813cd64825c0421","0xddd77e91c222e36d4bd5ca8e78682a2172314197","0x0fba475e92cfef19f7dbada8ec2cce4ad7bbc0d9","0x772614f892f32cea00fb9685b5c459e84abf0f43","553633217993079584775086"
"0x74a4c6ea68b6a4d6689fb8c6010e8740b916ba52de94ef2e5929a5812ca2e0de-267","28366330","1753782625","0x74a4c6ea68b6a4d6689fb8c6010e8740b916ba52de94ef2e5929a5812ca2e0de","0xddd77e91c222e36d4bd5ca8e78682a2172314197","0x0fba475e92cfef19f7dbada8ec2cce4ad7bbc0d9","0x9714cf464fce4c852aae8065c68f8d9275ff052a","553633217993079584775086"
"0x74bcfb4feafe68768cf18bb2d1736e7bd9873ded17ed61655951066e8554e096-49","28369838","1753784740","0x74bcfb4feafe68768cf18bb2d1736e7bd9873ded17ed61655951066e8554e096","0xddd77e91c222e36d4bd5ca8e78682a2172314197","0x0fba475e92cfef19f7dbada8ec2cce4ad7bbc0d9","0xa13cb5e64c363b68eae4a6f4c29b3b59207e83d7","553633217993079584775086"
"0x74f2a8a0047d9cec9998aef9e9dcca2474acacad25b62acf8bc79eba87e4351d-53","28358884","1753778129","0x74f2a8a0047d9cec9998aef9e9dcca2474acacad25b62acf8bc79eba87e4351d","0xddd77e91c222e36d4bd5ca8e78682a2172314197","0x0fba475e92cfef19f7dbada8ec2cce4ad7bbc0d9","0x81c642e6dca026c7853b0e24f40376eaaacce053","553633217993079584775086"
"0x752353d773c84ebdf818494394c3dc1ca41609bcde2372d6f1b4b6a66d489585-207","28353704","1753775007","0x752353d773c84ebdf818494394c3dc1ca41609bcde2372d6f1b4b6a66d489585","0xddd77e91c222e36d4bd5ca8e78682a2172314197","0x0fba475e92cfef19f7dbada8ec2cce4ad7bbc0d9","0x57568540beaac9a78b353b1b12ad0d3b0719ed14","553633217993079584775086"
"0x7526b28c21561ded20321eb6c1050daeba7cb9cdbe247cf540ad8079c0984dd0-548","28343363","1753768787","0x7526b28c21561ded20321eb6c1050daeba7cb9cdbe247cf540ad8079c0984dd0","0xddd77e91c222e36d4bd5ca8e78682a2172314197","0x0fba475e92cfef19f7dbada8ec2cce4ad7bbc0d9","0xc4e3b7ba0da28530d8450ac1871c0b0f2f0a6ac0","553633217993079584775086"
"0x752b342b577ec853c640cbeb0dc21be1c703161e0bc52c359c853f57288a8f80-53","28351670","1753773792","0x752b342b577ec853c640cbeb0dc21be1c703161e0bc52c359c853f57288a8f80","0xddd77e91c222e36d4bd5ca8e78682a2172314197","0x0fba475e92cfef19f7dbada8ec2cce4ad7bbc0d9","0x4cb09deaffdeb9e08e15dcb11e9bf40cf11faf85","553633217993079584775086"
"0x7534c2370bf355261004a660a101a8913bc95338cb76828138941d6044f107aa-724","28345225","1753769919","0x7534c2370bf355261004a660a101a8913bc95338cb76828138941d6044f107aa","0xddd77e91c222e36d4bd5ca8e78682a2172314197","0x0fba475e92cfef19f7dbada8ec2cce4ad7bbc0d9","0xb2a3393247ba628391df31ec2ef3403e5503bb27","553633217993079584775086"
"0x7537024eb1aa22bf293a16205faa9069c84093fccae6592517fbdf4b68b3964b-117","28394069","1753799353","0x7537024eb1aa22bf293a16205faa9069c84093fccae6592517fbdf4b68b3964b","0xddd77e91c222e36d4bd5ca8e78682a2172314197","0x0fba475e92cfef19f7dbada8ec2cce4ad7bbc0d9","0xff526a9e0199a7c5106017619295a5d67d114505","553633217993079584775086"
"0x753ed8b42cd4b1f35d836d62cc42a4cfe8ca2995171a5ba34b7aa9ec7d24cf5d-140","28396907","1753801053","0x753ed8b42cd4b1f35d836d62cc42a4cfe8ca2995171a5ba34b7aa9ec7d24cf5d","0xddd77e91c222e36d4bd5ca8e78682a2172314197","0x0fba475e92cfef19f7dbada8ec2cce4ad7bbc0d9","0x358689aea25eef2e63b9d9cd1d23e265d3b1c989","553633217993079584775086"
"0x757c703ed5a8e5d595a737402f4137c7973ffee3e7450882ba1eda522b01acb4-22","28338923","1753766113","0x757c703ed5a8e5d595a737402f4137c7973ffee3e7450882ba1eda522b01acb4","0xddd77e91c222e36d4bd5ca8e78682a2172314197","0x0fba475e92cfef19f7dbada8ec2cce4ad7bbc0d9","0x9e77c00189190372ddfe0d9a113055bf96379ad3","553633217993079584775086"
"0x75da1f1f78e10805acff1dab2f44333258b8f7e35bff4010e78dbdf04f3f0637-86","28342885","1753768478","0x75da1f1f78e10805acff1dab2f44333258b8f7e35bff4010e78dbdf04f3f0637","0xddd77e91c222e36d4bd5ca8e78682a2172314197","0x0fba475e92cfef19f7dbada8ec2cce4ad7bbc0d9","0x5d28e6c38cd000bf3010f35d03317a0a3c279289","553633217993079584775086"
"0x75dcda85ee4628a2904d41588fac74e2ff30d19bd2f826a69396cf451e79981e-5","28342022","1753767949","0x75dcda85ee4628a2904d41588fac74e2ff30d19bd2f826a69396cf451e79981e","0xddd77e91c222e36d4bd5ca8e78682a2172314197","0x0fba475e92cfef19f7dbada8ec2cce4ad7bbc0d9","0xab9b6f2a976ea8a1baa7b2c27c71e0a7074d471b","553633217993079584775086"
"0x75e4654eb4c9e304727072a307559a3d5b1f0f2c3508dca3437eefb1f811040b-117","28351108","1753773449","0x75e4654eb4c9e304727072a307559a3d5b1f0f2c3508dca3437eefb1f811040b","0xddd77e91c222e36d4bd5ca8e78682a2172314197","0x0fba475e92cfef19f7dbada8ec2cce4ad7bbc0d9","0x2fd0b9cfa8f7dade3fe255ff79c6fe54c549bb1c","553633217993079584775086"
"0x762d81b7c27e8090fd669764747b81a317fef2ccf8270db59ab310fdefc550d5-150","28398322","1753801898","0x762d81b7c27e8090fd669764747b81a317fef2ccf8270db59ab310fdefc550d5","0xddd77e91c222e36d4bd5ca8e78682a2172314197","0x0fba475e92cfef19f7dbada8ec2cce4ad7bbc0d9","0x8d3360988734f88b74c89cc5fdb45c50552c102b","553633217993079584775086"
"0x76681c433f3c007ccceb2ec9000c37fcba0eafb32baf01bf4ec63e435d11959f-53","28374042","1753787264","0x76681c433f3c007ccceb2ec9000c37fcba0eafb32baf01bf4ec63e435d11959f","0xddd77e91c222e36d4bd5ca8e78682a2172314197","0x0fba475e92cfef19f7dbada8ec2cce4ad7bbc0d9","0x391d6d205e01fd4236dfa033c3cc4f7750683925","553633217993079584775086"
"0x767d617c2f61f65817db127f618c712728491b72ba08a99596e35e1254dc344c-60","28349871","1753772711","0x767d617c2f61f65817db127f618c712728491b72ba08a99596e35e1254dc344c","0xddd77e91c222e36d4bd5ca8e78682a2172314197","0x0fba475e92cfef19f7dbada8ec2cce4ad7bbc0d9","0x62dcd470d5ce1e9d51dcf08e96eef24b5c303ac1","553633217993079584775086"
"0x768a0eeac4064d64de32c248754f7a3b578db9cc469ef5c13c0ba7a9a688947e-191","28374190","1753787361","0x768a0eeac4064d64de32c248754f7a3b578db9cc469ef5c13c0ba7a9a688947e","0xddd77e91c222e36d4bd5ca8e78682a2172314197","0x0fba475e92cfef19f7dbada8ec2cce4ad7bbc0d9","0xc77cfe539a8617324f761a0b27a251efd47d4a35","553633217993079584775086"
"0x76a0866bc19b27230de81b852eeef1bafd57feaed3ac84c9cd1af79a23be3889-51","28339778","1753766644","0x76a0866bc19b27230de81b852eeef1bafd57feaed3ac84c9cd1af79a23be3889","0xddd77e91c222e36d4bd5ca8e78682a2172314197","0x0fba475e92cfef19f7dbada8ec2cce4ad7bbc0d9","0x22f29e98847ea11477c19bce2b32e81f8ba06ff1","553633217993079584775086"
"0x76a4e93724caa6c6e6bbd931383ec167cca674f0bed0c921adf14b0046bb7ef3-79","28391828","1753797994","0x76a4e93724caa6c6e6bbd931383ec167cca674f0bed0c921adf14b0046bb7ef3","0xddd77e91c222e36d4bd5ca8e78682a2172314197","0x0fba475e92cfef19f7dbada8ec2cce4ad7bbc0d9","0xf25e6502ae3867649a2759096635ea879ff22c07","553633217993079584775086"
"0x76a5e978219681be9eb9e8824438a16e90419954f4b6aa2c1e73b46fd39e6638-104","28368505","1753783937","0x76a5e978219681be9eb9e8824438a16e90419954f4b6aa2c1e73b46fd39e6638","0xddd77e91c222e36d4bd5ca8e78682a2172314197","0x0fba475e92cfef19f7dbada8ec2cce4ad7bbc0d9","0x79116fd0e5d25175c365ef462d61fdecf464ef2e","553633217993079584775086"
"0x76c56285370d2ceb2009431ee67130958361c1abff88c934670492440175c085-115","28359898","1753778737","0x76c56285370d2ceb2009431ee67130958361c1abff88c934670492440175c085","0xddd77e91c222e36d4bd5ca8e78682a2172314197","0x0fba475e92cfef19f7dbada8ec2cce4ad7bbc0d9","0xc4deec9268780f6104647f54cc2d863b222d557c","553633217993079584775086"
"0x76cc45f5a346e1f130b80633ef9294286939dc26c49dda6ca1315f3a9d0056e1-685","28354105","1753775231","0x76cc45f5a346e1f130b80633ef9294286939dc26c49dda6ca1315f3a9d0056e1","0xddd77e91c222e36d4bd5ca8e78682a2172314197","0x0fba475e92cfef19f7dbada8ec2cce4ad7bbc0d9","0xb0e06add73ddd276d731f5419ebaf81d6615b14e","553633217993079584775086"
"0x76d230a6aacba8ebaf2245326d3e444c00f0dbc5a5ae7d42153a2086ed00508d-81","28354912","1753775722","0x76d230a6aacba8ebaf2245326d3e444c00f0dbc5a5ae7d42153a2086ed00508d","0xddd77e91c222e36d4bd5ca8e78682a2172314197","0x0fba475e92cfef19f7dbada8ec2cce4ad7bbc0d9","0x02f3b4d61981e620812acbb36e5cc9268e315d65","553633217993079584775086"
"0x76e63a1401a44bd55f12e7565012d7671d5950b8213765799ae7cc6e23e216d3-764","28369294","1753784424","0x76e63a1401a44bd55f12e7565012d7671d5950b8213765799ae7cc6e23e216d3","0xddd77e91c222e36d4bd5ca8e78682a2172314197","0x0fba475e92cfef19f7dbada8ec2cce4ad7bbc0d9","0xc4537403fb49219bab227986b9b087cd7913bb89","553633217993079584775086"
"0x77045a5a3be1fbe1db058749f1140b736de815be4fe41be0e77a2cdf90bff64c-230","28375030","1753787891","0x77045a5a3be1fbe1db058749f1140b736de815be4fe41be0e77a2cdf90bff64c","0xddd77e91c222e36d4bd5ca8e78682a2172314197","0x0fba475e92cfef19f7dbada8ec2cce4ad7bbc0d9","0x9c94da642659437c7e591413e6a5a6f40427d7f6","553633217993079584775086"
"0x770d7a158027b8f84664d2a93f834591f1d3f240cee320d58089451ad3743db3-173","28355331","1753775969","0x770d7a158027b8f84664d2a93f834591f1d3f240cee320d58089451ad3743db3","0xddd77e91c222e36d4bd5ca8e78682a2172314197","0x0fba475e92cfef19f7dbada8ec2cce4ad7bbc0d9","0xf867eb6827e74c4ce7ef66dcf81f058046683b6b","553633217993079584775086"
"0x7754f528db23606a0e6ad837c4a7e559febf31b9cb38a99d9bf8c6881045f904-147","28137235","1753645090","0x7754f528db23606a0e6ad837c4a7e559febf31b9cb38a99d9bf8c6881045f904","0xddd77e91c222e36d4bd5ca8e78682a2172314197","0x0fba475e92cfef19f7dbada8ec2cce4ad7bbc0d9","0xfb9749e45b2373dfa252cdc62865a91ef8fafa8f","553633217993079584775086"
"0x77871cb7dc043082f167b6431e7eb2503a0fa9db1bb6997e4f4deded3b6b2747-227","28389748","1753796714","0x77871cb7dc043082f167b6431e7eb2503a0fa9db1bb6997e4f4deded3b6b2747","0xddd77e91c222e36d4bd5ca8e78682a2172314197","0x0fba475e92cfef19f7dbada8ec2cce4ad7bbc0d9","0xc1115d8e6f0828ad3f1fec62de40fe3a5ec93dc5","553633217993079584775086"
"0x7787810204a8609cee825991cee3aee7852fc731aae1f026f891ff82a18a7030-107","28398732","1753802145","0x7787810204a8609cee825991cee3aee7852fc731aae1f026f891ff82a18a7030","0xddd77e91c222e36d4bd5ca8e78682a2172314197","0x0fba475e92cfef19f7dbada8ec2cce4ad7bbc0d9","0xd9978d36016448423b9657eb8c818d0be95a08a3","553633217993079584775086"
"0x77a000e02d7b6813bc4501693a25c79c95fb1be661bc02f14133056571b3bd86-8","28350152","1753772882","0x77a000e02d7b6813bc4501693a25c79c95fb1be661bc02f14133056571b3bd86","0xddd77e91c222e36d4bd5ca8e78682a2172314197","0x0fba475e92cfef19f7dbada8ec2cce4ad7bbc0d9","0xa863eb34ec473cae2ab017c804e03318a2a82e9b","553633217993079584775086"
"0x77ac0d67a5d84de7702655547874504e9c24d5b05d15ca13dc02eba01a51d749-119","28335962","1753764356","0x77ac0d67a5d84de7702655547874504e9c24d5b05d15ca13dc02eba01a51d749","0xddd77e91c222e36d4bd5ca8e78682a2172314197","0x0fba475e92cfef19f7dbada8ec2cce4ad7bbc0d9","0x0d2bbb0cb9dcf7b4a1b68039d1eca7c164a8a8f3","553633217993079584775086"
"0x77b3b30ba14b56c50a007fd6bd605a3bbc3d9328838f5b94787680d475576ba3-111","28370329","1753785022","0x77b3b30ba14b56c50a007fd6bd605a3bbc3d9328838f5b94787680d475576ba3","0xddd77e91c222e36d4bd5ca8e78682a2172314197","0x0fba475e92cfef19f7dbada8ec2cce4ad7bbc0d9","0x72de516706387fa100ba372e7864cefc3475572b","553633217993079584775086"
"0x77c481539985af4ad92e5ded3dc0e6167491efb52b342925e0638cd64b622bda-73","28339715","1753766610","0x77c481539985af4ad92e5ded3dc0e6167491efb52b342925e0638cd64b622bda","0xddd77e91c222e36d4bd5ca8e78682a2172314197","0x0fba475e92cfef19f7dbada8ec2cce4ad7bbc0d9","0xc9ede0907afbce632a506161cf198b2e1d1ac4e3","553633217993079584775086"
"0x77de4d0aab1d91f223aec6c7149d6981c0c6995556536fe705fdf9418bec61e7-94","28338243","1753765701","0x77de4d0aab1d91f223aec6c7149d6981c0c6995556536fe705fdf9418bec61e7","0xddd77e91c222e36d4bd5ca8e78682a2172314197","0x0fba475e92cfef19f7dbada8ec2cce4ad7bbc0d9","0x7ab4db3c4e8484b51c6d467640ed490a0efc4497","553633217993079584775086"
"0x77e6fa7df3844fd11d9f1481a9e2779b37079504a247821dfc2177f24c3e55d3-657","28394491","1753799618","0x77e6fa7df3844fd11d9f1481a9e2779b37079504a247821dfc2177f24c3e55d3","0xddd77e91c222e36d4bd5ca8e78682a2172314197","0x0fba475e92cfef19f7dbada8ec2cce4ad7bbc0d9","0x714b6e5ef353a40eb739b2eda3e54233eb95f44f","553633217993079584775086"
"0x77ebd03c24e8b29aad91141605c3b9100d793e78318093fb50d0395be773acd5-52","28399838","1753802845","0x77ebd03c24e8b29aad91141605c3b9100d793e78318093fb50d0395be773acd5","0xddd77e91c222e36d4bd5ca8e78682a2172314197","0x0fba475e92cfef19f7dbada8ec2cce4ad7bbc0d9","0x14a40b9b8398653a17c3278225f3bebfabc2c158","553633217993079584775086"
"0x77f260682ea6e48c3a56d2406d50140f43f64cbbc7596c12466d341b32f76fd2-154","28353189","1753774699","0x77f260682ea6e48c3a56d2406d50140f43f64cbbc7596c12466d341b32f76fd2","0xddd77e91c222e36d4bd5ca8e78682a2172314197","0x0fba475e92cfef19f7dbada8ec2cce4ad7bbc0d9","0x20a25401e0babc8c630eb45e05edf31ffede8d70","553633217993079584775086"
"0x77f6fa646638d654e80268da4146a230b2cb17aeb857b664164e98b6030dd392-133","28404680","1753805782","0x77f6fa646638d654e80268da4146a230b2cb17aeb857b664164e98b6030dd392","0xddd77e91c222e36d4bd5ca8e78682a2172314197","0x0fba475e92cfef19f7dbada8ec2cce4ad7bbc0d9","0xa0c3998615c3228a5b7e210f88d805453342c13c","553633217993079584775086"
"0x780fe4ae2bebc8dabd14dcc87cda0439cab7f226248a6e557547765d8a466cc3-538","28337107","1753765032","0x780fe4ae2bebc8dabd14dcc87cda0439cab7f226248a6e557547765d8a466cc3","0xddd77e91c222e36d4bd5ca8e78682a2172314197","0x0fba475e92cfef19f7dbada8ec2cce4ad7bbc0d9","0xfd2855a500a940ae0f2489d242cc6b0681534238","553633217993079584775086"
"0x781f563487b39e0f29a58d83d510afba058e56a522b8a06289cfde1ff070ab79-281","28386174","1753794579","0x781f563487b39e0f29a58d83d510afba058e56a522b8a06289cfde1ff070ab79","0xddd77e91c222e36d4bd5ca8e78682a2172314197","0x0fba475e92cfef19f7dbada8ec2cce4ad7bbc0d9","0xdd685ef8bad58e1bc18a6a25b6d5da5bb1a4ba73","553633217993079584775086"
"0x782ca45ec5d7c6e5cf86f422fad2d953cfc39f7775797ee86ffd5ea004486299-36","28391601","1753797849","0x782ca45ec5d7c6e5cf86f422fad2d953cfc39f7775797ee86ffd5ea004486299","0xddd77e91c222e36d4bd5ca8e78682a2172314197","0x0fba475e92cfef19f7dbada8ec2cce4ad7bbc0d9","0x81cf3c96e030ea8de58848049358f69d644de5f8","553633217993079584775086"
"0x78341ad5352691ebc3001930898dcc3692507398f669c51b12fda19568617cb0-133","28382068","1753792146","0x78341ad5352691ebc3001930898dcc3692507398f669c51b12fda19568617cb0","0xddd77e91c222e36d4bd5ca8e78682a2172314197","0x0fba475e92cfef19f7dbada8ec2cce4ad7bbc0d9","0x62d75b961502e11398a3ba71b5ca1c81ef2336af","553633217993079584775086"
"0x78459bacd4f31c58c65899395eb45b37484f30742dbba068e90f0a41b4afd744-50","28401172","1753803660","0x78459bacd4f31c58c65899395eb45b37484f30742dbba068e90f0a41b4afd744","0xddd77e91c222e36d4bd5ca8e78682a2172314197","0x0fba475e92cfef19f7dbada8ec2cce4ad7bbc0d9","0x1c5ac384e18a24cc35772a6c2eafae49e1d0e9e4","553633217993079584775086"
"0x78777493d9c6d2eda670b56b9289c7db8c897d667cca1fc1d9be85bb0b4216f5-113","28392402","1753798335","0x78777493d9c6d2eda670b56b9289c7db8c897d667cca1fc1d9be85bb0b4216f5","0xddd77e91c222e36d4bd5ca8e78682a2172314197","0x0fba475e92cfef19f7dbada8ec2cce4ad7bbc0d9","0x677397f2002d50cc6403126662280a296b09e980","553633217993079584775086"
"0x789127deb84d36e408889fbc29575fe0f0424974e3f44a7f803c10b0820fbe6c-3","28129956","1753640701","0x789127deb84d36e408889fbc29575fe0f0424974e3f44a7f803c10b0820fbe6c","0xddd77e91c222e36d4bd5ca8e78682a2172314197","0x0fba475e92cfef19f7dbada8ec2cce4ad7bbc0d9","0x7a073bfd2840e32885ab679b203cebe673839bbb","553633217993079584775086"
"0x78a165766004496ba0b4b37486a8d870e7f241417f38a3bc82df2666afbaff0a-103","28341888","1753767875","0x78a165766004496ba0b4b37486a8d870e7f241417f38a3bc82df2666afbaff0a","0xddd77e91c222e36d4bd5ca8e78682a2172314197","0x0fba475e92cfef19f7dbada8ec2cce4ad7bbc0d9","0xf69c541cab19fab0168c697ace854b5846c3b35a","553633217993079584775086"
"0x78b48cef4306f513391547fbaf94b0f67b3bbc516b88cc508792131b044de1b7-51","28366409","1753782668","0x78b48cef4306f513391547fbaf94b0f67b3bbc516b88cc508792131b044de1b7","0xddd77e91c222e36d4bd5ca8e78682a2172314197","0x0fba475e92cfef19f7dbada8ec2cce4ad7bbc0d9","0xd00c0ac8201d0e44cae5f5363a916512ae3e65be","553633217993079584775086"
"0x78d4ce45449ae0a83de2e30208aefd671a007400ca44997d1a4421445781117f-43","28383152","1753792805","0x78d4ce45449ae0a83de2e30208aefd671a007400ca44997d1a4421445781117f","0xddd77e91c222e36d4bd5ca8e78682a2172314197","0x0fba475e92cfef19f7dbada8ec2cce4ad7bbc0d9","0x73bf7230a728aa97dd254958ca9810499823d49f","553633217993079584775086"
"0x790548d816c8f7691096d3dd03b64410b319b457059b51663cff92191ccc0dda-131","28408146","1753807904","0x790548d816c8f7691096d3dd03b64410b319b457059b51663cff92191ccc0dda","0xddd77e91c222e36d4bd5ca8e78682a2172314197","0x0fba475e92cfef19f7dbada8ec2cce4ad7bbc0d9","0x306bc11b4b1ae2e573bd75afef9c277615995dc7","553633217993079584775086"
"0x7934f7acc66bf6622951eb1435645eae65a03d9b044b04adea70a4eb9a591aed-131","28340446","1753767030","0x7934f7acc66bf6622951eb1435645eae65a03d9b044b04adea70a4eb9a591aed","0xddd77e91c222e36d4bd5ca8e78682a2172314197","0x0fba475e92cfef19f7dbada8ec2cce4ad7bbc0d9","0xad46817da816e470510e383ae335f49a0f0d342d","553633217993079584775086"
"0x794b1d4a2c93cb29a345a6fe105477d556200fad47ecae98d68a20c6d0c97e68-81","28401306","1753803743","0x794b1d4a2c93cb29a345a6fe105477d556200fad47ecae98d68a20c6d0c97e68","0xddd77e91c222e36d4bd5ca8e78682a2172314197","0x0fba475e92cfef19f7dbada8ec2cce4ad7bbc0d9","0x26c685b5d4e058d3507eb7d8a41d6a4a5d7e146b","553633217993079584775086"
"0x79841aa5dadd3458f48e5ff69d4f1d0f957fb4ad3dbfd8e265d4923d99c9754a-109","28365039","1753781828","0x79841aa5dadd3458f48e5ff69d4f1d0f957fb4ad3dbfd8e265d4923d99c9754a","0xddd77e91c222e36d4bd5ca8e78682a2172314197","0x0fba475e92cfef19f7dbada8ec2cce4ad7bbc0d9","0x4dd3086a26ce2577f7c012299e0ab03a0570adc2","553633217993079584775086"
"0x79cb2beedaa7dc6ef9b5c3fe81cb1ff57fa43dc58e73d9f94ded58314ccb8dc3-40","28389458","1753796528","0x79cb2beedaa7dc6ef9b5c3fe81cb1ff57fa43dc58e73d9f94ded58314ccb8dc3","0xddd77e91c222e36d4bd5ca8e78682a2172314197","0x0fba475e92cfef19f7dbada8ec2cce4ad7bbc0d9","0x70a8e15a7e2a9f50b69e47e85e231fff811e38df","553633217993079584775086"
"0x79d2fb2539c2b1f0194686f3881e1c2cb62fb845a6a749dbaafdb37089dd57c3-11","28376747","1753788908","0x79d2fb2539c2b1f0194686f3881e1c2cb62fb845a6a749dbaafdb37089dd57c3","0xddd77e91c222e36d4bd5ca8e78682a2172314197","0x0fba475e92cfef19f7dbada8ec2cce4ad7bbc0d9","0xcb9271c57fcc61c3ceacbb4f12d750b966f675ac","553633217993079584775086"
"0x79f1544628005b33d8f08d68e850c022a9388f237381a8a0ce376d2290714f90-106","28365952","1753782387","0x79f1544628005b33d8f08d68e850c022a9388f237381a8a0ce376d2290714f90","0xddd77e91c222e36d4bd5ca8e78682a2172314197","0x0fba475e92cfef19f7dbada8ec2cce4ad7bbc0d9","0x3f0395e0ea505fc1062ec8d3741e31315c60c24f","553633217993079584775086"
"0x79feb699a6b6980cabca961dbc1a9aa603e29e7e1a407985a38d1f1385d680d5-81","28334786","1753763642","0x79feb699a6b6980cabca961dbc1a9aa603e29e7e1a407985a38d1f1385d680d5","0xddd77e91c222e36d4bd5ca8e78682a2172314197","0x0fba475e92cfef19f7dbada8ec2cce4ad7bbc0d9","0xf0fff0e3776f5f126091d3bc2eedb67883b43cc5","553633217993079584775086"
"0x7a031fdd5a888ec3363282c8974b03c2bb26e3e5e236f02e7a7973981b13f420-22","28399836","1753802844","0x7a031fdd5a888ec3363282c8974b03c2bb26e3e5e236f02e7a7973981b13f420","0xddd77e91c222e36d4bd5ca8e78682a2172314197","0x0fba475e92cfef19f7dbada8ec2cce4ad7bbc0d9","0x550fbdc4dc059b6dde16cbcd28d1fcd3dd3fe89f","553633217993079584775086"
"0x7a0c8422795f3a27defef9fdc7299d954c2f803bda420e233d189443eb6bbe4d-3","28371964","1753786006","0x7a0c8422795f3a27defef9fdc7299d954c2f803bda420e233d189443eb6bbe4d","0xddd77e91c222e36d4bd5ca8e78682a2172314197","0x0fba475e92cfef19f7dbada8ec2cce4ad7bbc0d9","0xb9432064bce2f83a7eb559801b09c3f163c3670a","553633217993079584775086"
"0x7a33cede72f871e90e52ec51de649ce06d1a2cee7dea5f0f016ad991d8541f27-167","28357843","1753777498","0x7a33cede72f871e90e52ec51de649ce06d1a2cee7dea5f0f016ad991d8541f27","0xddd77e91c222e36d4bd5ca8e78682a2172314197","0x0fba475e92cfef19f7dbada8ec2cce4ad7bbc0d9","0xf9eceaad8f337df086d7d45559ff9330917c2650","553633217993079584775086"
"0x7a37d114fddafc7f6447cf81cab66ca4467941ec32b41aa4c194b3bbd7f84f86-167","28337664","1753765365","0x7a37d114fddafc7f6447cf81cab66ca4467941ec32b41aa4c194b3bbd7f84f86","0xddd77e91c222e36d4bd5ca8e78682a2172314197","0x0fba475e92cfef19f7dbada8ec2cce4ad7bbc0d9","0xcc71983dd924098cdc017bc462b4ca65fd4755ef","553633217993079584775086"
"0x7a530d4aaa86b9e17ad20c7c1e071cb6ddaca7acddb0ab4a7ea39cb118321e4f-70","28394292","1753799479","0x7a530d4aaa86b9e17ad20c7c1e071cb6ddaca7acddb0ab4a7ea39cb118321e4f","0xddd77e91c222e36d4bd5ca8e78682a2172314197","0x0fba475e92cfef19f7dbada8ec2cce4ad7bbc0d9","0x47d452f4b371d9586571fbe9b4f0b03cf49d0603","553633217993079584775086"
"0x7a5a3e9345b0f3e6d0e49ac7b88e7897058241be251addc77dd5f2ba55ebf5c1-286","28335787","1753764248","0x7a5a3e9345b0f3e6d0e49ac7b88e7897058241be251addc77dd5f2ba55ebf5c1","0xddd77e91c222e36d4bd5ca8e78682a2172314197","0x0fba475e92cfef19f7dbada8ec2cce4ad7bbc0d9","0x6af80328e7b7c216aeb7e78c0b6652df6f584e6f","553633217993079584775086"
"0x7a5b615ab3670397b3e118de483900535e6ca80989b509780deaaae42d8144f2-81","28357164","1753777071","0x7a5b615ab3670397b3e118de483900535e6ca80989b509780deaaae42d8144f2","0xddd77e91c222e36d4bd5ca8e78682a2172314197","0x0fba475e92cfef19f7dbada8ec2cce4ad7bbc0d9","0xdcd6465d9ef22dae38f49b2d867cf7c9d27efe4c","553633217993079584775086"
"0x7a5f0ec3c13813a5beef267f84d09ffb48f143b6437a665ca92f16b78c5b8a1d-3","28378197","1753789789","0x7a5f0ec3c13813a5beef267f84d09ffb48f143b6437a665ca92f16b78c5b8a1d","0xddd77e91c222e36d4bd5ca8e78682a2172314197","0x0fba475e92cfef19f7dbada8ec2cce4ad7bbc0d9","0xfb07470dd665c69ea45e0dcb9dc55a1d555693cd","553633217993079584775086"
"0x7aa311a9d6dffc3d899db369d092c7b0a92c7edb68ad630bde59c041c23d9055-799","28392387","1753798328","0x7aa311a9d6dffc3d899db369d092c7b0a92c7edb68ad630bde59c041c23d9055","0xddd77e91c222e36d4bd5ca8e78682a2172314197","0x0fba475e92cfef19f7dbada8ec2cce4ad7bbc0d9","0x53ab0b1c7b79bb947f409a6a414affd3de5dff3c","553633217993079584775086"
"0x7ab6eb31dffd3fd7c5486db0c24bb0ffb98fd99dea2d921d1df79796289b2650-21","28333906","1753763074","0x7ab6eb31dffd3fd7c5486db0c24bb0ffb98fd99dea2d921d1df79796289b2650","0xddd77e91c222e36d4bd5ca8e78682a2172314197","0x0fba475e92cfef19f7dbada8ec2cce4ad7bbc0d9","0x5d31f798b1832995552fa0992c5a64ed7ab70277","553633217993079584775086"
"0x7abf4d418535c533f8efc05a65a0d263034950a7c58a31c64916b480d37d2ac4-42","28336220","1753764517","0x7abf4d418535c533f8efc05a65a0d263034950a7c58a31c64916b480d37d2ac4","0xddd77e91c222e36d4bd5ca8e78682a2172314197","0x0fba475e92cfef19f7dbada8ec2cce4ad7bbc0d9","0xff5825aa0b41e1e38a380836af60ae40e88317b0","553633217993079584775086"
"0x7ac1b32669470f4dfa0d6d2cf5a64a353096888be283118a7312ddc6b5171fe8-262","28354278","1753775338","0x7ac1b32669470f4dfa0d6d2cf5a64a353096888be283118a7312ddc6b5171fe8","0xddd77e91c222e36d4bd5ca8e78682a2172314197","0x0fba475e92cfef19f7dbada8ec2cce4ad7bbc0d9","0xf5160d0d4f059e513eec5d7f659dc1e627a8a95d","553633217993079584775086"
"0x7ac5692cbc0cde5c26dd3399f1163af8724743b94300a3bbedca41eb4bb1d39e-37","28399839","1753802845","0x7ac5692cbc0cde5c26dd3399f1163af8724743b94300a3bbedca41eb4bb1d39e","0xddd77e91c222e36d4bd5ca8e78682a2172314197","0x0fba475e92cfef19f7dbada8ec2cce4ad7bbc0d9","0x42615f06393091c4f540dc55c793a6ffef320909","553633217993079584775086"
"0x7ad0b4b4040dfdc352b22d7e9a7e3222f8a86b11cbe5f4e1973f1bf1dcf82054-124","28343210","1753768688","0x7ad0b4b4040dfdc352b22d7e9a7e3222f8a86b11cbe5f4e1973f1bf1dcf82054","0xddd77e91c222e36d4bd5ca8e78682a2172314197","0x0fba475e92cfef19f7dbada8ec2cce4ad7bbc0d9","0xebfa36ab6047548015a892ecae763b3522608674","553633217993079584775086"
"0x7b06deac7d69d2225b74e7e573844cf83ac7fa299448017fdbd6b9acfd3f99d9-39","28358033","1753777609","0x7b06deac7d69d2225b74e7e573844cf83ac7fa299448017fdbd6b9acfd3f99d9","0xddd77e91c222e36d4bd5ca8e78682a2172314197","0x0fba475e92cfef19f7dbada8ec2cce4ad7bbc0d9","0x4b9216767402059f5e69b019f776d85aae8911ca","553633217993079584775086"
"0x7b101915147749bb04d87efc37e0b197f125c00e68dd332be89a55dfee86b47e-51","28362720","1753780448","0x7b101915147749bb04d87efc37e0b197f125c00e68dd332be89a55dfee86b47e","0xddd77e91c222e36d4bd5ca8e78682a2172314197","0x0fba475e92cfef19f7dbada8ec2cce4ad7bbc0d9","0x18b4992085b2548e11e942541a86614b57673927","553633217993079584775086"
"0x7b14525ebac36e9c5dc2629cbbc85a2c54ea0336d660424a04968b1ca6df0b0a-729","28368570","1753783982","0x7b14525ebac36e9c5dc2629cbbc85a2c54ea0336d660424a04968b1ca6df0b0a","0xddd77e91c222e36d4bd5ca8e78682a2172314197","0x0fba475e92cfef19f7dbada8ec2cce4ad7bbc0d9","0xce76b00587ef06b5feef35b93ad7516fbb6ee0a0","553633217993079584775086"
"0x7b1a64f46d5a3843d0b6840d78d1bd982b18ae462e17aa8e1ec7fed2c610f69a-76","28346958","1753770984","0x7b1a64f46d5a3843d0b6840d78d1bd982b18ae462e17aa8e1ec7fed2c610f69a","0xddd77e91c222e36d4bd5ca8e78682a2172314197","0x0fba475e92cfef19f7dbada8ec2cce4ad7bbc0d9","0x68f272b72e7bf5ead2f81d17b444a6c9454d5073","553633217993079584775086"
"0x7b49e542c76785add39e25109573f58fadac8501d34b61902a8862fa81748940-41","28330407","1753760992","0x7b49e542c76785add39e25109573f58fadac8501d34b61902a8862fa81748940","0xddd77e91c222e36d4bd5ca8e78682a2172314197","0x0fba475e92cfef19f7dbada8ec2cce4ad7bbc0d9","0x16115040cfc2cec560b03188d9f23b6badd0c916","553633217993079584775086"
"0x7b4ce9d7940b2ff10de66fa6e346b7fbc5c8793bd8990ca8fd16999990f6d1e4-63","28399464","1753802600","0x7b4ce9d7940b2ff10de66fa6e346b7fbc5c8793bd8990ca8fd16999990f6d1e4","0xddd77e91c222e36d4bd5ca8e78682a2172314197","0x0fba475e92cfef19f7dbada8ec2cce4ad7bbc0d9","0x71650c76ad99545383ad4d7a1dd2e870e15eb76f","553633217993079584775086"
"0x7b54a57ca9c6761bc0eee8d43bd572834f33ba628168721e9db893678cb4c754-11","28331035","1753761383","0x7b54a57ca9c6761bc0eee8d43bd572834f33ba628168721e9db893678cb4c754","0xddd77e91c222e36d4bd5ca8e78682a2172314197","0x0fba475e92cfef19f7dbada8ec2cce4ad7bbc0d9","0xb123c09ae50f88353d9ad40eef43b2c769a44780","553633217993079584775086"
"0x7b60fb560e83ec51b1849c2867427bfd8bb0dce6165c5ac9b230520a28bfa70b-4","28369017","1753784261","0x7b60fb560e83ec51b1849c2867427bfd8bb0dce6165c5ac9b230520a28bfa70b","0xddd77e91c222e36d4bd5ca8e78682a2172314197","0x0fba475e92cfef19f7dbada8ec2cce4ad7bbc0d9","0xbf88382a1060e3ab9fb9880a60e9a507d2ab88e0","553633217993079584775086"
"0x7b6449d84dc4485917d2f4d17b61ac44bdac1e4f7643c424b6b4ab5cf141e4c1-125","28334784","1753763641","0x7b6449d84dc4485917d2f4d17b61ac44bdac1e4f7643c424b6b4ab5cf141e4c1","0xddd77e91c222e36d4bd5ca8e78682a2172314197","0x0fba475e92cfef19f7dbada8ec2cce4ad7bbc0d9","0x49d3ddffee32a20cf65f53553a52a28bb4e6824f","553633217993079584775086"
"0x7b64d37cfaca88d91def89934af375d830751ed32eb69e924c02e2ca8290074e-165","28370877","1753785353","0x7b64d37cfaca88d91def89934af375d830751ed32eb69e924c02e2ca8290074e","0xddd77e91c222e36d4bd5ca8e78682a2172314197","0x0fba475e92cfef19f7dbada8ec2cce4ad7bbc0d9","0x8cbc049551522ce30fd8600290cb006ab23a3c2e","553633217993079584775086"
"0x7b686e3922da1da4173f0db5da054c465c99cb87a559348ba4e82c4d1ff36e8f-112","28370504","1753785126","0x7b686e3922da1da4173f0db5da054c465c99cb87a559348ba4e82c4d1ff36e8f","0xddd77e91c222e36d4bd5ca8e78682a2172314197","0x0fba475e92cfef19f7dbada8ec2cce4ad7bbc0d9","0xe7ccae02f4ef442820aa2f8f5ada8573c7a29e01","553633217993079584775086"
"0x7b89574c39b785441ce0a3a91d336d819cbcb7859009eaed3206d366a4a7e9bd-92","28396599","1753800866","0x7b89574c39b785441ce0a3a91d336d819cbcb7859009eaed3206d366a4a7e9bd","0xddd77e91c222e36d4bd5ca8e78682a2172314197","0x0fba475e92cfef19f7dbada8ec2cce4ad7bbc0d9","0xff19814e60c314db31026b6babc046fec12ccf6d","553633217993079584775086"
"0x7b8d5b059698106044f1b07f37747b735450061aebc227c9a9a70aba2fa92a32-163","28394212","1753799433","0x7b8d5b059698106044f1b07f37747b735450061aebc227c9a9a70aba2fa92a32","0xddd77e91c222e36d4bd5ca8e78682a2172314197","0x0fba475e92cfef19f7dbada8ec2cce4ad7bbc0d9","0xfc5627cc051ac0359742789f6079cce2853a8c7b","553633217993079584775086"
"0x7bb2c7bbcfa81ad13ad783b9f922f07ec49a2defdd15331ec9a49913922b722b-80","28351565","1753773728","0x7bb2c7bbcfa81ad13ad783b9f922f07ec49a2defdd15331ec9a49913922b722b","0xddd77e91c222e36d4bd5ca8e78682a2172314197","0x0fba475e92cfef19f7dbada8ec2cce4ad7bbc0d9","0xf0f90e53f19a9a70241f54e48af0906c4b8cc308","553633217993079584775086"
"0x7bc74b5dc3c7fd2da5dd26519d0808ba61810491c60b3ef30bfd8832ca21c02e-66","28338507","1753765859","0x7bc74b5dc3c7fd2da5dd26519d0808ba61810491c60b3ef30bfd8832ca21c02e","0xddd77e91c222e36d4bd5ca8e78682a2172314197","0x0fba475e92cfef19f7dbada8ec2cce4ad7bbc0d9","0xe3afbe69f2294cbd6f05fac26453df21ffb37201","553633217993079584775086"
"0x7bcaeb3f125e87854668b13aa023dde341f59b58581e4d6ccc73ddb5b40d4e1b-44","28356699","1753776798","0x7bcaeb3f125e87854668b13aa023dde341f59b58581e4d6ccc73ddb5b40d4e1b","0xddd77e91c222e36d4bd5ca8e78682a2172314197","0x0fba475e92cfef19f7dbada8ec2cce4ad7bbc0d9","0x8f2aff0a4ab9976559407356dbb50c1b9d2d326d","553633217993079584775086"
"0x7bde146bc9bcf47f27fa86c7220580c90a1f0248db0dd9498e1c4a93140294c9-413","28364926","1753781763","0x7bde146bc9bcf47f27fa86c7220580c90a1f0248db0dd9498e1c4a93140294c9","0xddd77e91c222e36d4bd5ca8e78682a2172314197","0x0fba475e92cfef19f7dbada8ec2cce4ad7bbc0d9","0xc11a3019d9d56911915e32952e80848a9a7664f4","553633217993079584775086"
"0x7bf610c8a817f8135537b699ad94f1ab04caa90cfc4a4cfcf69fa538e37f1b35-17","28365274","1753781966","0x7bf610c8a817f8135537b699ad94f1ab04caa90cfc4a4cfcf69fa538e37f1b35","0xddd77e91c222e36d4bd5ca8e78682a2172314197","0x0fba475e92cfef19f7dbada8ec2cce4ad7bbc0d9","0x0dfb90a3ccfee7b69277e7df6ca4fa8fc68baf1f","553633217993079584775086"
"0x7c0322c5638bc65df78e65817da05a7ec0686c0edbc3ea8fadd630126db69a6a-3","28383439","1753792972","0x7c0322c5638bc65df78e65817da05a7ec0686c0edbc3ea8fadd630126db69a6a","0xddd77e91c222e36d4bd5ca8e78682a2172314197","0x0fba475e92cfef19f7dbada8ec2cce4ad7bbc0d9","0x5efd95ced49055f9f2d945a459debfccee33aa54","553633217993079584775086"
"0x7c39a370652cfb15c258706aa93c3a7af541b40005c0b02041d1e7f418b6b9c5-188","28337794","1753765439","0x7c39a370652cfb15c258706aa93c3a7af541b40005c0b02041d1e7f418b6b9c5","0xddd77e91c222e36d4bd5ca8e78682a2172314197","0x0fba475e92cfef19f7dbada8ec2cce4ad7bbc0d9","0x1ef6044bc6cd29bff3c82dc36e54e3947b73e135","553633217993079584775086"
"0x7c4d4e46687b99d74082dd9a6bf2f2a358e5b609f4a4b6ee5b6481a9cadc0fc6-184","28375227","1753788010","0x7c4d4e46687b99d74082dd9a6bf2f2a358e5b609f4a4b6ee5b6481a9cadc0fc6","0xddd77e91c222e36d4bd5ca8e78682a2172314197","0x0fba475e92cfef19f7dbada8ec2cce4ad7bbc0d9","0x0aed830f03422a13cbe738c855c07b25574ab91b","553633217993079584775086"
"0x7c68c7ca0ff85f8c9587a2c0dbc0a36ad2e0cd5762145a52f297702793ed878c-113","28330163","1753760847","0x7c68c7ca0ff85f8c9587a2c0dbc0a36ad2e0cd5762145a52f297702793ed878c","0xddd77e91c222e36d4bd5ca8e78682a2172314197","0x0fba475e92cfef19f7dbada8ec2cce4ad7bbc0d9","0x026883803bd72bbafcd74b0799edb5205f21161a","553633217993079584775086"
"0x7c7f73d5dd9dfb3e6e26b3512e60d37e890ba4e1952dcb2a78853a775a4df5b5-176","28392249","1753798247","0x7c7f73d5dd9dfb3e6e26b3512e60d37e890ba4e1952dcb2a78853a775a4df5b5","0xddd77e91c222e36d4bd5ca8e78682a2172314197","0x0fba475e92cfef19f7dbada8ec2cce4ad7bbc0d9","0x62186537c4d53711a1917d81bfbb34e99de5bafc","553633217993079584775086"
"0x7c895f2ed45606e2627f91f6a006ef608e90df6d02e79014a36d38590384b342-19","28393378","1753798918","0x7c895f2ed45606e2627f91f6a006ef608e90df6d02e79014a36d38590384b342","0xddd77e91c222e36d4bd5ca8e78682a2172314197","0x0fba475e92cfef19f7dbada8ec2cce4ad7bbc0d9","0x90b6a1f8df231cd7fd5cca4fc4a2ee3a25ffc8e5","553633217993079584775086"
"0x7ce475879eec45b4a985c36922ff9dc431af1218bdde66f8da30e368a884136b-106","28350876","1753773313","0x7ce475879eec45b4a985c36922ff9dc431af1218bdde66f8da30e368a884136b","0xddd77e91c222e36d4bd5ca8e78682a2172314197","0x0fba475e92cfef19f7dbada8ec2cce4ad7bbc0d9","0xfc5d16f6cbc2ecae85bc023de1525e7a5bb05d7f","553633217993079584775086"
"0x7cffc6eb97b23b589efd120e51dc5e5586b03958dbbfface383854e884851176-138","28345565","1753770134","0x7cffc6eb97b23b589efd120e51dc5e5586b03958dbbfface383854e884851176","0xddd77e91c222e36d4bd5ca8e78682a2172314197","0x0fba475e92cfef19f7dbada8ec2cce4ad7bbc0d9","0xb15cfedcd9c92d1f2ac3d31344973e8f357df071","553633217993079584775086"
"0x7d1ff66c4ad37b16332b30afc0ff37df3cb3dadd17f25f77e6b6d4ae4e2bf9cb-4","28376031","1753788478","0x7d1ff66c4ad37b16332b30afc0ff37df3cb3dadd17f25f77e6b6d4ae4e2bf9cb","0xddd77e91c222e36d4bd5ca8e78682a2172314197","0x0fba475e92cfef19f7dbada8ec2cce4ad7bbc0d9","0x8c76ff58432477c2c7ae12185b7bd786b633841a","553633217993079584775086"
"0x7d27fc9d15af593739ef7d13c004b87644ec013b7f6cb981b5c0c6b16f7d9ad6-8","28409096","1753808474","0x7d27fc9d15af593739ef7d13c004b87644ec013b7f6cb981b5c0c6b16f7d9ad6","0xddd77e91c222e36d4bd5ca8e78682a2172314197","0x0fba475e92cfef19f7dbada8ec2cce4ad7bbc0d9","0xb85106ff103f73f78894064d20186418048c5f4c","553633217993079584775086"
"0x7d51c897a244a2775783c3f770333e80042fba4736c0b3cbc968cbf8ce42b929-5","28375699","1753788289","0x7d51c897a244a2775783c3f770333e80042fba4736c0b3cbc968cbf8ce42b929","0xddd77e91c222e36d4bd5ca8e78682a2172314197","0x0fba475e92cfef19f7dbada8ec2cce4ad7bbc0d9","0xcc3d7f9fe6946979215a901bba385a88fdabbbf4","553633217993079584775086"
"0x7d5aa64b5e23021ddb82c8c515aa9acb0b5d46597c47632a3f61874ac64e6c94-167","28342028","1753767952","0x7d5aa64b5e23021ddb82c8c515aa9acb0b5d46597c47632a3f61874ac64e6c94","0xddd77e91c222e36d4bd5ca8e78682a2172314197","0x0fba475e92cfef19f7dbada8ec2cce4ad7bbc0d9","0xa5618f5721492c3d50415c9a0bd4b470def40f9d","553633217993079584775086"
"0x7d62721aa90f823e180eadc812f84bd2f34e77217807b5c4e62f34af4341147b-137","28346215","1753770511","0x7d62721aa90f823e180eadc812f84bd2f34e77217807b5c4e62f34af4341147b","0xddd77e91c222e36d4bd5ca8e78682a2172314197","0x0fba475e92cfef19f7dbada8ec2cce4ad7bbc0d9","0x5d84ea0c0f70911ccd81e7655734335e35479f7e","553633217993079584775086"
"0x7d67d3b202fd3502ebf86207bddb2a1d59498ccef744ba68a6a13205b8be6577-132","28370127","1753784911","0x7d67d3b202fd3502ebf86207bddb2a1d59498ccef744ba68a6a13205b8be6577","0xddd77e91c222e36d4bd5ca8e78682a2172314197","0x0fba475e92cfef19f7dbada8ec2cce4ad7bbc0d9","0x84dc58f0b2bf8dce0d68370dc18308a867a6599c","553633217993079584775086"
"0x7d7c2213f44d2e435eff0f4c9db33d66de372bec5b5862365583e4b0cb234f4e-920","28343540","1753768897","0x7d7c2213f44d2e435eff0f4c9db33d66de372bec5b5862365583e4b0cb234f4e","0xddd77e91c222e36d4bd5ca8e78682a2172314197","0x0fba475e92cfef19f7dbada8ec2cce4ad7bbc0d9","0x84ae379244269d70fd9f6423bed3000866aacfc1","553633217993079584775086"
"0x7d9f344e5b1e26bcd743fc66081f39d3995e4bd67ecba653e524fbafc578d1ca-110","28344953","1753769759","0x7d9f344e5b1e26bcd743fc66081f39d3995e4bd67ecba653e524fbafc578d1ca","0xddd77e91c222e36d4bd5ca8e78682a2172314197","0x0fba475e92cfef19f7dbada8ec2cce4ad7bbc0d9","0xcbe0a068ae7da6c057f7b2891f3aa81eb341cb43","553633217993079584775086"
"0x7de1e9898e9db1260cf3b678350acd03a1cf6991a9cc5736bcae451ca41addce-185","28351572","1753773732","0x7de1e9898e9db1260cf3b678350acd03a1cf6991a9cc5736bcae451ca41addce","0xddd77e91c222e36d4bd5ca8e78682a2172314197","0x0fba475e92cfef19f7dbada8ec2cce4ad7bbc0d9","0x5e4a2a8e0eff6fcfc96c3fe272ea6c37178631d6","553633217993079584775086"
"0x7df214f28b0524312c2d7c377a22db6e4a5e76c8cad8ef88b32f32e1e2f70276-4","28335579","1753764117","0x7df214f28b0524312c2d7c377a22db6e4a5e76c8cad8ef88b32f32e1e2f70276","0xddd77e91c222e36d4bd5ca8e78682a2172314197","0x0fba475e92cfef19f7dbada8ec2cce4ad7bbc0d9","0x88e5dd4fae7c408aa2088c0e4319775210f8e6ea","553633217993079584775086"
"0x7dfce3a039cb2c45f7b20945a24df2f3d83076159b9f00b036e02f73ac69e966-623","28340003","1753766774","0x7dfce3a039cb2c45f7b20945a24df2f3d83076159b9f00b036e02f73ac69e966","0xddd77e91c222e36d4bd5ca8e78682a2172314197","0x0fba475e92cfef19f7dbada8ec2cce4ad7bbc0d9","0xf79eca72bd574819446bb1a1ccee98f88fba5dcb","553633217993079584775086"
"0x7e010245c8fb1d8b2e0a4e266564b471429b72a68d7179b73e5ac25edeb7812c-275","28367406","1753783286","0x7e010245c8fb1d8b2e0a4e266564b471429b72a68d7179b73e5ac25edeb7812c","0xddd77e91c222e36d4bd5ca8e78682a2172314197","0x0fba475e92cfef19f7dbada8ec2cce4ad7bbc0d9","0xb8cbee72910b25f8d7959ec502e7dd6844c64f27","553633217993079584775086"
"0x7e0d0b2bfa6548e40cad06c217c17935d65ec34d12a0eb7e08be531e4664ddef-744","28352955","1753774561","0x7e0d0b2bfa6548e40cad06c217c17935d65ec34d12a0eb7e08be531e4664ddef","0xddd77e91c222e36d4bd5ca8e78682a2172314197","0x0fba475e92cfef19f7dbada8ec2cce4ad7bbc0d9","0x3f381b1c2bcc96b9c80af4b67dfb29f12b5b8cdf","553633217993079584775086"
"0x7e1545758e9d9cb4c201b45d29b243fc3a64a74814d563b16e658436a6dd1415-3","28365266","1753781962","0x7e1545758e9d9cb4c201b45d29b243fc3a64a74814d563b16e658436a6dd1415","0xddd77e91c222e36d4bd5ca8e78682a2172314197","0x0fba475e92cfef19f7dbada8ec2cce4ad7bbc0d9","0x422198fefd7272c32fb605058fb9cceb9dddc034","553633217993079584775086"
"0x7e16724b80d3c7e210c28e636de021a3ce3a10a380225388b3ad2ea4c0a6b189-44","28344169","1753769285","0x7e16724b80d3c7e210c28e636de021a3ce3a10a380225388b3ad2ea4c0a6b189","0xddd77e91c222e36d4bd5ca8e78682a2172314197","0x0fba475e92cfef19f7dbada8ec2cce4ad7bbc0d9","0xec8e16f390f88ba044f8fbd15c8345bf44039727","553633217993079584775086"
"0x7e23a0cb096b2a4e42a5a06283798b3a679a61be49901b76b1cea5d3f0780a6f-82","28352446","1753774255","0x7e23a0cb096b2a4e42a5a06283798b3a679a61be49901b76b1cea5d3f0780a6f","0xddd77e91c222e36d4bd5ca8e78682a2172314197","0x0fba475e92cfef19f7dbada8ec2cce4ad7bbc0d9","0x7120e35cd0169a7ec1785a843cd6b61f50bb9901","553633217993079584775086"
"0x7e2abbd4f5b106945cbd587db58158a06eabc408bb0e0e55bd791009abe979d4-70","28390030","1753796872","0x7e2abbd4f5b106945cbd587db58158a06eabc408bb0e0e55bd791009abe979d4","0xddd77e91c222e36d4bd5ca8e78682a2172314197","0x0fba475e92cfef19f7dbada8ec2cce4ad7bbc0d9","0xf204f427b6442e74c7984c4443e68e0f74747380","553633217993079584775086"
"0x7e6129e430cc863ecc095078a1347c5ab01f9ecb264d3ff3630d15c0bc9785dc-91","28336005","1753764380","0x7e6129e430cc863ecc095078a1347c5ab01f9ecb264d3ff3630d15c0bc9785dc","0xddd77e91c222e36d4bd5ca8e78682a2172314197","0x0fba475e92cfef19f7dbada8ec2cce4ad7bbc0d9","0xe225cdef3c2cc0a7772d3cd8c362c20c3e67784e","553633217993079584775086"
"0x7e7543bea0b89f2181a7c9072ac2a9f552df2affed343c72cc177ec6519468e0-629","28343599","1753768943","0x7e7543bea0b89f2181a7c9072ac2a9f552df2affed343c72cc177ec6519468e0","0xddd77e91c222e36d4bd5ca8e78682a2172314197","0x0fba475e92cfef19f7dbada8ec2cce4ad7bbc0d9","0x4dcba888ca2e3ddee80acb202c02237c0d7083fb","553633217993079584775086"
"0x7e865b7362e93f930364df850b605500a053644dbd326fd4ce3a0054fbc2b401-757","28351400","1753773630","0x7e865b7362e93f930364df850b605500a053644dbd326fd4ce3a0054fbc2b401","0xddd77e91c222e36d4bd5ca8e78682a2172314197","0x0fba475e92cfef19f7dbada8ec2cce4ad7bbc0d9","0xc581a02983110904a46265aec956a1d7fe3b9baf","553633217993079584775086"
"0x7e87dae30d9235b682074f957570f1334bf90682bc8fd8f73acc1db464bba933-129","28355367","1753775987","0x7e87dae30d9235b682074f957570f1334bf90682bc8fd8f73acc1db464bba933","0xddd77e91c222e36d4bd5ca8e78682a2172314197","0x0fba475e92cfef19f7dbada8ec2cce4ad7bbc0d9","0x7b06033d0b45bac81d9d347c71983b590ef862d0","553633217993079584775086"
"0x7ea5ab13e252987585d77abec9e010350a5b06f65ecdd92697ad69daa8d04b2d-14","28383403","1753792951","0x7ea5ab13e252987585d77abec9e010350a5b06f65ecdd92697ad69daa8d04b2d","0xddd77e91c222e36d4bd5ca8e78682a2172314197","0x0fba475e92cfef19f7dbada8ec2cce4ad7bbc0d9","0x37afb9f9d96ad1efee5b35e1c85e17d668753448","553633217993079584775086"
"0x7eacbb37a86630b0927cd4da39e7df458fea6d150da31bea4c224b8bfa0b0f77-52","28383079","1753792762","0x7eacbb37a86630b0927cd4da39e7df458fea6d150da31bea4c224b8bfa0b0f77","0xddd77e91c222e36d4bd5ca8e78682a2172314197","0x0fba475e92cfef19f7dbada8ec2cce4ad7bbc0d9","0x881d33a425dcfaede304a14412732dd51810167d","553633217993079584775086"
"0x7ed0515b8e6a632aef4a45899934ce3f02d3d6b74247e0391180903a3f1f9049-598","28367197","1753783153","0x7ed0515b8e6a632aef4a45899934ce3f02d3d6b74247e0391180903a3f1f9049","0xddd77e91c222e36d4bd5ca8e78682a2172314197","0x0fba475e92cfef19f7dbada8ec2cce4ad7bbc0d9","0xfa56f72b1d5902f8134c672ff41475c4869121b6","553633217993079584775086"
"0x7eeb598317a95f39a22336b616ec4908c8f89c7dc3cbf1803d3e9bd4e6daf4e2-112","28385892","1753794426","0x7eeb598317a95f39a22336b616ec4908c8f89c7dc3cbf1803d3e9bd4e6daf4e2","0xddd77e91c222e36d4bd5ca8e78682a2172314197","0x0fba475e92cfef19f7dbada8ec2cce4ad7bbc0d9","0x2765dc76b6aa95413bd97b5b9a584b8214186683","553633217993079584775086"
"0x7ef21c1a94d9eb6c5178efe7fd5d6bd247856a8a41a5d3dfca813b67c34d48f1-59","28334987","1753763770","0x7ef21c1a94d9eb6c5178efe7fd5d6bd247856a8a41a5d3dfca813b67c34d48f1","0xddd77e91c222e36d4bd5ca8e78682a2172314197","0x0fba475e92cfef19f7dbada8ec2cce4ad7bbc0d9","0x2f795921b25ba59ab4ee534a5f456c99e82d9fdd","553633217993079584775086"
"0x7ef64a9ca1b01b1d70626753b09f670c53c746a95bc624a1738e291d62315e49-115","28390752","1753797328","0x7ef64a9ca1b01b1d70626753b09f670c53c746a95bc624a1738e291d62315e49","0xddd77e91c222e36d4bd5ca8e78682a2172314197","0x0fba475e92cfef19f7dbada8ec2cce4ad7bbc0d9","0xd54176bc54912923bcfc92b540662d52da74d647","553633217993079584775086"
"0x7f4134d566499f09d3b655cd95d3aa9ab3abcb0ecd406c3539d3300cdd58e512-111","28350010","1753772794","0x7f4134d566499f09d3b655cd95d3aa9ab3abcb0ecd406c3539d3300cdd58e512","0xddd77e91c222e36d4bd5ca8e78682a2172314197","0x0fba475e92cfef19f7dbada8ec2cce4ad7bbc0d9","0xebf1a60a88e4f23e18433c60c6f80f3f27037fc5","553633217993079584775086"
"0x7f5b534936c671328923a9855871fdf0030d8d081e4cfd20332d62058d20d35d-221","28402194","1753804313","0x7f5b534936c671328923a9855871fdf0030d8d081e4cfd20332d62058d20d35d","0xddd77e91c222e36d4bd5ca8e78682a2172314197","0x0fba475e92cfef19f7dbada8ec2cce4ad7bbc0d9","0x71709c984c6c3688cb39a4ff3f4a0d4b6c60fbf3","553633217993079584775086"
"0x7f6a0b92c18412c225f8c146ec162afc995a97f7377f83be9588da74e9a25221-794","28358766","1753778054","0x7f6a0b92c18412c225f8c146ec162afc995a97f7377f83be9588da74e9a25221","0xddd77e91c222e36d4bd5ca8e78682a2172314197","0x0fba475e92cfef19f7dbada8ec2cce4ad7bbc0d9","0xda274941530422c6dce0a627d13099746a3958c6","553633217993079584775086"
"0x7f79e03567b37beec84be3150afa61c1408153387a66a4b3786f148ef7d1b423-2716","28367373","1753783266","0x7f79e03567b37beec84be3150afa61c1408153387a66a4b3786f148ef7d1b423","0xddd77e91c222e36d4bd5ca8e78682a2172314197","0x0fba475e92cfef19f7dbada8ec2cce4ad7bbc0d9","0x068a4c65469bd7503fedf01c2c3c0e54a1ecf8d9","553633217993079584775086"
"0x7f8bda474d630f3e16a3f3f98aeaa8edbc3b1aac0efdae01e80569b7893eec35-76","28370085","1753784886","0x7f8bda474d630f3e16a3f3f98aeaa8edbc3b1aac0efdae01e80569b7893eec35","0xddd77e91c222e36d4bd5ca8e78682a2172314197","0x0fba475e92cfef19f7dbada8ec2cce4ad7bbc0d9","0x71d8c1e31ce08ef2729e14fb4fb7310500f67bd6","553633217993079584775086"
"0x7fa1cbf109b38721cd6f485d673531f1ab2d88d02988d2ff44da9df9761aa5b8-96","28370514","1753785133","0x7fa1cbf109b38721cd6f485d673531f1ab2d88d02988d2ff44da9df9761aa5b8","0xddd77e91c222e36d4bd5ca8e78682a2172314197","0x0fba475e92cfef19f7dbada8ec2cce4ad7bbc0d9","0xad2d37f5037454ca2191f3372f1de25e11cbe1fb","553633217993079584775086"
"0x7fb6d860c8de43ec34ace3235f6e981bca95c4dd8db496fb9b606fc125079b86-706","28381987","1753792096","0x7fb6d860c8de43ec34ace3235f6e981bca95c4dd8db496fb9b606fc125079b86","0xddd77e91c222e36d4bd5ca8e78682a2172314197","0x0fba475e92cfef19f7dbada8ec2cce4ad7bbc0d9","0x92bd83297630c5bfc6f5e7f5fdc916a79f2e6b76","553633217993079584775086"
"0x7fd236f29fb3e806fdd373d6d0f2ed1c99afbc3241394d964b63b50f31a204c5-51","28349005","1753772191","0x7fd236f29fb3e806fdd373d6d0f2ed1c99afbc3241394d964b63b50f31a204c5","0xddd77e91c222e36d4bd5ca8e78682a2172314197","0x0fba475e92cfef19f7dbada8ec2cce4ad7bbc0d9","0x2618f54fee88adf9bf840a1bb722be286fbd0f15","553633217993079584775086"
"0x7ff99db373122d9db50aba1f921ed90c792931df9ed1eb035ea0f89de54b400a-63","28331684","1753761768","0x7ff99db373122d9db50aba1f921ed90c792931df9ed1eb035ea0f89de54b400a","0xddd77e91c222e36d4bd5ca8e78682a2172314197","0x0fba475e92cfef19f7dbada8ec2cce4ad7bbc0d9","0x95045b448e096b5d7422539067d82b4f2b5724f2","553633217993079584775086"
"0x803e17dcd6cec1669866cb15b93aa81da130ee6d72b2f06fccc2f0237bd15d34-112","28137818","1753645455","0x803e17dcd6cec1669866cb15b93aa81da130ee6d72b2f06fccc2f0237bd15d34","0xddd77e91c222e36d4bd5ca8e78682a2172314197","0x0fba475e92cfef19f7dbada8ec2cce4ad7bbc0d9","0xab3c4002ce4c6a7616e8607be525865715e58e63","553633217993079584775086"
"0x803edbd765fcf53b8165c9c371285a0b74f3053fbd5fce79e65c5d8d1f73133f-528","28339034","1753766178","0x803edbd765fcf53b8165c9c371285a0b74f3053fbd5fce79e65c5d8d1f73133f","0xddd77e91c222e36d4bd5ca8e78682a2172314197","0x0fba475e92cfef19f7dbada8ec2cce4ad7bbc0d9","0x75a21622eb5acd9f62046113ba5e58dbd00ca3c2","553633217993079584775086"
"0x80410ff8d6d26c7d214238427b5173abac1e85480fc04a9e697987f9bc54b857-107","28360428","1753779074","0x80410ff8d6d26c7d214238427b5173abac1e85480fc04a9e697987f9bc54b857","0xddd77e91c222e36d4bd5ca8e78682a2172314197","0x0fba475e92cfef19f7dbada8ec2cce4ad7bbc0d9","0x5806b8892f0a4eb308855bf6807426721b225f14","553633217993079584775086"
"0x804b7d8428801ffb522a38261e647c830d035d7d53703778f1c808a6de22d425-84","28373614","1753786996","0x804b7d8428801ffb522a38261e647c830d035d7d53703778f1c808a6de22d425","0xddd77e91c222e36d4bd5ca8e78682a2172314197","0x0fba475e92cfef19f7dbada8ec2cce4ad7bbc0d9","0x3b23a995a02140fdebc67b462e302f7e0890304f","553633217993079584775086"
"0x80598aca0fee937325dd723fdfe46a588231f7a4945a49f7175cee338e8146ad-48","28130323","1753640926","0x80598aca0fee937325dd723fdfe46a588231f7a4945a49f7175cee338e8146ad","0xddd77e91c222e36d4bd5ca8e78682a2172314197","0x0fba475e92cfef19f7dbada8ec2cce4ad7bbc0d9","0xcd2883cf93d9e890d0a96ed73f9a6019b9f6750a","553633217993079584775086"
"0x806716cf08f149d901a0d353c634cdf7dd0ae4fd162bc4250681fd93ecc73026-87","28130688","1753641146","0x806716cf08f149d901a0d353c634cdf7dd0ae4fd162bc4250681fd93ecc73026","0xddd77e91c222e36d4bd5ca8e78682a2172314197","0x0fba475e92cfef19f7dbada8ec2cce4ad7bbc0d9","0xbe94cba7887b18f15fdc7b0b23c30f4badd2457a","553633217993079584775086"
"0x8071a7b9bd076319c0114b8cae15579e8f59643f69dc91d05c231662316dac5b-34","28340072","1753766813","0x8071a7b9bd076319c0114b8cae15579e8f59643f69dc91d05c231662316dac5b","0xddd77e91c222e36d4bd5ca8e78682a2172314197","0x0fba475e92cfef19f7dbada8ec2cce4ad7bbc0d9","0x73e5aec590ad8467b1b6a6dae9ba2e05cd10c9c9","553633217993079584775086"
"0x808360615dc8548117b60f908e0a75b635b26031e160a8a21b227938fcb93b87-8","28369768","1753784698","0x808360615dc8548117b60f908e0a75b635b26031e160a8a21b227938fcb93b87","0xddd77e91c222e36d4bd5ca8e78682a2172314197","0x0fba475e92cfef19f7dbada8ec2cce4ad7bbc0d9","0x9ab2b7ce57e19820e0269f4f94e825b3893b6f9f","553633217993079584775086"
"0x8085530596ae3e35d6d98c4e42692d392f75390e7896da5fc58fb9d6dbaf10ca-141","28341405","1753767605","0x8085530596ae3e35d6d98c4e42692d392f75390e7896da5fc58fb9d6dbaf10ca","0xddd77e91c222e36d4bd5ca8e78682a2172314197","0x0fba475e92cfef19f7dbada8ec2cce4ad7bbc0d9","0xd26b9321f70705a0dde2a0a31d6e8b395aed85fc","553633217993079584775086"
"0x8086356ea4a9c1ed68795491b63700fad8675f9ef5a5bd35b8349a5817c6cd2f-80","28394825","1753799801","0x8086356ea4a9c1ed68795491b63700fad8675f9ef5a5bd35b8349a5817c6cd2f","0xddd77e91c222e36d4bd5ca8e78682a2172314197","0x0fba475e92cfef19f7dbada8ec2cce4ad7bbc0d9","0xc2a5d2b311e979dfa74a0c9bbbb43ce5aa7c750c","553633217993079584775086"
"0x808b3f252160cfbead3bc96199336d678419141ebd969e24f6eb7fabef354e58-48","28330111","1753760807","0x808b3f252160cfbead3bc96199336d678419141ebd969e24f6eb7fabef354e58","0xddd77e91c222e36d4bd5ca8e78682a2172314197","0x0fba475e92cfef19f7dbada8ec2cce4ad7bbc0d9","0x7a4f58bfdac45d4b3d4e7720dca3186577ec3081","553633217993079584775086"
"0x80c56fd460f92cb6499c5fa81afc4d90979455187cc2fbf59edc313062a72812-381","28351973","1753773963","0x80c56fd460f92cb6499c5fa81afc4d90979455187cc2fbf59edc313062a72812","0xddd77e91c222e36d4bd5ca8e78682a2172314197","0x0fba475e92cfef19f7dbada8ec2cce4ad7bbc0d9","0xa4ee7fc17334d61886fff13f3bef53b402605309","553633217993079584775086"
"0x80cd7285b8eb3d7050ba76b4411d7581841b16f9c31e75853b5d402673a5c85c-333","28351172","1753773486","0x80cd7285b8eb3d7050ba76b4411d7581841b16f9c31e75853b5d402673a5c85c","0xddd77e91c222e36d4bd5ca8e78682a2172314197","0x0fba475e92cfef19f7dbada8ec2cce4ad7bbc0d9","0x096709ad90400bb476f80a0930d70e1606717db4","553633217993079584775086"
"0x80d4ed6e31efad01989f3627cc85c0486f9f1c04ef68e4c1a27cc34940093713-93","28335707","1753764192","0x80d4ed6e31efad01989f3627cc85c0486f9f1c04ef68e4c1a27cc34940093713","0xddd77e91c222e36d4bd5ca8e78682a2172314197","0x0fba475e92cfef19f7dbada8ec2cce4ad7bbc0d9","0x762a0aa2f2b9216bd8d0dd942a6a8c7c50fe8334","553633217993079584775086"
"0x80e1ebf37450e227ad4b824341bcec34ce0b8e0d1cf918e185a914d9c20806df-198","28391930","1753798060","0x80e1ebf37450e227ad4b824341bcec34ce0b8e0d1cf918e185a914d9c20806df","0xddd77e91c222e36d4bd5ca8e78682a2172314197","0x0fba475e92cfef19f7dbada8ec2cce4ad7bbc0d9","0x309ca3f5884dbe5544b5bdadcb08b5a5ecef8f73","553633217993079584775086"
"0x80f9131bf9eb95baf743545a7859d24a3cc97859406c62699b85080d30b8bcd6-93","28137329","1753645141","0x80f9131bf9eb95baf743545a7859d24a3cc97859406c62699b85080d30b8bcd6","0xddd77e91c222e36d4bd5ca8e78682a2172314197","0x0fba475e92cfef19f7dbada8ec2cce4ad7bbc0d9","0x6c55bf49e010d6d0db0f94b0410ae7f4095db042","553633217993079584775086"
"0x80f916258c7aa888caf6e2def0dbebf74dee3e6ab67b51110e0ee94d93196c90-207","28390753","1753797329","0x80f916258c7aa888caf6e2def0dbebf74dee3e6ab67b51110e0ee94d93196c90","0xddd77e91c222e36d4bd5ca8e78682a2172314197","0x0fba475e92cfef19f7dbada8ec2cce4ad7bbc0d9","0x5e24ee925843f839e813a12e182bc002d5e8e1e4","553633217993079584775086"
"0x810a24f252b1da02f540a5ee4274ec4cdf2a62b6ed968688a6f23378675d86f7-652","28393379","1753798921","0x810a24f252b1da02f540a5ee4274ec4cdf2a62b6ed968688a6f23378675d86f7","0xddd77e91c222e36d4bd5ca8e78682a2172314197","0x0fba475e92cfef19f7dbada8ec2cce4ad7bbc0d9","0x0785cb1b2ef7b66a98a6c6dbb7682f351f1974c2","553633217993079584775086"
"0x81237043a034766060bfba509b7c50261843c3dc6a481af27545c8e0939df758-129","28369669","1753784637","0x81237043a034766060bfba509b7c50261843c3dc6a481af27545c8e0939df758","0xddd77e91c222e36d4bd5ca8e78682a2172314197","0x0fba475e92cfef19f7dbada8ec2cce4ad7bbc0d9","0x0edf2ab6295c02d405667196c4403e9b9b2aafc4","553633217993079584775086"
"0x812cd42621900d9dc784e9f58e4460b615961a849c63a1594659410bf8b5dcee-51","28374362","1753787463","0x812cd42621900d9dc784e9f58e4460b615961a849c63a1594659410bf8b5dcee","0xddd77e91c222e36d4bd5ca8e78682a2172314197","0x0fba475e92cfef19f7dbada8ec2cce4ad7bbc0d9","0xc0689cf10b81080ccc070f2506b0384f1a4e5af7","553633217993079584775086"
"0x812e2eb914c9014a84590dee338c50c5a19e7b0338089439180364f16d2c0f79-13","28363529","1753780931","0x812e2eb914c9014a84590dee338c50c5a19e7b0338089439180364f16d2c0f79","0xddd77e91c222e36d4bd5ca8e78682a2172314197","0x0fba475e92cfef19f7dbada8ec2cce4ad7bbc0d9","0xdefeacf7be23e2db8a62041dd52acbbfbab951dc","553633217993079584775086"
"0x8157284e7eb8007d5a361a0ac8d28c98645ee4d584412871ccca0db760017bf6-200","28352417","1753774232","0x8157284e7eb8007d5a361a0ac8d28c98645ee4d584412871ccca0db760017bf6","0xddd77e91c222e36d4bd5ca8e78682a2172314197","0x0fba475e92cfef19f7dbada8ec2cce4ad7bbc0d9","0xc1eea3845525630c4c525e11bfc5154a318726c3","553633217993079584775086"
"0x817656f62db38aab4c752c1efdcefcb9bff2cd48b4b2eb06b845124940e13838-238","28352725","1753774418","0x817656f62db38aab4c752c1efdcefcb9bff2cd48b4b2eb06b845124940e13838","0xddd77e91c222e36d4bd5ca8e78682a2172314197","0x0fba475e92cfef19f7dbada8ec2cce4ad7bbc0d9","0x10320fea92ff1d32bf0b68cf4b9e43d2fac2c399","553633217993079584775086"
"0x8177e4fbe7bc12cdafcddf80a142a3d197efc9390b60c0778a09a2873bfce817-112","28338917","1753766110","0x8177e4fbe7bc12cdafcddf80a142a3d197efc9390b60c0778a09a2873bfce817","0xddd77e91c222e36d4bd5ca8e78682a2172314197","0x0fba475e92cfef19f7dbada8ec2cce4ad7bbc0d9","0xe590e28c31332ff2b290a74a1c31cea5b60d7789","553633217993079584775086"
"0x819373bf5daf31ec6a7379f99dca112fac7d1a7b48b41be3fc27e7b659e40d18-121","28405775","1753806451","0x819373bf5daf31ec6a7379f99dca112fac7d1a7b48b41be3fc27e7b659e40d18","0xddd77e91c222e36d4bd5ca8e78682a2172314197","0x0fba475e92cfef19f7dbada8ec2cce4ad7bbc0d9","0x1593dcd54e5b5ae3974424325d4e802ee9533262","553633217993079584775086"
"0x81a145dd5fb2a4f276f56bc73e90e12ea1475a83cdfc0125bf01ead122d59396-8","28341798","1753767827","0x81a145dd5fb2a4f276f56bc73e90e12ea1475a83cdfc0125bf01ead122d59396","0xddd77e91c222e36d4bd5ca8e78682a2172314197","0x0fba475e92cfef19f7dbada8ec2cce4ad7bbc0d9","0xb2f2f4b725eabeaa3a9b2aaa8ff22caa04b12417","553633217993079584775086"
"0x81c60bd3872f1999bb46889c60238720bbfc80039277493dff6956716f224d5e-177","28390462","1753797141","0x81c60bd3872f1999bb46889c60238720bbfc80039277493dff6956716f224d5e","0xddd77e91c222e36d4bd5ca8e78682a2172314197","0x0fba475e92cfef19f7dbada8ec2cce4ad7bbc0d9","0x9dfbcd18a64a980ccad9ff267340b19b473275b3","553633217993079584775086"
"0x81deb3c01b00390fcbd2c1fc0f0f93030106fb38222c55d0da240e82acb1c168-118","28372167","1753786117","0x81deb3c01b00390fcbd2c1fc0f0f93030106fb38222c55d0da240e82acb1c168","0xddd77e91c222e36d4bd5ca8e78682a2172314197","0x0fba475e92cfef19f7dbada8ec2cce4ad7bbc0d9","0x1b81958e0010082b655f386453f0fab1bc2ea569","553633217993079584775086"
"0x81fb208847c4d111b04278441fffa5bf91ab301171a4e8c7906e9e9470132c0d-68","28374981","1753787861","0x81fb208847c4d111b04278441fffa5bf91ab301171a4e8c7906e9e9470132c0d","0xddd77e91c222e36d4bd5ca8e78682a2172314197","0x0fba475e92cfef19f7dbada8ec2cce4ad7bbc0d9","0xc80e6abfa450e0d321cde54d076e25c57600a56a","553633217993079584775086"
"0x822ef678a0605ab5fbddd1eb57ed2c68928bf6652986cda7a1a87493b162431a-239","28400218","1753803088","0x822ef678a0605ab5fbddd1eb57ed2c68928bf6652986cda7a1a87493b162431a","0xddd77e91c222e36d4bd5ca8e78682a2172314197","0x0fba475e92cfef19f7dbada8ec2cce4ad7bbc0d9","0x453a5f9ec862b3abddb8fe47895c22a586727654","553633217993079584775086"
"0x8255a6e13e3fff1cad93b32831d116894c680ac4ec7ee9d7b2073c8e85ae7b44-38","28346229","1753770518","0x8255a6e13e3fff1cad93b32831d116894c680ac4ec7ee9d7b2073c8e85ae7b44","0xddd77e91c222e36d4bd5ca8e78682a2172314197","0x0fba475e92cfef19f7dbada8ec2cce4ad7bbc0d9","0x9a714018a36d74a91f85f9ddacb10663aabe9ff7","553633217993079584775086"
"0x826597531aed62c726a738d67755c5e77f4a253792d7951a1df47313840828a8-79","28343049","1753768578","0x826597531aed62c726a738d67755c5e77f4a253792d7951a1df47313840828a8","0xddd77e91c222e36d4bd5ca8e78682a2172314197","0x0fba475e92cfef19f7dbada8ec2cce4ad7bbc0d9","0xdfaacff414ef02efb24573bc9d181dba38c85ea3","553633217993079584775086"
"0x829c4317cb1f7c3840559a9ac5643ded97c38315dcfef0c4976cc5bfacb09dda-56","28355485","1753776067","0x829c4317cb1f7c3840559a9ac5643ded97c38315dcfef0c4976cc5bfacb09dda","0xddd77e91c222e36d4bd5ca8e78682a2172314197","0x0fba475e92cfef19f7dbada8ec2cce4ad7bbc0d9","0x60a76f0b6496ee4841028dfead9c2d32ba8c04a1","553633217993079584775086"
"0x82dafe4665f8ec145094c4db607058e18923a1288f3cfca65b9d149f1e6369cb-50","28386075","1753794522","0x82dafe4665f8ec145094c4db607058e18923a1288f3cfca65b9d149f1e6369cb","0xddd77e91c222e36d4bd5ca8e78682a2172314197","0x0fba475e92cfef19f7dbada8ec2cce4ad7bbc0d9","0x47324d8d283055d7c67d4e09dc35d9ea6d00aef9","553633217993079584775086"
"0x82e0b75905d7a6038bf14719e3a0f834571bbf3f28d98f904023cdace0e50a72-636","28391794","1753797971","0x82e0b75905d7a6038bf14719e3a0f834571bbf3f28d98f904023cdace0e50a72","0xddd77e91c222e36d4bd5ca8e78682a2172314197","0x0fba475e92cfef19f7dbada8ec2cce4ad7bbc0d9","0xb93ff50fcf5ea5ce2fbe74988bc8a39062848e13","553633217993079584775086"
"0x82fbb059220b164eff1ca4313db0a7ac1f6cd8ee22f6c62df48eb3622f11df50-6","28383221","1753792844","0x82fbb059220b164eff1ca4313db0a7ac1f6cd8ee22f6c62df48eb3622f11df50","0xddd77e91c222e36d4bd5ca8e78682a2172314197","0x0fba475e92cfef19f7dbada8ec2cce4ad7bbc0d9","0xd81ae731873f08cfa318715b253dcc4813db6172","553633217993079584775086"
"0x82fce1944b5852cce89b89224f57dc5745bf2ca555da01c37ff1cfceef4f3294-163","28394078","1753799357","0x82fce1944b5852cce89b89224f57dc5745bf2ca555da01c37ff1cfceef4f3294","0xddd77e91c222e36d4bd5ca8e78682a2172314197","0x0fba475e92cfef19f7dbada8ec2cce4ad7bbc0d9","0x1611f286bafae4e8606228548bfef9b39c2ac6f0","553633217993079584775086"
"0x82fd3330a548c25935c36551d12b039e37af81648bf73a67daae5c84f658739a-509","28333149","1753762636","0x82fd3330a548c25935c36551d12b039e37af81648bf73a67daae5c84f658739a","0xddd77e91c222e36d4bd5ca8e78682a2172314197","0x0fba475e92cfef19f7dbada8ec2cce4ad7bbc0d9","0x93f9a048406048abff5df550da593be22b1f6636","553633217993079584775086"
"0x83081a098d6a44d91eaab55f7afa6dd2f31cf3bf2887729f86e26ab2d1ef3ff1-104","28138030","1753645588","0x83081a098d6a44d91eaab55f7afa6dd2f31cf3bf2887729f86e26ab2d1ef3ff1","0xddd77e91c222e36d4bd5ca8e78682a2172314197","0x0fba475e92cfef19f7dbada8ec2cce4ad7bbc0d9","0x0b840c41a99df10314f2fc78549099457e858846","553633217993079584775086"
"0x8309afcd9bba3384e4cdd83263955513621255c136b16fd0e4cd80c8f75addd0-14","28360393","1753779044","0x8309afcd9bba3384e4cdd83263955513621255c136b16fd0e4cd80c8f75addd0","0xddd77e91c222e36d4bd5ca8e78682a2172314197","0x0fba475e92cfef19f7dbada8ec2cce4ad7bbc0d9","0x5576b376039c023cdf0a32c35348ba5340fa2c9e","553633217993079584775086"
"0x831f6463d563f02f87ef0ad0f78c9bc8393299f5a3b978dcfce1e63722c8725e-87","28337532","1753765285","0x831f6463d563f02f87ef0ad0f78c9bc8393299f5a3b978dcfce1e63722c8725e","0xddd77e91c222e36d4bd5ca8e78682a2172314197","0x0fba475e92cfef19f7dbada8ec2cce4ad7bbc0d9","0x84bd634609e2d3b18a0599496f54444f259aa6ed","553633217993079584775086"
"0x832750f4d183bd0774fd904a936a505cf7a9e5069beede9744b12140960f16c6-103","28381689","1753791899","0x832750f4d183bd0774fd904a936a505cf7a9e5069beede9744b12140960f16c6","0xddd77e91c222e36d4bd5ca8e78682a2172314197","0x0fba475e92cfef19f7dbada8ec2cce4ad7bbc0d9","0x656e3652ad3c920d8b9485107217e12ec851baf8","553633217993079584775086"
"0x83303d54351c46906b4d75e4875e11017f3dcd183ffae506746c778655c419fe-539","28339209","1753766312","0x83303d54351c46906b4d75e4875e11017f3dcd183ffae506746c778655c419fe","0xddd77e91c222e36d4bd5ca8e78682a2172314197","0x0fba475e92cfef19f7dbada8ec2cce4ad7bbc0d9","0xeeadcd935c51369971e95e29337313cc1ad5e2e5","553633217993079584775086"
"0x8338b201baae62890980314993d5e62b5d3cb02854f1b57580b08f7e0c3ab749-78","28402899","1753804729","0x8338b201baae62890980314993d5e62b5d3cb02854f1b57580b08f7e0c3ab749","0xddd77e91c222e36d4bd5ca8e78682a2172314197","0x0fba475e92cfef19f7dbada8ec2cce4ad7bbc0d9","0x2114e4a70bce415a0f21b3495390d136f5fa18b0","553633217993079584775086"
"0x8351f083fd79bd333335bfe93659e7b48105dab79c18336a859419a55c05714a-602","28351791","1753773867","0x8351f083fd79bd333335bfe93659e7b48105dab79c18336a859419a55c05714a","0xddd77e91c222e36d4bd5ca8e78682a2172314197","0x0fba475e92cfef19f7dbada8ec2cce4ad7bbc0d9","0xe9d1202a2776aaa356d4ca64b1cced50e29aa1cb","553633217993079584775086"
"0x835ab177a9f45259c7428dd0616820b9445083c1008af3ae60f07d1148fda57f-99","28371491","1753785712","0x835ab177a9f45259c7428dd0616820b9445083c1008af3ae60f07d1148fda57f","0xddd77e91c222e36d4bd5ca8e78682a2172314197","0x0fba475e92cfef19f7dbada8ec2cce4ad7bbc0d9","0x57c8509158398dd099164b88e695958b253b2aae","553633217993079584775086"
"0x83cb62c3278685ab0274c62d635dadc09fcd0d906b07b32aa44912d6124e2258-183","28394484","1753799609","0x83cb62c3278685ab0274c62d635dadc09fcd0d906b07b32aa44912d6124e2258","0xddd77e91c222e36d4bd5ca8e78682a2172314197","0x0fba475e92cfef19f7dbada8ec2cce4ad7bbc0d9","0xa680eb19093a47a0cb5525ee5337bec65b163891","553633217993079584775086"
"0x83d3f849a5ab2ea179aec15afcd92f72975385e3cf449196756e2c6490ea22bc-50","28362599","1753780379","0x83d3f849a5ab2ea179aec15afcd92f72975385e3cf449196756e2c6490ea22bc","0xddd77e91c222e36d4bd5ca8e78682a2172314197","0x0fba475e92cfef19f7dbada8ec2cce4ad7bbc0d9","0x077d6f67945cc482b91e0215465a8d785dd886f7","553633217993079584775086"
"0x83d83e1bffd87e7596561a7a674ca4021edebaff9de64d5e4a8632940b2862dd-12","28364135","1753781302","0x83d83e1bffd87e7596561a7a674ca4021edebaff9de64d5e4a8632940b2862dd","0xddd77e91c222e36d4bd5ca8e78682a2172314197","0x0fba475e92cfef19f7dbada8ec2cce4ad7bbc0d9","0xe9b1069573af009357c26d35cdd04bf4cb1d9c9f","553633217993079584775086"
"0x83fee3a5222e73161ca97e7adc8c25d1f1abc61c616b0d303b08067f2220ec83-115","28401874","1753804115","0x83fee3a5222e73161ca97e7adc8c25d1f1abc61c616b0d303b08067f2220ec83","0xddd77e91c222e36d4bd5ca8e78682a2172314197","0x0fba475e92cfef19f7dbada8ec2cce4ad7bbc0d9","0x89de01d7197ed46b3eea158f92e3978b79e0046b","553633217993079584775086"
"0x83ffe986d501beab624f620f1a198f3ca2eb1c6ce4c8482e395fcddc2849b1c1-61","28340272","1753766925","0x83ffe986d501beab624f620f1a198f3ca2eb1c6ce4c8482e395fcddc2849b1c1","0xddd77e91c222e36d4bd5ca8e78682a2172314197","0x0fba475e92cfef19f7dbada8ec2cce4ad7bbc0d9","0xca5e226c939e29685ff7f2b0d1136afce38c9db9","553633217993079584775086"
"0x84114eb3cc136fa6f9e4ab1c880c43dad21adf5d8bf0741b4dfd58d5892abad0-252","28381863","1753792013","0x84114eb3cc136fa6f9e4ab1c880c43dad21adf5d8bf0741b4dfd58d5892abad0","0xddd77e91c222e36d4bd5ca8e78682a2172314197","0x0fba475e92cfef19f7dbada8ec2cce4ad7bbc0d9","0xbdd5cd5f12500566bc42c5779862f93a979e12ef","553633217993079584775086"
"0x841431e59b1b621c9dd4b0f953dda98ca9b7c2d829b75563eee35facbd118ac6-13","28384101","1753793367","0x841431e59b1b621c9dd4b0f953dda98ca9b7c2d829b75563eee35facbd118ac6","0xddd77e91c222e36d4bd5ca8e78682a2172314197","0x0fba475e92cfef19f7dbada8ec2cce4ad7bbc0d9","0xc141df501b9192befa5b1e844d37ebba787867d7","553633217993079584775086"
"0x844454258d9e9b05516dd3547e7be9626191ded9d6636ffa840110daed9885d9-138","28394241","1753799448","0x844454258d9e9b05516dd3547e7be9626191ded9d6636ffa840110daed9885d9","0xddd77e91c222e36d4bd5ca8e78682a2172314197","0x0fba475e92cfef19f7dbada8ec2cce4ad7bbc0d9","0xc45202d4d41115898b4acbc32fc8e56d131c731a","553633217993079584775086"
"0x844c2b649189cee4c9112affc6e6d2f0efd9356cca2ebd8b4a762b5254c9df5e-229","28350074","1753772833","0x844c2b649189cee4c9112affc6e6d2f0efd9356cca2ebd8b4a762b5254c9df5e","0xddd77e91c222e36d4bd5ca8e78682a2172314197","0x0fba475e92cfef19f7dbada8ec2cce4ad7bbc0d9","0x7dd85c52057a3918dc8017141ac87c799dd9d0f0","553633217993079584775086"
"0x8473a783e03d9b1de704a6c3866e1268ec597efa51feefb55ecccfcb44c5bf54-49","28401119","1753803627","0x8473a783e03d9b1de704a6c3866e1268ec597efa51feefb55ecccfcb44c5bf54","0xddd77e91c222e36d4bd5ca8e78682a2172314197","0x0fba475e92cfef19f7dbada8ec2cce4ad7bbc0d9","0x9f5f9e3361324b8a5301f51a93f52f35bf9d3aa0","553633217993079584775086"
"0x84881f17589702c5cba18ee2b2dca39641214fd9f8cf265a3b3092e8c0ef7cca-341","28340398","1753766997","0x84881f17589702c5cba18ee2b2dca39641214fd9f8cf265a3b3092e8c0ef7cca","0xddd77e91c222e36d4bd5ca8e78682a2172314197","0x0fba475e92cfef19f7dbada8ec2cce4ad7bbc0d9","0xe03fca77fac017e5051f311470a292e8aa12f5c9","553633217993079584775086"
"0x849c5a0574e0e35b7e81ce02c76eba44d21d42f2722ee187ea83424cca74871d-71","28340746","1753767208","0x849c5a0574e0e35b7e81ce02c76eba44d21d42f2722ee187ea83424cca74871d","0xddd77e91c222e36d4bd5ca8e78682a2172314197","0x0fba475e92cfef19f7dbada8ec2cce4ad7bbc0d9","0xe6e1eec71136cee8d58a29f6b0791fb276f3b683","553633217993079584775086"
"0x84ddd4a839c9ed885850ee5e0c505b93871a9523f12a1fe1181bdac1ba2ab57f-174","28390088","1753796905","0x84ddd4a839c9ed885850ee5e0c505b93871a9523f12a1fe1181bdac1ba2ab57f","0xddd77e91c222e36d4bd5ca8e78682a2172314197","0x0fba475e92cfef19f7dbada8ec2cce4ad7bbc0d9","0xe1e197ce08b5f96f7349427d44c165793b77a094","553633217993079584775086"
"0x84e2bdcf050f63e90333f16f62e0014e32a0f1075f1fdd3265c44c119eb52ba1-226","28401665","1753803977","0x84e2bdcf050f63e90333f16f62e0014e32a0f1075f1fdd3265c44c119eb52ba1","0xddd77e91c222e36d4bd5ca8e78682a2172314197","0x0fba475e92cfef19f7dbada8ec2cce4ad7bbc0d9","0xf383162b4ac58384386b322b77963a1fd9ec6783","553633217993079584775086"
"0x84ef2a9a99c91ca62cf1712f6ed8e5aa61c8f035fb78f26b795d49c8a500d9cc-688","28330337","1753760953","0x84ef2a9a99c91ca62cf1712f6ed8e5aa61c8f035fb78f26b795d49c8a500d9cc","0xddd77e91c222e36d4bd5ca8e78682a2172314197","0x0fba475e92cfef19f7dbada8ec2cce4ad7bbc0d9","0x5664251b374ad90bf466737692281df16b4c0a20","553633217993079584775086"
"0x8506b64f7832e3bcb76a81c44e512b9bd011bc7937f621ac7fae3f2b7a2ce615-141","28129622","1753640509","0x8506b64f7832e3bcb76a81c44e512b9bd011bc7937f621ac7fae3f2b7a2ce615","0xddd77e91c222e36d4bd5ca8e78682a2172314197","0x0fba475e92cfef19f7dbada8ec2cce4ad7bbc0d9","0x53298b431a50cfaf97e48e985a205c52d44b2d69","553633217993079584775086"
"0x850d0a4a977f0fb6080f75470f392453c0bf0a523a7efba6ba463315ddcd74b2-17","28396088","1753800553","0x850d0a4a977f0fb6080f75470f392453c0bf0a523a7efba6ba463315ddcd74b2","0xddd77e91c222e36d4bd5ca8e78682a2172314197","0x0fba475e92cfef19f7dbada8ec2cce4ad7bbc0d9","0xaea9a8d793330c4fb9713e6de222d17c9ae5e7eb","553633217993079584775086"
"0x853f6808008118f7e60ea9c2cb8ef7f723cbe733c9f499a644ae5e019706639b-35","28369276","1753784408","0x853f6808008118f7e60ea9c2cb8ef7f723cbe733c9f499a644ae5e019706639b","0xddd77e91c222e36d4bd5ca8e78682a2172314197","0x0fba475e92cfef19f7dbada8ec2cce4ad7bbc0d9","0x88a116afef78be8f1adbe0b620ae85475521c2f5","553633217993079584775086"
"0x8542d3bbb5c04c8e17728416bc582f552b1f36bf354ca0d9f6b3fd51441aca41-18","28354824","1753775664","0x8542d3bbb5c04c8e17728416bc582f552b1f36bf354ca0d9f6b3fd51441aca41","0xddd77e91c222e36d4bd5ca8e78682a2172314197","0x0fba475e92cfef19f7dbada8ec2cce4ad7bbc0d9","0x842d136a38e866c4bf1d40e430c34ad56299eb66","553633217993079584775086"
"0x854d1e7fa27a3f3082e59802b92a3f8621d586e449a355fdec3137f508aeff30-576","28377200","1753789196","0x854d1e7fa27a3f3082e59802b92a3f8621d586e449a355fdec3137f508aeff30","0xddd77e91c222e36d4bd5ca8e78682a2172314197","0x0fba475e92cfef19f7dbada8ec2cce4ad7bbc0d9","0x4323efb37fc4ececac402aa71e676a688d258de7","553633217993079584775086"
"0x856d5387c39d4cb04a76f9dc604306625d5ddd68bf2d9ff6fa286de74a6bfcd6-8","28333946","1753763099","0x856d5387c39d4cb04a76f9dc604306625d5ddd68bf2d9ff6fa286de74a6bfcd6","0xddd77e91c222e36d4bd5ca8e78682a2172314197","0x0fba475e92cfef19f7dbada8ec2cce4ad7bbc0d9","0x1b2d134fc716561afbf8ccef56568d18c28a34aa","553633217993079584775086"
"0x85b1d74031f84cab267d64e50ab6f8848dc2f90afa5f0f7f95c7d40e1749ef65-4","28333588","1753762881","0x85b1d74031f84cab267d64e50ab6f8848dc2f90afa5f0f7f95c7d40e1749ef65","0xddd77e91c222e36d4bd5ca8e78682a2172314197","0x0fba475e92cfef19f7dbada8ec2cce4ad7bbc0d9","0x117fe92b1dc807a28866277e28f92ef0d4f3b879","553633217993079584775086"
"0x85f45e7731edb26840c30b5b83a047dd43126b029ea66d23b24a3f33fedd175d-146","28334973","1753763756","0x85f45e7731edb26840c30b5b83a047dd43126b029ea66d23b24a3f33fedd175d","0xddd77e91c222e36d4bd5ca8e78682a2172314197","0x0fba475e92cfef19f7dbada8ec2cce4ad7bbc0d9","0xc3dc31c6739c589c1775239aeed1603d54c2b78f","553633217993079584775086"
"0x860033817112768e36c24fd1716f20988bc427e7283e0ef86088f36433f77134-724","28356659","1753776771","0x860033817112768e36c24fd1716f20988bc427e7283e0ef86088f36433f77134","0xddd77e91c222e36d4bd5ca8e78682a2172314197","0x0fba475e92cfef19f7dbada8ec2cce4ad7bbc0d9","0xa9fd6cf04c01fe949d67e0dcd6112ba4e8e7dcf3","553633217993079584775086"
"0x860039c044ce7c5cd4a9ab10dd045c22c6e76944e4a4f7188ebf53088d10ee8c-17","28331769","1753761819","0x860039c044ce7c5cd4a9ab10dd045c22c6e76944e4a4f7188ebf53088d10ee8c","0xddd77e91c222e36d4bd5ca8e78682a2172314197","0x0fba475e92cfef19f7dbada8ec2cce4ad7bbc0d9","0x988abed07467f932bee7e64273d6a16bb611b4da","553633217993079584775086"
"0x860de48bb45d072afcc53f31c627de6bcc0fff3b834cbf42800463b248903a0a-181","28348350","1753771821","0x860de48bb45d072afcc53f31c627de6bcc0fff3b834cbf42800463b248903a0a","0xddd77e91c222e36d4bd5ca8e78682a2172314197","0x0fba475e92cfef19f7dbada8ec2cce4ad7bbc0d9","0x395087311f51419507fd0c0253ce04fba103602e","553633217993079584775086"
"0x864be4e9e9bfb0e87251b02db1b252447608f85f8b05f2f3c9daa369a4de79e5-61","28130219","1753640871","0x864be4e9e9bfb0e87251b02db1b252447608f85f8b05f2f3c9daa369a4de79e5","0xddd77e91c222e36d4bd5ca8e78682a2172314197","0x0fba475e92cfef19f7dbada8ec2cce4ad7bbc0d9","0x52eef63bae0d471e36ff37cf1a9bd720da98f050","553633217993079584775086"
"0x86566009d37c71760036f287d26995bd462784571ef9d99856a547d5a846bee8-159","28338747","1753766005","0x86566009d37c71760036f287d26995bd462784571ef9d99856a547d5a846bee8","0xddd77e91c222e36d4bd5ca8e78682a2172314197","0x0fba475e92cfef19f7dbada8ec2cce4ad7bbc0d9","0x0604c4d109a1b2d9d18307bb6bb1f03ad273e97d","553633217993079584775086"
"0x866d2276b750c62c509d061d67b30d0927ab7554b570c235c34edc0ab161a035-216","28138070","1753645613","0x866d2276b750c62c509d061d67b30d0927ab7554b570c235c34edc0ab161a035","0xddd77e91c222e36d4bd5ca8e78682a2172314197","0x0fba475e92cfef19f7dbada8ec2cce4ad7bbc0d9","0x68227b00bcf55eaa0e3b11627ae5e19821a6538a","553633217993079584775086"
"0x86700f582f59553d5b85612b8b7587e89eb4db25917faeaf8fa3927458ea8b50-820","28333361","1753762756","0x86700f582f59553d5b85612b8b7587e89eb4db25917faeaf8fa3927458ea8b50","0xddd77e91c222e36d4bd5ca8e78682a2172314197","0x0fba475e92cfef19f7dbada8ec2cce4ad7bbc0d9","0x5b8c1ee5f9f5457cb883e0dfe2b7cbc9266fc7f9","553633217993079584775086"
"0x867a45347133a90d5826b50634dea8f3d922283b54fda8d7501056136d1e85ff-96","28343000","1753768547","0x867a45347133a90d5826b50634dea8f3d922283b54fda8d7501056136d1e85ff","0xddd77e91c222e36d4bd5ca8e78682a2172314197","0x0fba475e92cfef19f7dbada8ec2cce4ad7bbc0d9","0xcbe8888fbc9eb371c1b589a1a97c192f3118ca31","553633217993079584775086"
"0x86cd2b9c682ecdd8cd66515abbba189c544cefce75aee7eb8895fc7b6d0600e0-92","28319147","1753754166","0x86cd2b9c682ecdd8cd66515abbba189c544cefce75aee7eb8895fc7b6d0600e0","0xddd77e91c222e36d4bd5ca8e78682a2172314197","0x0fba475e92cfef19f7dbada8ec2cce4ad7bbc0d9","0x40ad0ea7034c31bd3b3756a633432ed4ee1ad84b","553633217993079584775086"
"0x86da942ac9b356465b72d01a68a6bf0a6cf1528b28184a703e8dd446fba19b36-520","28401278","1753803727","0x86da942ac9b356465b72d01a68a6bf0a6cf1528b28184a703e8dd446fba19b36","0xddd77e91c222e36d4bd5ca8e78682a2172314197","0x0fba475e92cfef19f7dbada8ec2cce4ad7bbc0d9","0xfce2e77dc9b8e38b83de1e60df1d5a47dfdfc652","553633217993079584775086"
"0x87189fe7bd56f8896d609e25cff37f7f1b8dac47142cd34a7346b1cfe6ba0cfb-504","28301684","1753743670","0x87189fe7bd56f8896d609e25cff37f7f1b8dac47142cd34a7346b1cfe6ba0cfb","0xddd77e91c222e36d4bd5ca8e78682a2172314197","0x0fba475e92cfef19f7dbada8ec2cce4ad7bbc0d9","0x9ef7071c502860af1584385a99a50ea95d1869f4","553633217993079584775086"
"0x87265a1825f4e9d341cf083dff89596e618ba6f991c59242543ab20f827608c4-161","28352959","1753774563","0x87265a1825f4e9d341cf083dff89596e618ba6f991c59242543ab20f827608c4","0xddd77e91c222e36d4bd5ca8e78682a2172314197","0x0fba475e92cfef19f7dbada8ec2cce4ad7bbc0d9","0xb9a37d40570a568cd162a4b8de9665cd3a7a0eee","553633217993079584775086"
"0x872e3978df12aea5935110977633921b4a38ae036c3a8884ee127a81e51116f3-747","28393823","1753799192","0x872e3978df12aea5935110977633921b4a38ae036c3a8884ee127a81e51116f3","0xddd77e91c222e36d4bd5ca8e78682a2172314197","0x0fba475e92cfef19f7dbada8ec2cce4ad7bbc0d9","0x7f0fdbddaf5208b16f7fe64d35880cfaaccb7bb6","553633217993079584775086"
"0x873f549ce0febbc6ca510fe823c6663fe241530a67f53adc2dbc7eb2e92c445b-129","28353786","1753775048","0x873f549ce0febbc6ca510fe823c6663fe241530a67f53adc2dbc7eb2e92c445b","0xddd77e91c222e36d4bd5ca8e78682a2172314197","0x0fba475e92cfef19f7dbada8ec2cce4ad7bbc0d9","0x3d4cee525dbc25c4dd71c03e5ca3797e2b1516da","553633217993079584775086"
"0x8751b6a2fa555c74238458627bfd4d9f29659d602ea305d7f70ccb9075cb0522-85","28351355","1753773599","0x8751b6a2fa555c74238458627bfd4d9f29659d602ea305d7f70ccb9075cb0522","0xddd77e91c222e36d4bd5ca8e78682a2172314197","0x0fba475e92cfef19f7dbada8ec2cce4ad7bbc0d9","0x783c9dd344ce4acfa0b429b111aa2f49498d46d1","553633217993079584775086"
"0x8760485d15019f77d469f455ed4a890bfe329748be2d549b21cab88e15e62614-3","28373342","1753786833","0x8760485d15019f77d469f455ed4a890bfe329748be2d549b21cab88e15e62614","0xddd77e91c222e36d4bd5ca8e78682a2172314197","0x0fba475e92cfef19f7dbada8ec2cce4ad7bbc0d9","0xbb4ef0c3d41b8a1cabce2fe472a82a504ae42a7c","553633217993079584775086"
"0x879cd9b2abedc839ce8b7fe5bb3f7c513361b59d9c74c94b9b641d00e1301214-139","28338789","1753766028","0x879cd9b2abedc839ce8b7fe5bb3f7c513361b59d9c74c94b9b641d00e1301214","0xddd77e91c222e36d4bd5ca8e78682a2172314197","0x0fba475e92cfef19f7dbada8ec2cce4ad7bbc0d9","0x5bc8f6c407590c5e598ac9855d584132a72fb48a","553633217993079584775086"
"0x879d077041e964e92b771b83e0d23f3787bd25f5b223615bdbeac21a8d1954c1-3","28354351","1753775390","0x879d077041e964e92b771b83e0d23f3787bd25f5b223615bdbeac21a8d1954c1","0xddd77e91c222e36d4bd5ca8e78682a2172314197","0x0fba475e92cfef19f7dbada8ec2cce4ad7bbc0d9","0x130fee4234ee7df0084d377c69147e331ff4d256","553633217993079584775086"
"0x87bb76ac385648b05f4fb4f7bfb1e6925c5ca025d3efdeef256d8d361d139e4d-81","28341793","1753767822","0x87bb76ac385648b05f4fb4f7bfb1e6925c5ca025d3efdeef256d8d361d139e4d","0xddd77e91c222e36d4bd5ca8e78682a2172314197","0x0fba475e92cfef19f7dbada8ec2cce4ad7bbc0d9","0x1859f29fa9aa65144f89583b437860b353ecbf74","553633217993079584775086"
"0x87c67c8562341438ebda4b3c91550139039a31bc40ade5fad7a30409876fd820-142","28359816","1753778685","0x87c67c8562341438ebda4b3c91550139039a31bc40ade5fad7a30409876fd820","0xddd77e91c222e36d4bd5ca8e78682a2172314197","0x0fba475e92cfef19f7dbada8ec2cce4ad7bbc0d9","0x3b331fbd798b9eddd70b4db5da21c942290d9fe8","553633217993079584775086"
"0x87dad810f325655bb9a9c19064d1177f67084d29d28d7b11b7afe1bc9e8c919e-105","28343352","1753768779","0x87dad810f325655bb9a9c19064d1177f67084d29d28d7b11b7afe1bc9e8c919e","0xddd77e91c222e36d4bd5ca8e78682a2172314197","0x0fba475e92cfef19f7dbada8ec2cce4ad7bbc0d9","0x24959207d9b2142de9645b464a9f2796d205d1e4","553633217993079584775086"
"0x87fac96192aa28c39d5879f5e3f1203bb8a24bb9a634d852693fa5410353773a-258","28341762","1753767807","0x87fac96192aa28c39d5879f5e3f1203bb8a24bb9a634d852693fa5410353773a","0xddd77e91c222e36d4bd5ca8e78682a2172314197","0x0fba475e92cfef19f7dbada8ec2cce4ad7bbc0d9","0xf5e3429cdba45324387b29e80273e581d5664657","553633217993079584775086"
"0x881f1ea410f0e7239213348dc3a9aa13b8c1046ce3b5ebc099ed239bd8264eac-103","28360587","1753779165","0x881f1ea410f0e7239213348dc3a9aa13b8c1046ce3b5ebc099ed239bd8264eac","0xddd77e91c222e36d4bd5ca8e78682a2172314197","0x0fba475e92cfef19f7dbada8ec2cce4ad7bbc0d9","0x9429f4722860a05177fa753299539f99f7361c2a","553633217993079584775086"
"0x8834c642d2bc27d7a7410158cb38593871230fe5714405baaff65d07531af4c3-153","28331221","1753761500","0x8834c642d2bc27d7a7410158cb38593871230fe5714405baaff65d07531af4c3","0xddd77e91c222e36d4bd5ca8e78682a2172314197","0x0fba475e92cfef19f7dbada8ec2cce4ad7bbc0d9","0xc5c520ec3287c5f4ca5375402e801a9c1de22025","553633217993079584775086"
"0x884a728d52648460e4e45d20729901cc4076c823ab5c7ca27953feb25f118331-157","28351235","1753773522","0x884a728d52648460e4e45d20729901cc4076c823ab5c7ca27953feb25f118331","0xddd77e91c222e36d4bd5ca8e78682a2172314197","0x0fba475e92cfef19f7dbada8ec2cce4ad7bbc0d9","0x0da745f2bd7655e4c70d6b02695ca772c8d2f69e","553633217993079584775086"
"0x8856b37bfed664c279422bbf3a02e9b36aedfab23040770edb26556cdc013cf2-9","28354049","1753775198","0x8856b37bfed664c279422bbf3a02e9b36aedfab23040770edb26556cdc013cf2","0xddd77e91c222e36d4bd5ca8e78682a2172314197","0x0fba475e92cfef19f7dbada8ec2cce4ad7bbc0d9","0xaef0ad47a147d86855d9c5421c8f81bc13115b1e","553633217993079584775086"
"0x885c37138947a0130da132ee8002e9f74fda3abef152d1aee73c6d81597e0514-233","28345225","1753769919","0x885c37138947a0130da132ee8002e9f74fda3abef152d1aee73c6d81597e0514","0xddd77e91c222e36d4bd5ca8e78682a2172314197","0x0fba475e92cfef19f7dbada8ec2cce4ad7bbc0d9","0x09cff0c30192e216373349116cf6286141d3bd3b","553633217993079584775086"
"0x888416e4f74e32d7da0dd7c46cff262397947747fe432ee2a0cbd9a44487160d-63","28387100","1753795116","0x888416e4f74e32d7da0dd7c46cff262397947747fe432ee2a0cbd9a44487160d","0xddd77e91c222e36d4bd5ca8e78682a2172314197","0x0fba475e92cfef19f7dbada8ec2cce4ad7bbc0d9","0x04e40ee3306f729038cefe1fd9a253b9860039ad","553633217993079584775086"
"0x889bbfe75c74956ffcdc448ff0c60b87a576b0ed05d9cd4929d3ce41de5f05c1-39","28358399","1753777826","0x889bbfe75c74956ffcdc448ff0c60b87a576b0ed05d9cd4929d3ce41de5f05c1","0xddd77e91c222e36d4bd5ca8e78682a2172314197","0x0fba475e92cfef19f7dbada8ec2cce4ad7bbc0d9","0x2b36789c1aa44ee2de10014590d9988b11b53dcd","553633217993079584775086"
"0x88a250a0d2388a54b772562126ae5267e74532988ce7f9dc1cd0fc72787dc8de-46","28349553","1753772515","0x88a250a0d2388a54b772562126ae5267e74532988ce7f9dc1cd0fc72787dc8de","0xddd77e91c222e36d4bd5ca8e78682a2172314197","0x0fba475e92cfef19f7dbada8ec2cce4ad7bbc0d9","0x9980eabed44849e76ce8158d93e3391b43968d70","553633217993079584775086"
"0x88e704ffdd55e3ce63af32030c93bc0ff2fd5947c04e8969d77789e736d9e468-127","28335248","1753763920","0x88e704ffdd55e3ce63af32030c93bc0ff2fd5947c04e8969d77789e736d9e468","0xddd77e91c222e36d4bd5ca8e78682a2172314197","0x0fba475e92cfef19f7dbada8ec2cce4ad7bbc0d9","0x4e3929af5dfd5b3a513fa4b014915aacd297037a","553633217993079584775086"
"0x88fa0152ac11334b9fd454e38e08c4b849edaeda7d511d8c67bf3563c9c5fb6a-301","28345395","1753770021","0x88fa0152ac11334b9fd454e38e08c4b849edaeda7d511d8c67bf3563c9c5fb6a","0xddd77e91c222e36d4bd5ca8e78682a2172314197","0x0fba475e92cfef19f7dbada8ec2cce4ad7bbc0d9","0xf7d8679bd400f3cd3b07e268cf5556364980344d","553633217993079584775086"
"0x8922c042008f8e5f5de2363677c9bea1f6ec1e083f98e10a35309f8eef08cefc-232","28355261","1753775927","0x8922c042008f8e5f5de2363677c9bea1f6ec1e083f98e10a35309f8eef08cefc","0xddd77e91c222e36d4bd5ca8e78682a2172314197","0x0fba475e92cfef19f7dbada8ec2cce4ad7bbc0d9","0xde404aaa74379da40070072faaeca7fd3bb0ff8e","553633217993079584775086"
"0x894042352c32098df1ae99a429826b29119db5563858f97a47342a294ada05b9-67","28359624","1753778580","0x894042352c32098df1ae99a429826b29119db5563858f97a47342a294ada05b9","0xddd77e91c222e36d4bd5ca8e78682a2172314197","0x0fba475e92cfef19f7dbada8ec2cce4ad7bbc0d9","0xaef29b4374e3c8a04d140ac950121970e9b5013a","553633217993079584775086"
"0x894358f55843cb4b463c143f83993978406021d7205d7ab73bbf693de74df203-33","28399839","1753802845","0x894358f55843cb4b463c143f83993978406021d7205d7ab73bbf693de74df203","0xddd77e91c222e36d4bd5ca8e78682a2172314197","0x0fba475e92cfef19f7dbada8ec2cce4ad7bbc0d9","0x829bf333b07241691b44e8ef3b466efaef49086e","553633217993079584775086"
"0x8948f611590119879831aa424b4d47c9b63f8d31c395be3e49da20d2f7e80ecd-54","28331727","1753761794","0x8948f611590119879831aa424b4d47c9b63f8d31c395be3e49da20d2f7e80ecd","0xddd77e91c222e36d4bd5ca8e78682a2172314197","0x0fba475e92cfef19f7dbada8ec2cce4ad7bbc0d9","0xe3a8f1fe0de367087082fdaedfbcd65c9df6e309","553633217993079584775086"
"0x897ad1ce1ce186ea7c7f854d902ae4cfa2414f773cddbb977148d8a65f7e0c67-72","28341862","1753767861","0x897ad1ce1ce186ea7c7f854d902ae4cfa2414f773cddbb977148d8a65f7e0c67","0xddd77e91c222e36d4bd5ca8e78682a2172314197","0x0fba475e92cfef19f7dbada8ec2cce4ad7bbc0d9","0x161c32f63272bffbde34567d2d7c27198992479e","553633217993079584775086"
"0x8981d03c233d2bdb5f2f82f95b5253a61c334d7ea7e1c3c3c42b0c5864b39dda-241","28355933","1753776349","0x8981d03c233d2bdb5f2f82f95b5253a61c334d7ea7e1c3c3c42b0c5864b39dda","0xddd77e91c222e36d4bd5ca8e78682a2172314197","0x0fba475e92cfef19f7dbada8ec2cce4ad7bbc0d9","0xa8647d6c8ea60d1ca5c05886a4bb080330a6bf78","553633217993079584775086"
"0x898a855215e16ddeaa2c1a95b9da1f387963f17809c61378b6fda065a7150352-3","28330987","1753761352","0x898a855215e16ddeaa2c1a95b9da1f387963f17809c61378b6fda065a7150352","0xddd77e91c222e36d4bd5ca8e78682a2172314197","0x0fba475e92cfef19f7dbada8ec2cce4ad7bbc0d9","0x9e0bcd3becca071275df335a937f661346b7a3c4","553633217993079584775086"
"0x89925cfee4def2829adf49c463f6e9f7263699f99592590f4770752b2907484e-8","28332671","1753762348","0x89925cfee4def2829adf49c463f6e9f7263699f99592590f4770752b2907484e","0xddd77e91c222e36d4bd5ca8e78682a2172314197","0x0fba475e92cfef19f7dbada8ec2cce4ad7bbc0d9","0xcab79c27968f5b80104e7b0e4fdbaf8641fdc87c","553633217993079584775086"
"0x89b3ecb60df0856a6ee44eeb20c9f02946bfc68e79d4954487fb277be0ffdb55-45","28370125","1753784910","0x89b3ecb60df0856a6ee44eeb20c9f02946bfc68e79d4954487fb277be0ffdb55","0xddd77e91c222e36d4bd5ca8e78682a2172314197","0x0fba475e92cfef19f7dbada8ec2cce4ad7bbc0d9","0xb388911f5731cf76a0748acb73db4fdce12586eb","553633217993079584775086"
"0x89b4af15b144246fc69523b190c548e36bfe475fea78825ea8436c1023eb4f83-61","28380311","1753791083","0x89b4af15b144246fc69523b190c548e36bfe475fea78825ea8436c1023eb4f83","0xddd77e91c222e36d4bd5ca8e78682a2172314197","0x0fba475e92cfef19f7dbada8ec2cce4ad7bbc0d9","0xb4a139676968aef3a540beb9611c4a0a5141f18d","553633217993079584775086"
"0x89b99f3b4a21a9883c38919d38abb92d0226741a5c517068b185f3f093a602d1-8","28340428","1753767017","0x89b99f3b4a21a9883c38919d38abb92d0226741a5c517068b185f3f093a602d1","0xddd77e91c222e36d4bd5ca8e78682a2172314197","0x0fba475e92cfef19f7dbada8ec2cce4ad7bbc0d9","0x482426c32e4f03a8a00628a23015c1c9786c1ac5","553633217993079584775086"
"0x89bcd64d9c1a2adfef290d616169641dd1be6aa0720475dc1f3cc4195c1e0a10-243","28372444","1753786283","0x89bcd64d9c1a2adfef290d616169641dd1be6aa0720475dc1f3cc4195c1e0a10","0xddd77e91c222e36d4bd5ca8e78682a2172314197","0x0fba475e92cfef19f7dbada8ec2cce4ad7bbc0d9","0x6f1f499675f5467bcc4b1193f0484976bf6ec051","553633217993079584775086"
"0x89c1e2ef4978d892b0ce619b2e51155941f3fb5cf1683c656b9854254bb79446-160","28404055","1753805416","0x89c1e2ef4978d892b0ce619b2e51155941f3fb5cf1683c656b9854254bb79446","0xddd77e91c222e36d4bd5ca8e78682a2172314197","0x0fba475e92cfef19f7dbada8ec2cce4ad7bbc0d9","0x7dfea53c5d86a9d84d612c829cbb5c94e70d34c0","553633217993079584775086"
"0x89d69342b16abda9b3f966b01dbf1a11a195117ecf77884af373ee79ddbecd18-236","28403836","1753805283","0x89d69342b16abda9b3f966b01dbf1a11a195117ecf77884af373ee79ddbecd18","0xddd77e91c222e36d4bd5ca8e78682a2172314197","0x0fba475e92cfef19f7dbada8ec2cce4ad7bbc0d9","0x5232bb458cb59bcf6968e796aa8fba53270200a1","553633217993079584775086"
"0x89f0952b830443d573d6060603395abd00da6ae5ec14785eb9930d4010e83332-86","28395154","1753799995","0x89f0952b830443d573d6060603395abd00da6ae5ec14785eb9930d4010e83332","0xddd77e91c222e36d4bd5ca8e78682a2172314197","0x0fba475e92cfef19f7dbada8ec2cce4ad7bbc0d9","0x48171b5d7cc16099b9173f690512aa1fc8cebb49","553633217993079584775086"
"0x89f45a3d47b2d49235cba6da65bc282b52faa14146701579cffef2ed0318564e-44","28377214","1753789205","0x89f45a3d47b2d49235cba6da65bc282b52faa14146701579cffef2ed0318564e","0xddd77e91c222e36d4bd5ca8e78682a2172314197","0x0fba475e92cfef19f7dbada8ec2cce4ad7bbc0d9","0xe08df3703452317fbc65eb555c19c33644f8a5f3","553633217993079584775086"
"0x8a222d0eb0fa2a6b68066cd0579b31cf3659a9cfbcfb8ddbd17ef7aeb7f16a75-59","28352321","1753774177","0x8a222d0eb0fa2a6b68066cd0579b31cf3659a9cfbcfb8ddbd17ef7aeb7f16a75","0xddd77e91c222e36d4bd5ca8e78682a2172314197","0x0fba475e92cfef19f7dbada8ec2cce4ad7bbc0d9","0xd864ad608465081136a21780f1fcb385bc3b61f5","553633217993079584775086"
"0x8a2598324f27049e5fce646fddabd9ae564f5ae5cb3e4a23916c8a9b32d6bdcb-167","28365337","1753781998","0x8a2598324f27049e5fce646fddabd9ae564f5ae5cb3e4a23916c8a9b32d6bdcb","0xddd77e91c222e36d4bd5ca8e78682a2172314197","0x0fba475e92cfef19f7dbada8ec2cce4ad7bbc0d9","0xec9b14c766ae09e2a512ca11d03fd256dbf6b1c7","553633217993079584775086"
"0x8a2e8a33136f748a9c6b0b004dfb10aeba89ea2253dd0bc4f34e92aac1e037df-133","28336068","1753764418","0x8a2e8a33136f748a9c6b0b004dfb10aeba89ea2253dd0bc4f34e92aac1e037df","0xddd77e91c222e36d4bd5ca8e78682a2172314197","0x0fba475e92cfef19f7dbada8ec2cce4ad7bbc0d9","0x4d7c2df8bca15d5f6e0b04e8ccd88db5a20878d2","553633217993079584775086"
"0x8a5b84d5504fed580ed0c3e627a5b0f2069fa7690028c3a8cb1e7395ef85d99f-10","28354851","1753775685","0x8a5b84d5504fed580ed0c3e627a5b0f2069fa7690028c3a8cb1e7395ef85d99f","0xddd77e91c222e36d4bd5ca8e78682a2172314197","0x0fba475e92cfef19f7dbada8ec2cce4ad7bbc0d9","0x6d96094300d64dcccf403a12010aeb80e89b9b7d","553633217993079584775086"
"0x8a6a5d048ba9271221516d038c5274817330c1da9b49d193678b26a93f826d86-30","28372920","1753786581","0x8a6a5d048ba9271221516d038c5274817330c1da9b49d193678b26a93f826d86","0xddd77e91c222e36d4bd5ca8e78682a2172314197","0x0fba475e92cfef19f7dbada8ec2cce4ad7bbc0d9","0x13b1bfa6f8c8663e0ca4e99aa71af6d4aaf0d8af","553633217993079584775086"
"0x8a74768c4cab69529300ff0146250a8aaa072266fcda3f77d9f6aec1e78ef2f2-3","28368906","1753784198","0x8a74768c4cab69529300ff0146250a8aaa072266fcda3f77d9f6aec1e78ef2f2","0xddd77e91c222e36d4bd5ca8e78682a2172314197","0x0fba475e92cfef19f7dbada8ec2cce4ad7bbc0d9","0xcf8191993a2e53409e79e7a9d1c3c30d5fb62eb2","553633217993079584775086"
"0x8a830afa3b64be4d10fbc573c7717bc87ed6e9eb852bcb92898ff3f82b3b52aa-34","28372920","1753786581","0x8a830afa3b64be4d10fbc573c7717bc87ed6e9eb852bcb92898ff3f82b3b52aa","0xddd77e91c222e36d4bd5ca8e78682a2172314197","0x0fba475e92cfef19f7dbada8ec2cce4ad7bbc0d9","0xd959ae30430913299c676fc54668f5b7b379dd61","553633217993079584775086"
"0x8a90d6d58753fdf115545cb02bdd3093de5f17d610619f1f5c291bf8e7be1e5c-37","28331333","1753761565","0x8a90d6d58753fdf115545cb02bdd3093de5f17d610619f1f5c291bf8e7be1e5c","0xddd77e91c222e36d4bd5ca8e78682a2172314197","0x0fba475e92cfef19f7dbada8ec2cce4ad7bbc0d9","0x42034e37dc7f73c7e890ac0257545c7ba3df7d12","553633217993079584775086"
"0x8a9ba66123e8125b13cdf34f035e83666f45c9034bc7b7fa60e8ca9045d136a4-32","28383999","1753793305","0x8a9ba66123e8125b13cdf34f035e83666f45c9034bc7b7fa60e8ca9045d136a4","0xddd77e91c222e36d4bd5ca8e78682a2172314197","0x0fba475e92cfef19f7dbada8ec2cce4ad7bbc0d9","0x3c06dabd91a0a71aa992ba28bf8388c38e968b61","553633217993079584775086"
"0x8abda7ce69fd2d967452b9db1f5f48f68ab72dd51404fdb46592eb4a81336789-88","28137172","1753645049","0x8abda7ce69fd2d967452b9db1f5f48f68ab72dd51404fdb46592eb4a81336789","0xddd77e91c222e36d4bd5ca8e78682a2172314197","0x0fba475e92cfef19f7dbada8ec2cce4ad7bbc0d9","0xd1bcb509879f5355b8a44cfd51fb6394e519546e","553633217993079584775086"
"0x8ac05a25a2b013b05c544be8707ec35a0a772ab9d86db4471b9f6bb634f74d7a-85","28351965","1753773956","0x8ac05a25a2b013b05c544be8707ec35a0a772ab9d86db4471b9f6bb634f74d7a","0xddd77e91c222e36d4bd5ca8e78682a2172314197","0x0fba475e92cfef19f7dbada8ec2cce4ad7bbc0d9","0x1506ac38d763d59547b49824aea910e3cc84f937","553633217993079584775086"
"0x8ac34025813a28096fb86d58e355acb715dc8b4ba67173d005e7d7278438024c-96","28396544","1753800830","0x8ac34025813a28096fb86d58e355acb715dc8b4ba67173d005e7d7278438024c","0xddd77e91c222e36d4bd5ca8e78682a2172314197","0x0fba475e92cfef19f7dbada8ec2cce4ad7bbc0d9","0x9e02befe4420c9e2eb3d5d92b26cc872196fc8c8","553633217993079584775086"
"0x8ac690f5eae49f1d1ee7904175dc231f5a75ebe0dc343120ac4acf573e1e642b-43","28361371","1753779625","0x8ac690f5eae49f1d1ee7904175dc231f5a75ebe0dc343120ac4acf573e1e642b","0xddd77e91c222e36d4bd5ca8e78682a2172314197","0x0fba475e92cfef19f7dbada8ec2cce4ad7bbc0d9","0x6f5f3feff6b015981bc31ad4a4f1bd081ffa5bbf","553633217993079584775086"
"0x8ac8f301543ba9a7744b915aa59885226c8a3e5a12598b19d68e20079bd11729-9","28330537","1753761064","0x8ac8f301543ba9a7744b915aa59885226c8a3e5a12598b19d68e20079bd11729","0xddd77e91c222e36d4bd5ca8e78682a2172314197","0x0fba475e92cfef19f7dbada8ec2cce4ad7bbc0d9","0x0e274893a525b36d397d6415c65863f20643dab4","553633217993079584775086"
"0x8ad517efccb1ab2f984b714ffc318cd5a1cbb1a2b758f577f7341b997e05c888-14","28368788","1753784128","0x8ad517efccb1ab2f984b714ffc318cd5a1cbb1a2b758f577f7341b997e05c888","0xddd77e91c222e36d4bd5ca8e78682a2172314197","0x0fba475e92cfef19f7dbada8ec2cce4ad7bbc0d9","0x5267995cd69fe3fddb90b6323e5112780c4318c2","553633217993079584775086"
"0x8ae0afb84455cbfecf9953e9149710698ca64d98a25ae7e902e61c31f8c719c9-56","28331752","1753761811","0x8ae0afb84455cbfecf9953e9149710698ca64d98a25ae7e902e61c31f8c719c9","0xddd77e91c222e36d4bd5ca8e78682a2172314197","0x0fba475e92cfef19f7dbada8ec2cce4ad7bbc0d9","0x911d7f579c9ac29c39fde217a08096407cda3f4d","553633217993079584775086"
"0x8b037ae49d0cb2fec31224c2f367283b2c2cba356c55d86f615bac2806960078-4","28362374","1753780229","0x8b037ae49d0cb2fec31224c2f367283b2c2cba356c55d86f615bac2806960078","0xddd77e91c222e36d4bd5ca8e78682a2172314197","0x0fba475e92cfef19f7dbada8ec2cce4ad7bbc0d9","0x7541372462ab5f8818e2822cb9c62d4093cf984c","553633217993079584775086"
"0x8b2ad489511edcad083bc4d2dcf8f196eda87ae1218b50ba0ff64755afbac436-387","28351144","1753773472","0x8b2ad489511edcad083bc4d2dcf8f196eda87ae1218b50ba0ff64755afbac436","0xddd77e91c222e36d4bd5ca8e78682a2172314197","0x0fba475e92cfef19f7dbada8ec2cce4ad7bbc0d9","0x41302bc869a45d397a51a86c27461cebdc1c8dd6","553633217993079584775086"
"0x8b3b06dc638ab43a35a7a892847878d1608fd41766521f7af74fee3422b740fc-714","28351564","1753773728","0x8b3b06dc638ab43a35a7a892847878d1608fd41766521f7af74fee3422b740fc","0xddd77e91c222e36d4bd5ca8e78682a2172314197","0x0fba475e92cfef19f7dbada8ec2cce4ad7bbc0d9","0x3dc7f8850cbfe558eee8442d553fde8eb49dcf5d","553633217993079584775086"
"0x8b3d1c5662a6ede79b2894b47fe730880d5468c1b6731ec01d0f19dd76d31e1b-153","28405180","1753806085","0x8b3d1c5662a6ede79b2894b47fe730880d5468c1b6731ec01d0f19dd76d31e1b","0xddd77e91c222e36d4bd5ca8e78682a2172314197","0x0fba475e92cfef19f7dbada8ec2cce4ad7bbc0d9","0x830fc73d1ab57b5c8e8b4fc02d0305f0e4780de0","553633217993079584775086"
"0x8b7f7a2cc1949fa1c6f3caadd19fec3f90315b49a860b34cdd45a6c37125eaaa-97","28404365","1753805606","0x8b7f7a2cc1949fa1c6f3caadd19fec3f90315b49a860b34cdd45a6c37125eaaa","0xddd77e91c222e36d4bd5ca8e78682a2172314197","0x0fba475e92cfef19f7dbada8ec2cce4ad7bbc0d9","0xec1707605474335201220df5ad9fd17d62207c34","553633217993079584775086"
"0x8b848d59bcf53ae509a9cee5f353bd5ccf9895beccb820f328ae0b8946701d30-133","28361197","1753779538","0x8b848d59bcf53ae509a9cee5f353bd5ccf9895beccb820f328ae0b8946701d30","0xddd77e91c222e36d4bd5ca8e78682a2172314197","0x0fba475e92cfef19f7dbada8ec2cce4ad7bbc0d9","0x521dc01d9d26806092c45225200a09aa6d8f4b2f","553633217993079584775086"
"0x8b9b6a26a9640eea27a94e6400ebd472af8a446af18195e1d9d69f8bbc96ffeb-73","28351141","1753773470","0x8b9b6a26a9640eea27a94e6400ebd472af8a446af18195e1d9d69f8bbc96ffeb","0xddd77e91c222e36d4bd5ca8e78682a2172314197","0x0fba475e92cfef19f7dbada8ec2cce4ad7bbc0d9","0x91d669ab5b5d27c67b62954e81a6d2a3a08b2d94","553633217993079584775086"
"0x8c18da124d6be3c91afbb8aa19508ab0d783c6e9395a757cf2451e716c1611b7-48","28130149","1753640827","0x8c18da124d6be3c91afbb8aa19508ab0d783c6e9395a757cf2451e716c1611b7","0xddd77e91c222e36d4bd5ca8e78682a2172314197","0x0fba475e92cfef19f7dbada8ec2cce4ad7bbc0d9","0xcf1585b23c448b22931e8b76d0e6fdca6d3ac26b","553633217993079584775086"
"0x8c1a11dfb93f8c4d8c3884aa44f7603f7d9e41cd6dbbd9277dfacb426e07752d-12","28352973","1753774570","0x8c1a11dfb93f8c4d8c3884aa44f7603f7d9e41cd6dbbd9277dfacb426e07752d","0xddd77e91c222e36d4bd5ca8e78682a2172314197","0x0fba475e92cfef19f7dbada8ec2cce4ad7bbc0d9","0x10ad9491c8b165eef003ddb9708d673938e55abf","553633217993079584775086"
"0x8c308153d9c72125be105de29d13f1713377a41a4ed9e48ed02a82cacf75e84f-8","28357642","1753777374","0x8c308153d9c72125be105de29d13f1713377a41a4ed9e48ed02a82cacf75e84f","0xddd77e91c222e36d4bd5ca8e78682a2172314197","0x0fba475e92cfef19f7dbada8ec2cce4ad7bbc0d9","0x0d8f7412152860e323368f0c85d224093e3f7143","553633217993079584775086"
"0x8c355dc0124ef17500e5fc3379b36798053879032b1644916050240d97572a61-48","28338361","1753765765","0x8c355dc0124ef17500e5fc3379b36798053879032b1644916050240d97572a61","0xddd77e91c222e36d4bd5ca8e78682a2172314197","0x0fba475e92cfef19f7dbada8ec2cce4ad7bbc0d9","0x95fe26d8a9b2172dd2518ce6d47c1c8ee79de6a1","553633217993079584775086"
"0x8c41222593da6cfeb0eee7142cf96c38e560c6259c803dfeed070514f9acbf42-61","28356705","1753776801","0x8c41222593da6cfeb0eee7142cf96c38e560c6259c803dfeed070514f9acbf42","0xddd77e91c222e36d4bd5ca8e78682a2172314197","0x0fba475e92cfef19f7dbada8ec2cce4ad7bbc0d9","0x7a408742e8e23b7808a5b30e37c57f95a5eabb0b","553633217993079584775086"
"0x8c5c938215ca356ab021f669c6d615835d576c1cdf327844a9845a103cbbcd07-49","28374041","1753787264","0x8c5c938215ca356ab021f669c6d615835d576c1cdf327844a9845a103cbbcd07","0xddd77e91c222e36d4bd5ca8e78682a2172314197","0x0fba475e92cfef19f7dbada8ec2cce4ad7bbc0d9","0xab25bf267d42551d858b6043d56f7eb529953f77","553633217993079584775086"
"0x8c652671a5efac210a3b9816bf904c6cd9568969cc7635b1b6858284e49c05fa-59","28353829","1753775072","0x8c652671a5efac210a3b9816bf904c6cd9568969cc7635b1b6858284e49c05fa","0xddd77e91c222e36d4bd5ca8e78682a2172314197","0x0fba475e92cfef19f7dbada8ec2cce4ad7bbc0d9","0x0c8fa6113f4a1b7aaa03f58b60184613a8d5db0b","553633217993079584775086"
"0x8c7129e6babfb36df7e442ce3825f11e684562bb1df1c5237163243908b19270-585","28137716","1753645387","0x8c7129e6babfb36df7e442ce3825f11e684562bb1df1c5237163243908b19270","0xddd77e91c222e36d4bd5ca8e78682a2172314197","0x0fba475e92cfef19f7dbada8ec2cce4ad7bbc0d9","0x61d974255deef667d30db7cde25bab48becd3afc","553633217993079584775086"
"0x8c79ad57af3d44fc69c038d0f49b1e055775ef5c5635560887df7303635b1843-193","28372054","1753786056","0x8c79ad57af3d44fc69c038d0f49b1e055775ef5c5635560887df7303635b1843","0xddd77e91c222e36d4bd5ca8e78682a2172314197","0x0fba475e92cfef19f7dbada8ec2cce4ad7bbc0d9","0xba3610f5b801435e6e5fcb213f7289882a2ac7cf","553633217993079584775086"
"0x8c7bdd7d80b5d4e18b3bbca3b3d2192232b648005f030ad5949d333f172dda48-3","28362360","1753780222","0x8c7bdd7d80b5d4e18b3bbca3b3d2192232b648005f030ad5949d333f172dda48","0xddd77e91c222e36d4bd5ca8e78682a2172314197","0x0fba475e92cfef19f7dbada8ec2cce4ad7bbc0d9","0x5f875dbed1b64ace06bee99c5d099a9554059627","553633217993079584775086"
"0x8c858c3eb9860e03481da0a1d9da860f2ee3c2dffbd5d418d2670700ff1f3302-5","28130320","1753640924","0x8c858c3eb9860e03481da0a1d9da860f2ee3c2dffbd5d418d2670700ff1f3302","0xddd77e91c222e36d4bd5ca8e78682a2172314197","0x0fba475e92cfef19f7dbada8ec2cce4ad7bbc0d9","0x1ecc776128968c1d454b2f3cbcc53dd6115ffd50","553633217993079584775086"
"0x8c8e0588f54bbe219bfea0d9d791fea4002dfb44016494d465931e889b5ea367-90","28399480","1753802615","0x8c8e0588f54bbe219bfea0d9d791fea4002dfb44016494d465931e889b5ea367","0xddd77e91c222e36d4bd5ca8e78682a2172314197","0x0fba475e92cfef19f7dbada8ec2cce4ad7bbc0d9","0x647beed09a1790cba0a9c082cc86db2f7a12c74c","553633217993079584775086"
"0x8caf0226cad1b35d1ac06ccbf928219736d346ddaee079ec39f718051b6de1c4-3","28385721","1753794329","0x8caf0226cad1b35d1ac06ccbf928219736d346ddaee079ec39f718051b6de1c4","0xddd77e91c222e36d4bd5ca8e78682a2172314197","0x0fba475e92cfef19f7dbada8ec2cce4ad7bbc0d9","0x9613eca44f5e6b3045284537a6ba4b56ba0e7ca8","553633217993079584775086"
"0x8d13b51128de111d87a85733a047430a86c1b8b0cd409155bd71d6d197730e08-37","28373105","1753786692","0x8d13b51128de111d87a85733a047430a86c1b8b0cd409155bd71d6d197730e08","0xddd77e91c222e36d4bd5ca8e78682a2172314197","0x0fba475e92cfef19f7dbada8ec2cce4ad7bbc0d9","0x21e2c2b8f58777fe7dce9a57039530e4a61819d3","553633217993079584775086"
"0x8d31c5eeba79dea4c20e92e18ea75e641f8d425fcf9c7bb38af1c4536e7de5d3-100","28339010","1753766163","0x8d31c5eeba79dea4c20e92e18ea75e641f8d425fcf9c7bb38af1c4536e7de5d3","0xddd77e91c222e36d4bd5ca8e78682a2172314197","0x0fba475e92cfef19f7dbada8ec2cce4ad7bbc0d9","0x610efa137667a588374de5e0569f93820be7f57a","553633217993079584775086"
"0x8d330c5c53409d4ece5c9e890f4de969eb87bfa7a9aebf667ca21e962fe09177-48","28374750","1753787710","0x8d330c5c53409d4ece5c9e890f4de969eb87bfa7a9aebf667ca21e962fe09177","0xddd77e91c222e36d4bd5ca8e78682a2172314197","0x0fba475e92cfef19f7dbada8ec2cce4ad7bbc0d9","0xf81100d2fa23b2257028c300e4f6f955ed416a19","553633217993079584775086"
"0x8d3bab4f4d60480f733d5bd4b2580a2abd9b702d724917c415ca919c1d1c09f7-80","28359551","1753778542","0x8d3bab4f4d60480f733d5bd4b2580a2abd9b702d724917c415ca919c1d1c09f7","0xddd77e91c222e36d4bd5ca8e78682a2172314197","0x0fba475e92cfef19f7dbada8ec2cce4ad7bbc0d9","0x535bfa03c3b90c0e8513743701c513a182685b72","553633217993079584775086"
"0x8d55b08f1e977c9c48889df4337e65f3811d4b03c47a9061737cf72e962b11bf-75","28342881","1753768476","0x8d55b08f1e977c9c48889df4337e65f3811d4b03c47a9061737cf72e962b11bf","0xddd77e91c222e36d4bd5ca8e78682a2172314197","0x0fba475e92cfef19f7dbada8ec2cce4ad7bbc0d9","0x34ab7aa3d6e509ed148241466a83e58cb2bd955a","553633217993079584775086"
"0x8d59dd114c40e8116908f926da3355089c100fbc360fb74b0b6c7947cc0c8422-163","28340993","1753767361","0x8d59dd114c40e8116908f926da3355089c100fbc360fb74b0b6c7947cc0c8422","0xddd77e91c222e36d4bd5ca8e78682a2172314197","0x0fba475e92cfef19f7dbada8ec2cce4ad7bbc0d9","0xb0cc79cf0233afbddf1ba1644b9971837a4b8aa8","553633217993079584775086"
"0x8d63513736d3572e2e23c3a8e7ed863fa6819e8115efd8bff7707cf63f4341c6-426","28402208","1753804325","0x8d63513736d3572e2e23c3a8e7ed863fa6819e8115efd8bff7707cf63f4341c6","0xddd77e91c222e36d4bd5ca8e78682a2172314197","0x0fba475e92cfef19f7dbada8ec2cce4ad7bbc0d9","0x0d8c9ad8eebb6879fefa218f0799219bcaabe999","553633217993079584775086"
"0x8d75738bd70d6ae20899251f20b767dab25088e069d9c4cf332041ff0593c4b0-23","28349071","1753772226","0x8d75738bd70d6ae20899251f20b767dab25088e069d9c4cf332041ff0593c4b0","0xddd77e91c222e36d4bd5ca8e78682a2172314197","0x0fba475e92cfef19f7dbada8ec2cce4ad7bbc0d9","0xde252ca6c494ba2cc52ef556d4ed3330c9d0f783","553633217993079584775086"
"0x8d760f1dab14975711c75b848e0aa089a50876bb7e5d79f563e4bdf3b4ccad32-128","28348719","1753772036","0x8d760f1dab14975711c75b848e0aa089a50876bb7e5d79f563e4bdf3b4ccad32","0xddd77e91c222e36d4bd5ca8e78682a2172314197","0x0fba475e92cfef19f7dbada8ec2cce4ad7bbc0d9","0xe197523276ac2e78cd746456cb442d3363d94350","553633217993079584775086"
"0x8d7fd214eca571e2ccc6844beda2fd4558cffef0fa293014ee1507173dcb9fb6-28","28331490","1753761664","0x8d7fd214eca571e2ccc6844beda2fd4558cffef0fa293014ee1507173dcb9fb6","0xddd77e91c222e36d4bd5ca8e78682a2172314197","0x0fba475e92cfef19f7dbada8ec2cce4ad7bbc0d9","0xe4f6dec1b15249d93682fbcb23939a756e0e97f3","553633217993079584775086"
"0x8d8af439528b7368be756902322fc02b8bfacf2d935fe8d183f40be4967287c9-124","28398554","1753802045","0x8d8af439528b7368be756902322fc02b8bfacf2d935fe8d183f40be4967287c9","0xddd77e91c222e36d4bd5ca8e78682a2172314197","0x0fba475e92cfef19f7dbada8ec2cce4ad7bbc0d9","0xbaf3f7cd5fc99f4a804003c6f325a8f7ea547635","553633217993079584775086"
"0x8d8f539c581d17a3ebb082228bf45f9c1b5adfa3a0b9460ff29da1f516e43348-26","28344723","1753769611","0x8d8f539c581d17a3ebb082228bf45f9c1b5adfa3a0b9460ff29da1f516e43348","0xddd77e91c222e36d4bd5ca8e78682a2172314197","0x0fba475e92cfef19f7dbada8ec2cce4ad7bbc0d9","0xac1edcbc2f96fde6c278e4f19cecd2f564aceebb","553633217993079584775086"
"0x8dac42bd93582d0ddec1be55ca0e18c72716f118e922597b640fed1766cba381-58","28352932","1753774547","0x8dac42bd93582d0ddec1be55ca0e18c72716f118e922597b640fed1766cba381","0xddd77e91c222e36d4bd5ca8e78682a2172314197","0x0fba475e92cfef19f7dbada8ec2cce4ad7bbc0d9","0x98bfff3d7bdf33ca0dd0220e2452f9c051d18ca4","553633217993079584775086"
"0x8db1d125e37331665b7f2ca24355a3be8081a2b6daeed52459f592a199533df8-191","28352070","1753774018","0x8db1d125e37331665b7f2ca24355a3be8081a2b6daeed52459f592a199533df8","0xddd77e91c222e36d4bd5ca8e78682a2172314197","0x0fba475e92cfef19f7dbada8ec2cce4ad7bbc0d9","0xb05e8b9435743ee51fe3569dc2d4987bcd196894","553633217993079584775086"
"0x8dbc460f64aeecf295ae556ddf0fb4af69e58884d867e42e5502e01bffc77d56-173","28337600","1753765323","0x8dbc460f64aeecf295ae556ddf0fb4af69e58884d867e42e5502e01bffc77d56","0xddd77e91c222e36d4bd5ca8e78682a2172314197","0x0fba475e92cfef19f7dbada8ec2cce4ad7bbc0d9","0xa039c5c9a56e6aada4d78f421c9d91e9c4819bbf","553633217993079584775086"
"0x8dbd19118a6433e62b09b9a33ef4eb2e5fe0f3a37d712030b0f4dfab294d03f2-93","28355118","1753775851","0x8dbd19118a6433e62b09b9a33ef4eb2e5fe0f3a37d712030b0f4dfab294d03f2","0xddd77e91c222e36d4bd5ca8e78682a2172314197","0x0fba475e92cfef19f7dbada8ec2cce4ad7bbc0d9","0xe1a5ce7ab683f171eb55520827f558d6086aef22","553633217993079584775086"
"0x8de91ef3615b3225e72b05b8788932e48fef9d9fbd4a1fc26381d26d59916222-12","28387693","1753795432","0x8de91ef3615b3225e72b05b8788932e48fef9d9fbd4a1fc26381d26d59916222","0xddd77e91c222e36d4bd5ca8e78682a2172314197","0x0fba475e92cfef19f7dbada8ec2cce4ad7bbc0d9","0x78148676dc5f3ba6213e124fea5d65899a86b17e","553633217993079584775086"
"0x8e0cead8431d8c57d624a32c5d58116c419013a3fd50d377bb1724a9273ed646-100","28401174","1753803661","0x8e0cead8431d8c57d624a32c5d58116c419013a3fd50d377bb1724a9273ed646","0xddd77e91c222e36d4bd5ca8e78682a2172314197","0x0fba475e92cfef19f7dbada8ec2cce4ad7bbc0d9","0x20b6a1ef41a6f76c0526c6ad29a6f27a1598ba0a","553633217993079584775086"
"0x8e1eac3992ac17c3d227a9544a3c618662efb58a657bc29b2ccabe5fcdd3c501-3","28344404","1753769421","0x8e1eac3992ac17c3d227a9544a3c618662efb58a657bc29b2ccabe5fcdd3c501","0xddd77e91c222e36d4bd5ca8e78682a2172314197","0x0fba475e92cfef19f7dbada8ec2cce4ad7bbc0d9","0x4d2b754d7f8b22593032f8c56fac64231d6f5ab2","553633217993079584775086"
"0x8e24f800999608410ea0265ddaba469fcbcae06c97854b22f0cc89f04d1c815c-40","28331777","1753761823","0x8e24f800999608410ea0265ddaba469fcbcae06c97854b22f0cc89f04d1c815c","0xddd77e91c222e36d4bd5ca8e78682a2172314197","0x0fba475e92cfef19f7dbada8ec2cce4ad7bbc0d9","0xe8818b0727178bbfa5b2b88a4fe9198677b444b6","553633217993079584775086"
"0x8e2b66b12cc81fda928fc7d9360539d59f21979dc258f3896e64b0c8fa3ba073-62","28339614","1753766553","0x8e2b66b12cc81fda928fc7d9360539d59f21979dc258f3896e64b0c8fa3ba073","0xddd77e91c222e36d4bd5ca8e78682a2172314197","0x0fba475e92cfef19f7dbada8ec2cce4ad7bbc0d9","0xe72a02ec766cb308858d02f6fa601d547e07dc3e","553633217993079584775086"
"0x8e5357563efd62abf5a8d596621d10af58dcd7440a64a30195be5604fdd9cd5a-149","28407177","1753807322","0x8e5357563efd62abf5a8d596621d10af58dcd7440a64a30195be5604fdd9cd5a","0xddd77e91c222e36d4bd5ca8e78682a2172314197","0x0fba475e92cfef19f7dbada8ec2cce4ad7bbc0d9","0x6e50ca654929013cd9020789e9f1093f37092610","553633217993079584775086"
"0x8e578309de933d4c22a2da45c82afadf3d2f412f385dec2671868d5087fd0800-254","28354278","1753775338","0x8e578309de933d4c22a2da45c82afadf3d2f412f385dec2671868d5087fd0800","0xddd77e91c222e36d4bd5ca8e78682a2172314197","0x0fba475e92cfef19f7dbada8ec2cce4ad7bbc0d9","0x2447f92110b70969929ee6e08d9921f386e2a335","553633217993079584775086"
"0x8e7f91340cbe9bb2d01ec866b519e6ffe9e2e36f95592fd27e02373ff511fc78-89","28349874","1753772712","0x8e7f91340cbe9bb2d01ec866b519e6ffe9e2e36f95592fd27e02373ff511fc78","0xddd77e91c222e36d4bd5ca8e78682a2172314197","0x0fba475e92cfef19f7dbada8ec2cce4ad7bbc0d9","0xa726f4a1de326c001dcba8ce989577c41408c048","553633217993079584775086"
"0x8ec583f1ba040e1ef9f98b054046cbd1aa86dce6a4f23ec94dcb23e31c118903-252","28392572","1753798434","0x8ec583f1ba040e1ef9f98b054046cbd1aa86dce6a4f23ec94dcb23e31c118903","0xddd77e91c222e36d4bd5ca8e78682a2172314197","0x0fba475e92cfef19f7dbada8ec2cce4ad7bbc0d9","0xcb71d26b1a6ef2816ea0de7881dd6996ef68ae0f","553633217993079584775086"
"0x8ee4b432bb30a4877f24eb92d09322261a0f0dfe3f8a1b033d97d76a9a593894-9","28377377","1753789305","0x8ee4b432bb30a4877f24eb92d09322261a0f0dfe3f8a1b033d97d76a9a593894","0xddd77e91c222e36d4bd5ca8e78682a2172314197","0x0fba475e92cfef19f7dbada8ec2cce4ad7bbc0d9","0xb2565f33ca2caf837870b99d712b58fb6a828a93","553633217993079584775086"
"0x8f29aee044c56b86ff5ab5615ea31ca79f5e67d8312a743ee3c315c2021a4dc1-601","28344733","1753769619","0x8f29aee044c56b86ff5ab5615ea31ca79f5e67d8312a743ee3c315c2021a4dc1","0xddd77e91c222e36d4bd5ca8e78682a2172314197","0x0fba475e92cfef19f7dbada8ec2cce4ad7bbc0d9","0x43506f19a77c6d1cfa227d38ec604a784d60d0eb","553633217993079584775086"
"0x8f429a37784b6adb84feb3c47131ef20ac984cdaccb73a2e69f0e3df05aeb503-149","28361917","1753779959","0x8f429a37784b6adb84feb3c47131ef20ac984cdaccb73a2e69f0e3df05aeb503","0xddd77e91c222e36d4bd5ca8e78682a2172314197","0x0fba475e92cfef19f7dbada8ec2cce4ad7bbc0d9","0x268b5ed8525c3ae31e82927e4df2b9514fe9f274","553633217993079584775086"
"0x8f43150727f4d7141a004c37d7843fb7216f518e6c24dcb06d48d037bb00dc9c-135","28354571","1753775524","0x8f43150727f4d7141a004c37d7843fb7216f518e6c24dcb06d48d037bb00dc9c","0xddd77e91c222e36d4bd5ca8e78682a2172314197","0x0fba475e92cfef19f7dbada8ec2cce4ad7bbc0d9","0x9b486bc2d73943ed1aa81dc15f772bc806a6f420","553633217993079584775086"
"0x8f74401a261be497cba176381d5f82291ce9d314a90adcae97d08b3264029ff3-215","28354756","1753775626","0x8f74401a261be497cba176381d5f82291ce9d314a90adcae97d08b3264029ff3","0xddd77e91c222e36d4bd5ca8e78682a2172314197","0x0fba475e92cfef19f7dbada8ec2cce4ad7bbc0d9","0x868d2ad6807557594a9a3bc1a6df3249747162e5","553633217993079584775086"
"0x8fae28d3f512c4814b4f2443b9d308665edd53513fac4be5922bc3aa180e84dc-107","28330507","1753761046","0x8fae28d3f512c4814b4f2443b9d308665edd53513fac4be5922bc3aa180e84dc","0xddd77e91c222e36d4bd5ca8e78682a2172314197","0x0fba475e92cfef19f7dbada8ec2cce4ad7bbc0d9","0x55f94cdb00bf67ada4dc90171c89839d6f13248c","553633217993079584775086"
"0x8fcc0383453f8f5d6c10df21859f3685d5319ed8bc82f312996a68823dcbf9a6-39","28397790","1753801584","0x8fcc0383453f8f5d6c10df21859f3685d5319ed8bc82f312996a68823dcbf9a6","0xddd77e91c222e36d4bd5ca8e78682a2172314197","0x0fba475e92cfef19f7dbada8ec2cce4ad7bbc0d9","0x9e3e9091fa686f9273f2dcd5cf1feb32f0339727","553633217993079584775086"
"0x8fd34e99a32df6cb161a65235fd19275f38d83f23c42d5a4b372a333725fd300-41","28350034","1753772808","0x8fd34e99a32df6cb161a65235fd19275f38d83f23c42d5a4b372a333725fd300","0xddd77e91c222e36d4bd5ca8e78682a2172314197","0x0fba475e92cfef19f7dbada8ec2cce4ad7bbc0d9","0x568702a9977b7fae19791db3181bd91e50b64b1e","553633217993079584775086"
"0x8fe8f1e59a8af0cb841523924a432fe32e3111d7c51a07a2ea4a237ccf3771ef-11","28404821","1753805866","0x8fe8f1e59a8af0cb841523924a432fe32e3111d7c51a07a2ea4a237ccf3771ef","0xddd77e91c222e36d4bd5ca8e78682a2172314197","0x0fba475e92cfef19f7dbada8ec2cce4ad7bbc0d9","0xc2273d490a42d6a1328f1ddef52b6fab51f4b11e","553633217993079584775086"
"0x8ffc1f150b0e825b9925644f145b28324c340fa3fff97fad7cb3d5b94a96d60e-43","28388202","1753795747","0x8ffc1f150b0e825b9925644f145b28324c340fa3fff97fad7cb3d5b94a96d60e","0xddd77e91c222e36d4bd5ca8e78682a2172314197","0x0fba475e92cfef19f7dbada8ec2cce4ad7bbc0d9","0x17952f6d0dd480b7b913b7500bdcb46383e03fab","553633217993079584775086"
"0x90013d142128a48739be15b560fee61419eac61b714510473dc6ac527853174c-668","28393379","1753798921","0x90013d142128a48739be15b560fee61419eac61b714510473dc6ac527853174c","0xddd77e91c222e36d4bd5ca8e78682a2172314197","0x0fba475e92cfef19f7dbada8ec2cce4ad7bbc0d9","0x00a67b44e77e219d1c594742ad9df628a854f689","553633217993079584775086"
"0x9005f64463e11fdaa817d747fa42d8fb266bb4b70be9f11b681b1265eedb7609-8","28353006","1753774593","0x9005f64463e11fdaa817d747fa42d8fb266bb4b70be9f11b681b1265eedb7609","0xddd77e91c222e36d4bd5ca8e78682a2172314197","0x0fba475e92cfef19f7dbada8ec2cce4ad7bbc0d9","0x60a3604a73c5a553d9658d25a623f69c367dc44b","553633217993079584775086"
"0x901b74550e3a94cb1773206071c409beae594ed049eb8868aeac4057192a57a9-15","28351682","1753773803","0x901b74550e3a94cb1773206071c409beae594ed049eb8868aeac4057192a57a9","0xddd77e91c222e36d4bd5ca8e78682a2172314197","0x0fba475e92cfef19f7dbada8ec2cce4ad7bbc0d9","0x1ac97d23734d0ecb60e587a7f656827cde381c4a","553633217993079584775086"
"0x9025c4651489fa23ce02cd719238f4bf9c9df0741916b35609a7a4aaca1c99fc-118","28392248","1753798247","0x9025c4651489fa23ce02cd719238f4bf9c9df0741916b35609a7a4aaca1c99fc","0xddd77e91c222e36d4bd5ca8e78682a2172314197","0x0fba475e92cfef19f7dbada8ec2cce4ad7bbc0d9","0x2a9dfe25840df4c736d9c8051b9bd0a712636e68","553633217993079584775086"
"0x90790b5e5eb09cbd692b0ad932e5adc69d08bc3755c8b949915d907a539025ac-54","28341103","1753767427","0x90790b5e5eb09cbd692b0ad932e5adc69d08bc3755c8b949915d907a539025ac","0xddd77e91c222e36d4bd5ca8e78682a2172314197","0x0fba475e92cfef19f7dbada8ec2cce4ad7bbc0d9","0x366fb63c0e3f799cc3ccfb854f10c6ef6da27264","553633217993079584775086"
"0x90bad7a898c5691638587ff762fecdaf5ae303c8ca14a72af548e6cfb02d906f-146","28137514","1753645256","0x90bad7a898c5691638587ff762fecdaf5ae303c8ca14a72af548e6cfb02d906f","0xddd77e91c222e36d4bd5ca8e78682a2172314197","0x0fba475e92cfef19f7dbada8ec2cce4ad7bbc0d9","0x39959746770ecf5ff282784549e178e81a85c201","553633217993079584775086"
"0x90f62d0dc0238756c516c792968d4a8c699be74265f838c3cabc65532a4ea3ac-19","28346617","1753770763","0x90f62d0dc0238756c516c792968d4a8c699be74265f838c3cabc65532a4ea3ac","0xddd77e91c222e36d4bd5ca8e78682a2172314197","0x0fba475e92cfef19f7dbada8ec2cce4ad7bbc0d9","0x2ed311589117d192f7d3f2d83f6027b891d22b10","553633217993079584775086"
"0x9103a6f4db585d8d54befbce3050b6684230e0573b6a01abc8deec6e839cedd7-15","28368626","1753784026","0x9103a6f4db585d8d54befbce3050b6684230e0573b6a01abc8deec6e839cedd7","0xddd77e91c222e36d4bd5ca8e78682a2172314197","0x0fba475e92cfef19f7dbada8ec2cce4ad7bbc0d9","0x4dba09d91063198b38e78b4573bee32f350abc3f","553633217993079584775086"
"0x910bb4152557b88b669ce6a90dd0369a305da635ec387a56f84d8b04c8030b92-190","28332819","1753762441","0x910bb4152557b88b669ce6a90dd0369a305da635ec387a56f84d8b04c8030b92","0xddd77e91c222e36d4bd5ca8e78682a2172314197","0x0fba475e92cfef19f7dbada8ec2cce4ad7bbc0d9","0xf5cf378d2272b95e9b0cb399a8729b0dff9eae40","553633217993079584775086"
"0x912db39ee9febc608a8bd88226be66499aca018beaa21fbba5bebf94b8233f50-564","28368643","1753784037","0x912db39ee9febc608a8bd88226be66499aca018beaa21fbba5bebf94b8233f50","0xddd77e91c222e36d4bd5ca8e78682a2172314197","0x0fba475e92cfef19f7dbada8ec2cce4ad7bbc0d9","0xc11295ac03bcd24d7afe0105dc62f00bb37f7123","553633217993079584775086"
"0x9135c0d3aa594fa6a86663db416b5ec697ce95888e4e173f3d9cbf3fb928ac98-96","28397789","1753801583","0x9135c0d3aa594fa6a86663db416b5ec697ce95888e4e173f3d9cbf3fb928ac98","0xddd77e91c222e36d4bd5ca8e78682a2172314197","0x0fba475e92cfef19f7dbada8ec2cce4ad7bbc0d9","0x1c89207b1e5771db41de7ddc3306cc0785b0068d","553633217993079584775086"
"0x917cf8701734717f9c21959e0c003ec4441c434e42469d5141c7ab8f8ec2c608-68","28349687","1753772596","0x917cf8701734717f9c21959e0c003ec4441c434e42469d5141c7ab8f8ec2c608","0xddd77e91c222e36d4bd5ca8e78682a2172314197","0x0fba475e92cfef19f7dbada8ec2cce4ad7bbc0d9","0x90ac0d18a45ddaec0bc7f9174da5c36945be5885","553633217993079584775086"
"0x91923cd06192f69aea514d9352aa34a3c0ff56fde15ddcc16f4302be1c36ca55-242","28354278","1753775338","0x91923cd06192f69aea514d9352aa34a3c0ff56fde15ddcc16f4302be1c36ca55","0xddd77e91c222e36d4bd5ca8e78682a2172314197","0x0fba475e92cfef19f7dbada8ec2cce4ad7bbc0d9","0xff69f0316b68f7b92da30fabe1ff2010ec50867b","553633217993079584775086"
"0x91c93fe11fb1dd11ead0aca6fdf6e99082f4acb6bd700cc14a3c25c782362f3f-124","28403368","1753805012","0x91c93fe11fb1dd11ead0aca6fdf6e99082f4acb6bd700cc14a3c25c782362f3f","0xddd77e91c222e36d4bd5ca8e78682a2172314197","0x0fba475e92cfef19f7dbada8ec2cce4ad7bbc0d9","0xde5edc6e1254cfd7e62f4547c59ece7c3f48a5e6","553633217993079584775086"
"0x91c94b372409ae241b904f87a713cc0345485d7624e99590c9c29fd16ed28116-115","28401710","1753804008","0x91c94b372409ae241b904f87a713cc0345485d7624e99590c9c29fd16ed28116","0xddd77e91c222e36d4bd5ca8e78682a2172314197","0x0fba475e92cfef19f7dbada8ec2cce4ad7bbc0d9","0xa0a6b15e47ab7ecdbad39421088f855a7be96230","553633217993079584775086"
"0x91e02a494c31b6bca1a1ee12eb85fd5bed077286c5d22edcc3c6826db2ff5a20-250","28386637","1753794850","0x91e02a494c31b6bca1a1ee12eb85fd5bed077286c5d22edcc3c6826db2ff5a20","0xddd77e91c222e36d4bd5ca8e78682a2172314197","0x0fba475e92cfef19f7dbada8ec2cce4ad7bbc0d9","0xdda67cd346bb2886c6172cc17176ad5ff861de41","553633217993079584775086"
"0x9212af1ae14680a7597892756703a947016528ae74a7977965cdd14a36197f20-59","28400796","1753803442","0x9212af1ae14680a7597892756703a947016528ae74a7977965cdd14a36197f20","0xddd77e91c222e36d4bd5ca8e78682a2172314197","0x0fba475e92cfef19f7dbada8ec2cce4ad7bbc0d9","0x31729961037bbdf09ee05b7d45a5b20ad25eda1d","553633217993079584775086"
"0x922f3ebc77c60c4ed5b2f85ef00f7d62be96c28654c396dcd02e1f1ca669d3fc-768","28331492","1753761667","0x922f3ebc77c60c4ed5b2f85ef00f7d62be96c28654c396dcd02e1f1ca669d3fc","0xddd77e91c222e36d4bd5ca8e78682a2172314197","0x0fba475e92cfef19f7dbada8ec2cce4ad7bbc0d9","0xc372b1c7b9748c3ba3f8e965b12cf913d04256ab","553633217993079584775086"
"0x923d41d936ae0794ca9ec414dbd6249285b78415553e34ec82d7d288b4b600e4-179","28342785","1753768412","0x923d41d936ae0794ca9ec414dbd6249285b78415553e34ec82d7d288b4b600e4","0xddd77e91c222e36d4bd5ca8e78682a2172314197","0x0fba475e92cfef19f7dbada8ec2cce4ad7bbc0d9","0xc6a61d9856ce1bea14861860714a77342fef7952","553633217993079584775086"
"0x924c61b5d1e8b321fdffa04bf0ba750fc55b21b3ec77e4ab75eed3a1b7e14895-656","28386302","1753794654","0x924c61b5d1e8b321fdffa04bf0ba750fc55b21b3ec77e4ab75eed3a1b7e14895","0xddd77e91c222e36d4bd5ca8e78682a2172314197","0x0fba475e92cfef19f7dbada8ec2cce4ad7bbc0d9","0x20ce27b140a0eeeccef880e01d2082558400fdd6","553633217993079584775086"
"0x926de4468ed9f01f1e693d0d80150ba237d010ffc71165e9b04b77a24e52fe28-3","28351968","1753773958","0x926de4468ed9f01f1e693d0d80150ba237d010ffc71165e9b04b77a24e52fe28","0xddd77e91c222e36d4bd5ca8e78682a2172314197","0x0fba475e92cfef19f7dbada8ec2cce4ad7bbc0d9","0x270bec021dcc5b9cd83a514bcd9174597da6af13","553633217993079584775086"
"0x92722105c7002132b1499de0b98a5b7dba950ce14e56572a5c523887e7cc464b-27","28359814","1753778684","0x92722105c7002132b1499de0b98a5b7dba950ce14e56572a5c523887e7cc464b","0xddd77e91c222e36d4bd5ca8e78682a2172314197","0x0fba475e92cfef19f7dbada8ec2cce4ad7bbc0d9","0x96463e29607f0f400dec7905b375f07ac7e24cb7","553633217993079584775086"
"0x9287510bad46995626614ce9fb99d830b97c361b24fc6f62cf05415eeb6ba258-274","28353938","1753775133","0x9287510bad46995626614ce9fb99d830b97c361b24fc6f62cf05415eeb6ba258","0xddd77e91c222e36d4bd5ca8e78682a2172314197","0x0fba475e92cfef19f7dbada8ec2cce4ad7bbc0d9","0xa681b07ebf89be984f315023acdefb8e34628cb9","553633217993079584775086"
"0x9298c7cb21221b25199bdda77917451770e87021c47852b7f0d298bd22ebfcc5-9","28390096","1753796909","0x9298c7cb21221b25199bdda77917451770e87021c47852b7f0d298bd22ebfcc5","0xddd77e91c222e36d4bd5ca8e78682a2172314197","0x0fba475e92cfef19f7dbada8ec2cce4ad7bbc0d9","0x82077e07a320459c5de55aa92de0e6eb81731d34","553633217993079584775086"
"0x929e6a25e91486a3bb5adda3db1b0bd199ffc317381d86bc2c1784f444c01539-90","28340458","1753767036","0x929e6a25e91486a3bb5adda3db1b0bd199ffc317381d86bc2c1784f444c01539","0xddd77e91c222e36d4bd5ca8e78682a2172314197","0x0fba475e92cfef19f7dbada8ec2cce4ad7bbc0d9","0x7bc27a0da1fc6b1e52356e33413911c0e5f214b4","553633217993079584775086"
"0x92a12e7fde70ac5a7db699d44c5f37044a15ee95bf50930438adf82236d87a71-41","28399839","1753802845","0x92a12e7fde70ac5a7db699d44c5f37044a15ee95bf50930438adf82236d87a71","0xddd77e91c222e36d4bd5ca8e78682a2172314197","0x0fba475e92cfef19f7dbada8ec2cce4ad7bbc0d9","0xee8c09bc7f3988b302fb5c944d1717ea48e48e99","553633217993079584775086"
"0x92c6603afa94a48d4ed18f791821c140acdc87106fa3d80599d54f8b9687639d-126","28398720","1753802139","0x92c6603afa94a48d4ed18f791821c140acdc87106fa3d80599d54f8b9687639d","0xddd77e91c222e36d4bd5ca8e78682a2172314197","0x0fba475e92cfef19f7dbada8ec2cce4ad7bbc0d9","0x1d0652d06083cfb503aa97cdec3879ccd392ba6e","553633217993079584775086"
"0x92cfe9fafd6daf2a3b938914f1bd55b1b113ac7b922cce03b4471accdc659b55-111","28343434","1753768829","0x92cfe9fafd6daf2a3b938914f1bd55b1b113ac7b922cce03b4471accdc659b55","0xddd77e91c222e36d4bd5ca8e78682a2172314197","0x0fba475e92cfef19f7dbada8ec2cce4ad7bbc0d9","0x5bc074a38561407a4adfc8722a6569e9a7f2665b","553633217993079584775086"
"0x92d240739d2ffef9c488df623e750fdd4b331fa0a7c55328063c9840e86dd688-38","28378582","1753790029","0x92d240739d2ffef9c488df623e750fdd4b331fa0a7c55328063c9840e86dd688","0xddd77e91c222e36d4bd5ca8e78682a2172314197","0x0fba475e92cfef19f7dbada8ec2cce4ad7bbc0d9","0x8ed388e3222370013c5e4fb13a6f55d9e6a91e4a","553633217993079584775086"
"0x92d9ef77fc13eee6ac88c2a3da965bf8e56d40408f91fd2d0a991affd70dda94-110","28349799","1753772668","0x92d9ef77fc13eee6ac88c2a3da965bf8e56d40408f91fd2d0a991affd70dda94","0xddd77e91c222e36d4bd5ca8e78682a2172314197","0x0fba475e92cfef19f7dbada8ec2cce4ad7bbc0d9","0xa27c532b28bcd3af67161b148c4d2b20d712f0ce","553633217993079584775086"
"0x92da0a00d25f6043ea9044237bdd93fa150c485ebb624f6e9d1bbdd52f11b2bc-4","28352636","1753774366","0x92da0a00d25f6043ea9044237bdd93fa150c485ebb624f6e9d1bbdd52f11b2bc","0xddd77e91c222e36d4bd5ca8e78682a2172314197","0x0fba475e92cfef19f7dbada8ec2cce4ad7bbc0d9","0x58b8501d951d11bd7875ec830a9935384b215acd","553633217993079584775086"
"0x92e723e8790a5dc5a93e0f4f11dbd18bcc20a1b7a63cad4bf49b18dc4cea15d6-116","28354283","1753775341","0x92e723e8790a5dc5a93e0f4f11dbd18bcc20a1b7a63cad4bf49b18dc4cea15d6","0xddd77e91c222e36d4bd5ca8e78682a2172314197","0x0fba475e92cfef19f7dbada8ec2cce4ad7bbc0d9","0x22f98b8fd893619d090958918bb2d4d387d9b2e9","553633217993079584775086"
"0x9310d529ae7d01c6a7358318a41d7453d6824fce7a35afeb47541871d55fd911-18","28399836","1753802844","0x9310d529ae7d01c6a7358318a41d7453d6824fce7a35afeb47541871d55fd911","0xddd77e91c222e36d4bd5ca8e78682a2172314197","0x0fba475e92cfef19f7dbada8ec2cce4ad7bbc0d9","0x88f821f28c2d418947591d6166f7d73f5f780fe0","553633217993079584775086"
"0x931ef533cb7f813dea7bc58937cb18aa89d724a384269ec0821e4a779b9d8f57-7","28345100","1753769842","0x931ef533cb7f813dea7bc58937cb18aa89d724a384269ec0821e4a779b9d8f57","0xddd77e91c222e36d4bd5ca8e78682a2172314197","0x0fba475e92cfef19f7dbada8ec2cce4ad7bbc0d9","0x950dc1036663dc53690eafa21cd5be0e28dd8539","553633217993079584775086"
"0x9336b5049397c7d16d117aefd5b5f05ed25b8f8b689a00d2feb7be32dd1c33a7-99","28338163","1753765654","0x9336b5049397c7d16d117aefd5b5f05ed25b8f8b689a00d2feb7be32dd1c33a7","0xddd77e91c222e36d4bd5ca8e78682a2172314197","0x0fba475e92cfef19f7dbada8ec2cce4ad7bbc0d9","0xef70a91f6ce2b99b2bb523d0490fa9a3287df628","553633217993079584775086"
"0x934903814a9b480ffd6c10a0846309336056386193b8fa564e3b0d880b08d0c7-28","28349976","1753772773","0x934903814a9b480ffd6c10a0846309336056386193b8fa564e3b0d880b08d0c7","0xddd77e91c222e36d4bd5ca8e78682a2172314197","0x0fba475e92cfef19f7dbada8ec2cce4ad7bbc0d9","0xd88827e4e69f46884fb6f84dd3df1eac54b6213c","553633217993079584775086"
"0x935266a2b8c12789ab6c9291197bbf27af814b23c45583dd9c9cf108660fc661-151","28337344","1753765172","0x935266a2b8c12789ab6c9291197bbf27af814b23c45583dd9c9cf108660fc661","0xddd77e91c222e36d4bd5ca8e78682a2172314197","0x0fba475e92cfef19f7dbada8ec2cce4ad7bbc0d9","0xa4a059ea196dc232ef71d405da6d5619f27f42ba","553633217993079584775086"
"0x936dd6c3b5dc65e85687a1f4dd1eedf2a3e37f3546f6afc1fb2b7c7c00149447-74","28358296","1753777766","0x936dd6c3b5dc65e85687a1f4dd1eedf2a3e37f3546f6afc1fb2b7c7c00149447","0xddd77e91c222e36d4bd5ca8e78682a2172314197","0x0fba475e92cfef19f7dbada8ec2cce4ad7bbc0d9","0x5f0c4b8f9e0e8c6af139494d60ac879e680a5f6d","553633217993079584775086"
"0x936dd829261b2b5a8a63e16e97f8da7343d752fe6a04cbc66527acca81a0864d-614","28373902","1753787179","0x936dd829261b2b5a8a63e16e97f8da7343d752fe6a04cbc66527acca81a0864d","0xddd77e91c222e36d4bd5ca8e78682a2172314197","0x0fba475e92cfef19f7dbada8ec2cce4ad7bbc0d9","0x8cdca2b2bf09e0bad5b3ee772853fc05f64acb9c","553633217993079584775086"
"0x93748d1951d5aa1baa8535092ecc8d2c66db4ea362f8b8aed2cef0c813ba1c6e-152","28393397","1753798929","0x93748d1951d5aa1baa8535092ecc8d2c66db4ea362f8b8aed2cef0c813ba1c6e","0xddd77e91c222e36d4bd5ca8e78682a2172314197","0x0fba475e92cfef19f7dbada8ec2cce4ad7bbc0d9","0x9e091eb370521576be24175a02d3dbc63e96dac1","553633217993079584775086"
"0x93a431a547807415d04e5564aee657268b8deec709f85b0351d2941855bc789c-28","28351359","1753773601","0x93a431a547807415d04e5564aee657268b8deec709f85b0351d2941855bc789c","0xddd77e91c222e36d4bd5ca8e78682a2172314197","0x0fba475e92cfef19f7dbada8ec2cce4ad7bbc0d9","0x33b3ad7b3d1047de69dd8fd61499e7f65c6a122a","553633217993079584775086"
"0x93bd9e262f667557011f0d8ff2ca534df0d9f00fe4dc698afce06efa27cf6760-727","28353205","1753774712","0x93bd9e262f667557011f0d8ff2ca534df0d9f00fe4dc698afce06efa27cf6760","0xddd77e91c222e36d4bd5ca8e78682a2172314197","0x0fba475e92cfef19f7dbada8ec2cce4ad7bbc0d9","0x46679c84298f56019c2660d1bda68aa8d998d873","553633217993079584775086"
"0x93c33e77b926030422cbc32bfa4aecb94d8fc43ef4a95127fd3217b6d002e176-549","28359439","1753778472","0x93c33e77b926030422cbc32bfa4aecb94d8fc43ef4a95127fd3217b6d002e176","0xddd77e91c222e36d4bd5ca8e78682a2172314197","0x0fba475e92cfef19f7dbada8ec2cce4ad7bbc0d9","0x798e386b0133d2d90b7c4041f52fc73239650e45","553633217993079584775086"
"0x93dbe692f835162c3a0cd338e89242dad3a9b5a617fffb8e011980d4bd7fd3ad-42","28374833","1753787767","0x93dbe692f835162c3a0cd338e89242dad3a9b5a617fffb8e011980d4bd7fd3ad","0xddd77e91c222e36d4bd5ca8e78682a2172314197","0x0fba475e92cfef19f7dbada8ec2cce4ad7bbc0d9","0x65aa65592c60d0f96101e1626ea915d05c2ee59e","553633217993079584775086"
"0x9405418e72268d97a3e55fc21df1c5d137649e4d24aa34a08795ff3c53b272d9-567","28374483","1753787547","0x9405418e72268d97a3e55fc21df1c5d137649e4d24aa34a08795ff3c53b272d9","0xddd77e91c222e36d4bd5ca8e78682a2172314197","0x0fba475e92cfef19f7dbada8ec2cce4ad7bbc0d9","0xd8f920320ade344c1bf5aaff023902bac506ce13","553633217993079584775086"
"0x941b1d6bb42bdb9bff8d858bbaf7878165a1cddc5925ddc13b2575fd8dafa2b1-3","28344284","1753769359","0x941b1d6bb42bdb9bff8d858bbaf7878165a1cddc5925ddc13b2575fd8dafa2b1","0xddd77e91c222e36d4bd5ca8e78682a2172314197","0x0fba475e92cfef19f7dbada8ec2cce4ad7bbc0d9","0x05f5f316f9d7252a1f435d8e2d6f4bb6302628d8","553633217993079584775086"
"0x947bef36fc2d084dabf8c2b9cd03b1b366b263699fe65bd621c57028cec56e4c-570","28378057","1753789705","0x947bef36fc2d084dabf8c2b9cd03b1b366b263699fe65bd621c57028cec56e4c","0xddd77e91c222e36d4bd5ca8e78682a2172314197","0x0fba475e92cfef19f7dbada8ec2cce4ad7bbc0d9","0xdd90e3f90c6cc916c3bb0a681853f7ae01e1d376","553633217993079584775086"
"0x94ac927e6cd3049e36a29b6a650561e6e9b1dbe4b3691719eca3477136c25ea8-134","28369451","1753784509","0x94ac927e6cd3049e36a29b6a650561e6e9b1dbe4b3691719eca3477136c25ea8","0xddd77e91c222e36d4bd5ca8e78682a2172314197","0x0fba475e92cfef19f7dbada8ec2cce4ad7bbc0d9","0xb6370704c07cf681927a6748120038328b9f8e52","553633217993079584775086"
"0x94ece8e768a7f1a4c7af3859b29d4882cf842d013a58b58dca44685de4def376-169","28349171","1753772285","0x94ece8e768a7f1a4c7af3859b29d4882cf842d013a58b58dca44685de4def376","0xddd77e91c222e36d4bd5ca8e78682a2172314197","0x0fba475e92cfef19f7dbada8ec2cce4ad7bbc0d9","0x481b199ffb831790e12cef95b7a8a446b2117014","553633217993079584775086"
"0x950ee96681362b76ccb246358445ec3e6cf1699c133f56f2ca777deb6766f57c-52","28377214","1753789205","0x950ee96681362b76ccb246358445ec3e6cf1699c133f56f2ca777deb6766f57c","0xddd77e91c222e36d4bd5ca8e78682a2172314197","0x0fba475e92cfef19f7dbada8ec2cce4ad7bbc0d9","0xe56155a1a8675d152ff027541b0bb7899d74221c","553633217993079584775086"
"0x9534da6cc641c86dcbf75c087e88e21f6a6fd729eb0b579cddaa3da6c9a1924a-86","28396914","1753801056","0x9534da6cc641c86dcbf75c087e88e21f6a6fd729eb0b579cddaa3da6c9a1924a","0xddd77e91c222e36d4bd5ca8e78682a2172314197","0x0fba475e92cfef19f7dbada8ec2cce4ad7bbc0d9","0x4d05625652579f55ec5a9595a1a9fca72ea3ee29","553633217993079584775086"
"0x9559934880a5bd2e2826cb8f2b57ec1a4e6b923e96f5dcd9584e1b03d99636c6-3","28386096","1753794533","0x9559934880a5bd2e2826cb8f2b57ec1a4e6b923e96f5dcd9584e1b03d99636c6","0xddd77e91c222e36d4bd5ca8e78682a2172314197","0x0fba475e92cfef19f7dbada8ec2cce4ad7bbc0d9","0x76c96af307b1121d9255fb52f925778393fc7340","553633217993079584775086"
"0x956a6bbfe06041bdcc36457e5ada56b1693387da4c52b2b6f57505561c4cf2a8-104","28361187","1753779530","0x956a6bbfe06041bdcc36457e5ada56b1693387da4c52b2b6f57505561c4cf2a8","0xddd77e91c222e36d4bd5ca8e78682a2172314197","0x0fba475e92cfef19f7dbada8ec2cce4ad7bbc0d9","0x9e08c986f6a76ca60235c979084c00ee086788d4","553633217993079584775086"
"0x9582e40fbba59c8f749143bc148218f9b4494d538946e093b89c3b59d8f10c8e-38","28137688","1753645365","0x9582e40fbba59c8f749143bc148218f9b4494d538946e093b89c3b59d8f10c8e","0xddd77e91c222e36d4bd5ca8e78682a2172314197","0x0fba475e92cfef19f7dbada8ec2cce4ad7bbc0d9","0x93d7ff5fe027423f501979c3a6b4d9f5dc0800fe","553633217993079584775086"
"0x958744845d6e9739f1f31e54fe8c541375f79be22b594c53f6d5d56861c97f19-3","28391908","1753798047","0x958744845d6e9739f1f31e54fe8c541375f79be22b594c53f6d5d56861c97f19","0xddd77e91c222e36d4bd5ca8e78682a2172314197","0x0fba475e92cfef19f7dbada8ec2cce4ad7bbc0d9","0xe9f0a340fb6837f877da670659ff15eb042e0752","553633217993079584775086"
"0x959187339e6ca788325770e87b22a8fecacc82ba790b1c1eb9eecef42f74a148-175","28365147","1753781891","0x959187339e6ca788325770e87b22a8fecacc82ba790b1c1eb9eecef42f74a148","0xddd77e91c222e36d4bd5ca8e78682a2172314197","0x0fba475e92cfef19f7dbada8ec2cce4ad7bbc0d9","0x5f4e17566cb981760b8a52fc06c797a9a9efbc87","553633217993079584775086"
"0x95cb2b53aeccf28e859efa3c3213b9915292e85de30ccd61ef0597a3b433c66a-119","28346187","1753770492","0x95cb2b53aeccf28e859efa3c3213b9915292e85de30ccd61ef0597a3b433c66a","0xddd77e91c222e36d4bd5ca8e78682a2172314197","0x0fba475e92cfef19f7dbada8ec2cce4ad7bbc0d9","0x72458dec82b4084fd8fd4a1c55f7ba355a04a3e2","553633217993079584775086"
"0x95ea5bc07f5baa0ff1ecdfa0b9705f69edea6c35b4010cf7a729c3afe06b9f5c-8","28388088","1753795677","0x95ea5bc07f5baa0ff1ecdfa0b9705f69edea6c35b4010cf7a729c3afe06b9f5c","0xddd77e91c222e36d4bd5ca8e78682a2172314197","0x0fba475e92cfef19f7dbada8ec2cce4ad7bbc0d9","0xdab3c3a3f1659fedb5db89c855504f5439e978ea","553633217993079584775086"
"0x95eaf88c536c98ad99017b21d4fd2512d3ac72c62eb43402d262285cdfd12dc2-120","28359562","1753778547","0x95eaf88c536c98ad99017b21d4fd2512d3ac72c62eb43402d262285cdfd12dc2","0xddd77e91c222e36d4bd5ca8e78682a2172314197","0x0fba475e92cfef19f7dbada8ec2cce4ad7bbc0d9","0xe3789d8044f9ccad7b70f9470d0d8116b9b39fba","553633217993079584775086"
"0x95edd37a13086db04ba6ab3febd093c0e82dbd6acc6bcc2a06757e8dcde434fa-3","28129543","1753640467","0x95edd37a13086db04ba6ab3febd093c0e82dbd6acc6bcc2a06757e8dcde434fa","0xddd77e91c222e36d4bd5ca8e78682a2172314197","0x0fba475e92cfef19f7dbada8ec2cce4ad7bbc0d9","0xa7af844b74168572c49bc22fd4776426248c31c2","553633217993079584775086"
"0x96043c6a0a5010d1722cce377ae48fe68f4976687d9fc4d1290a8275ba8e8f38-35","28346577","1753770738","0x96043c6a0a5010d1722cce377ae48fe68f4976687d9fc4d1290a8275ba8e8f38","0xddd77e91c222e36d4bd5ca8e78682a2172314197","0x0fba475e92cfef19f7dbada8ec2cce4ad7bbc0d9","0x00769350fa9caa48911bcfc102c7cb9032a16384","553633217993079584775086"
"0x9615aede41d26ad4fea3780cfa9ded4100cb1f328385c958d1ec74a517b522b3-93","28338191","1753765668","0x9615aede41d26ad4fea3780cfa9ded4100cb1f328385c958d1ec74a517b522b3","0xddd77e91c222e36d4bd5ca8e78682a2172314197","0x0fba475e92cfef19f7dbada8ec2cce4ad7bbc0d9","0x05b4c5ce6a35eb74d4598e7897730f3672c792d6","553633217993079584775086"
"0x962d113492b8dd485a0056dcf6865213924c4fcf31f4640c6f36cc5bc3ed1ba5-83","28342717","1753768376","0x962d113492b8dd485a0056dcf6865213924c4fcf31f4640c6f36cc5bc3ed1ba5","0xddd77e91c222e36d4bd5ca8e78682a2172314197","0x0fba475e92cfef19f7dbada8ec2cce4ad7bbc0d9","0x337ed1521f65fab470024d6dd545e4a57b74703c","553633217993079584775086"
"0x9635c0f2c1ebdc7bab378a752dd7bc5b66fff09308aed0b9d1e011bf13864a1a-85","28378555","1753790006","0x9635c0f2c1ebdc7bab378a752dd7bc5b66fff09308aed0b9d1e011bf13864a1a","0xddd77e91c222e36d4bd5ca8e78682a2172314197","0x0fba475e92cfef19f7dbada8ec2cce4ad7bbc0d9","0x6dbca5a833c0b594f0fb5330da6adc74253ac02b","553633217993079584775086"
"0x965c1cfabe7ce91886318d9168665e0c3d6b4f25f5ab6a272ddee94d67c818ad-112","28396918","1753801058","0x965c1cfabe7ce91886318d9168665e0c3d6b4f25f5ab6a272ddee94d67c818ad","0xddd77e91c222e36d4bd5ca8e78682a2172314197","0x0fba475e92cfef19f7dbada8ec2cce4ad7bbc0d9","0xcdeb70ef7cf706cc55bc0ab049d1a26221ca5ae5","553633217993079584775086"
"0x96692517795e05c35d32e33fb4816b4556d850138164f16584731bce5846742e-117","28334752","1753763625","0x96692517795e05c35d32e33fb4816b4556d850138164f16584731bce5846742e","0xddd77e91c222e36d4bd5ca8e78682a2172314197","0x0fba475e92cfef19f7dbada8ec2cce4ad7bbc0d9","0x82d8d870d9408ddf4b207c1226fe0896c9684320","553633217993079584775086"
"0x966a355ea065bcbf66e9f374d43e680b1418202aaaf0e449a66598d265c4c85a-13","28368625","1753784026","0x966a355ea065bcbf66e9f374d43e680b1418202aaaf0e449a66598d265c4c85a","0xddd77e91c222e36d4bd5ca8e78682a2172314197","0x0fba475e92cfef19f7dbada8ec2cce4ad7bbc0d9","0xc1b9c4fb80fe5af491dd44643377024126791d88","553633217993079584775086"
"0x9677bbc2950ee0acb85630c95ac94f084770d6051c07b5abac34f528d0f97cfc-68","28339632","1753766566","0x9677bbc2950ee0acb85630c95ac94f084770d6051c07b5abac34f528d0f97cfc","0xddd77e91c222e36d4bd5ca8e78682a2172314197","0x0fba475e92cfef19f7dbada8ec2cce4ad7bbc0d9","0x7ced7b20111476947ec5c4b89bdcbeafe864bc98","553633217993079584775086"
"0x96980aa66aaf58aa0fffcc49d12c679b86668518146082e43076abe14f5e12f2-103","28379538","1753790595","0x96980aa66aaf58aa0fffcc49d12c679b86668518146082e43076abe14f5e12f2","0xddd77e91c222e36d4bd5ca8e78682a2172314197","0x0fba475e92cfef19f7dbada8ec2cce4ad7bbc0d9","0xcf651da562fac889cb290bb8b156cc3212a5e101","553633217993079584775086"
"0x96af02ffd99a4e545b15f0980f2e2ce634d0635f9fcb95a0aa529cc859b7f34f-14","28347998","1753771601","0x96af02ffd99a4e545b15f0980f2e2ce634d0635f9fcb95a0aa529cc859b7f34f","0xddd77e91c222e36d4bd5ca8e78682a2172314197","0x0fba475e92cfef19f7dbada8ec2cce4ad7bbc0d9","0xc286d58c452772a549ba5523e8e57724a5995182","553633217993079584775086"
"0x96b70d94dd1fa6bfcba4b1cb0942a647ecc80d2b06641bf58d059279b5e1cd3e-974","28362698","1753780434","0x96b70d94dd1fa6bfcba4b1cb0942a647ecc80d2b06641bf58d059279b5e1cd3e","0xddd77e91c222e36d4bd5ca8e78682a2172314197","0x0fba475e92cfef19f7dbada8ec2cce4ad7bbc0d9","0x1c27900fce5b1fbe7ef9a413d5b554aea9d37ab4","553633217993079584775086"
"0x96ffa34a11278a3b3e9d367c194008855b1c4da72de5cedda5c85926305cd429-15","28334840","1753763673","0x96ffa34a11278a3b3e9d367c194008855b1c4da72de5cedda5c85926305cd429","0xddd77e91c222e36d4bd5ca8e78682a2172314197","0x0fba475e92cfef19f7dbada8ec2cce4ad7bbc0d9","0x8cdb8b7610fa03191005cc183db76692701c8405","553633217993079584775086"
"0x970586d94c340f95391a4da1aba86bf621f266a985fda51bc4805829d0273864-27","28382505","1753792420","0x970586d94c340f95391a4da1aba86bf621f266a985fda51bc4805829d0273864","0xddd77e91c222e36d4bd5ca8e78682a2172314197","0x0fba475e92cfef19f7dbada8ec2cce4ad7bbc0d9","0x9e5fec0b05e08ae72a550d5528f7a169b90764e3","553633217993079584775086"
"0x971b54b05e68c76c40b592ec8dab1427dc01cd29b7c00b98165ce0a6bd17e66b-83","28361727","1753779838","0x971b54b05e68c76c40b592ec8dab1427dc01cd29b7c00b98165ce0a6bd17e66b","0xddd77e91c222e36d4bd5ca8e78682a2172314197","0x0fba475e92cfef19f7dbada8ec2cce4ad7bbc0d9","0x0803aacfb7a90a82b3c59917c2f530e54c65c1de","553633217993079584775086"
"0x971e4580706ceec792a1eb0b3a38665e3b3ee618f38cb3c78b4d4c5b93897a03-96","28340586","1753767107","0x971e4580706ceec792a1eb0b3a38665e3b3ee618f38cb3c78b4d4c5b93897a03","0xddd77e91c222e36d4bd5ca8e78682a2172314197","0x0fba475e92cfef19f7dbada8ec2cce4ad7bbc0d9","0x50e886fdc516021f6543593bb2e5fd91171a6cc7","553633217993079584775086"
"0x971e84511b55527242774c052d115ffb62dbdbda6720757f6304dad4f5de4df2-108","28392252","1753798248","0x971e84511b55527242774c052d115ffb62dbdbda6720757f6304dad4f5de4df2","0xddd77e91c222e36d4bd5ca8e78682a2172314197","0x0fba475e92cfef19f7dbada8ec2cce4ad7bbc0d9","0xc9821fbf1b760571fb253495b406f44c2cfea84a","553633217993079584775086"
"0x974a0fcd748a6c0e6fb60bd132a1ebd37497eeafda98862607d486e710f57c9a-731","28358473","1753777873","0x974a0fcd748a6c0e6fb60bd132a1ebd37497eeafda98862607d486e710f57c9a","0xddd77e91c222e36d4bd5ca8e78682a2172314197","0x0fba475e92cfef19f7dbada8ec2cce4ad7bbc0d9","0x508fb79f3e098b011c0819bea4d6382c38d09908","553633217993079584775086"
"0x975653aa664284e9d0e8bf0d0919237e85a0640cc389d2b4f875d7abe43aeca3-21","28348938","1753772155","0x975653aa664284e9d0e8bf0d0919237e85a0640cc389d2b4f875d7abe43aeca3","0xddd77e91c222e36d4bd5ca8e78682a2172314197","0x0fba475e92cfef19f7dbada8ec2cce4ad7bbc0d9","0xf8ac57b64c809e93b1d4e5b9dd3c0156d2905b09","553633217993079584775086"
"0x9769f8141caaaf869237e2bae58f3b3a9787f886f9fb9a04e9a54e90a37c6704-51","28361371","1753779625","0x9769f8141caaaf869237e2bae58f3b3a9787f886f9fb9a04e9a54e90a37c6704","0xddd77e91c222e36d4bd5ca8e78682a2172314197","0x0fba475e92cfef19f7dbada8ec2cce4ad7bbc0d9","0x032d460262a1d42a1db5bdac1686f2edc0ffd1bb","553633217993079584775086"
"0x977f292b768cb70093cc61d01b2defb4d7106f763a491d143e5ba5a3a995ca0f-3","28129496","1753640441","0x977f292b768cb70093cc61d01b2defb4d7106f763a491d143e5ba5a3a995ca0f","0xddd77e91c222e36d4bd5ca8e78682a2172314197","0x0fba475e92cfef19f7dbada8ec2cce4ad7bbc0d9","0x287abd1674f25c524503cda2f1fd42ebecc401ea","553633217993079584775086"
"0x978bfe05f18ff2a2c0be0da37c7b57ce28be010fb29f58447591ac3c15f9a0ca-7","28363498","1753780908","0x978bfe05f18ff2a2c0be0da37c7b57ce28be010fb29f58447591ac3c15f9a0ca","0xddd77e91c222e36d4bd5ca8e78682a2172314197","0x0fba475e92cfef19f7dbada8ec2cce4ad7bbc0d9","0x7aef674f0a5a76c34f84285c807f5fb5d104e25b","553633217993079584775086"
"0x97e83b4add1c9e9aca2047dafe7a1a03e73248c4daff3c2774cca7fd43ef3519-33","28369700","1753784657","0x97e83b4add1c9e9aca2047dafe7a1a03e73248c4daff3c2774cca7fd43ef3519","0xddd77e91c222e36d4bd5ca8e78682a2172314197","0x0fba475e92cfef19f7dbada8ec2cce4ad7bbc0d9","0x89c86c074ab89d89b8740cb83c237358ea34c494","553633217993079584775086"
"0x97f703d38f534ad2de17da1d1d4e298676747e867d9127dea66b28ae55a4a893-120","28345963","1753770362","0x97f703d38f534ad2de17da1d1d4e298676747e867d9127dea66b28ae55a4a893","0xddd77e91c222e36d4bd5ca8e78682a2172314197","0x0fba475e92cfef19f7dbada8ec2cce4ad7bbc0d9","0x9beb1c42d03494bb0c08417e28d402b92fbc8626","553633217993079584775086"
"0x97f8efeafd2f1f82eeaa2303dd6ff08359a68adfebcd6465632ea5ea9ad223ee-133","28365766","1753782278","0x97f8efeafd2f1f82eeaa2303dd6ff08359a68adfebcd6465632ea5ea9ad223ee","0xddd77e91c222e36d4bd5ca8e78682a2172314197","0x0fba475e92cfef19f7dbada8ec2cce4ad7bbc0d9","0xeefcd52a64f7d9e14d3c9e1f1da41043fd36df30","553633217993079584775086"
"0x98072265989632639882fb4752c0a807156eb61b49cb5976129228f60d9e666d-14","28130387","1753640966","0x98072265989632639882fb4752c0a807156eb61b49cb5976129228f60d9e666d","0xddd77e91c222e36d4bd5ca8e78682a2172314197","0x0fba475e92cfef19f7dbada8ec2cce4ad7bbc0d9","0x3ce6fff21881c130f2ea2ba860f2ee53fc9b2e43","553633217993079584775086"
"0x9812452e9dfbc808306776b3f85d7f01a6e14093820900f885da1a5f0973333d-93","28374287","1753787415","0x9812452e9dfbc808306776b3f85d7f01a6e14093820900f885da1a5f0973333d","0xddd77e91c222e36d4bd5ca8e78682a2172314197","0x0fba475e92cfef19f7dbada8ec2cce4ad7bbc0d9","0x768c26e52234a0efdf77a033549fc074a6ff1663","553633217993079584775086"
"0x9816edca159a8cd9d1eb071ddae70ef9d2a5e96729b1494c9bee4724af7649c6-119","28361058","1753779452","0x9816edca159a8cd9d1eb071ddae70ef9d2a5e96729b1494c9bee4724af7649c6","0xddd77e91c222e36d4bd5ca8e78682a2172314197","0x0fba475e92cfef19f7dbada8ec2cce4ad7bbc0d9","0x926852ab030ded6238ec71db26c12e169f876b46","553633217993079584775086"
"0x985504978f871d0a19c66fc7baf617baea1b7613e752f38e1d4090ea2f185bf0-76","28378491","1753789967","0x985504978f871d0a19c66fc7baf617baea1b7613e752f38e1d4090ea2f185bf0","0xddd77e91c222e36d4bd5ca8e78682a2172314197","0x0fba475e92cfef19f7dbada8ec2cce4ad7bbc0d9","0x5942b857723557b1202fc285b115cf3ff82eb29b","553633217993079584775086"
"0x985564b257e5760b8a8566a5bf1cbe96d1136a5964170340f05659d183f62da6-146","28323495","1753756776","0x985564b257e5760b8a8566a5bf1cbe96d1136a5964170340f05659d183f62da6","0xddd77e91c222e36d4bd5ca8e78682a2172314197","0x0fba475e92cfef19f7dbada8ec2cce4ad7bbc0d9","0xbf1ba95ef0293030dabce4e196b6e80b4f832102","553633217993079584775086"
"0x9865489090660f4d96ed68a9e0c5ef0d75100f11bd5f3fc354af246a990e6d19-65","28343345","1753768775","0x9865489090660f4d96ed68a9e0c5ef0d75100f11bd5f3fc354af246a990e6d19","0xddd77e91c222e36d4bd5ca8e78682a2172314197","0x0fba475e92cfef19f7dbada8ec2cce4ad7bbc0d9","0xe7c1df1c870d77808e09bfce3985a8607f37d6e4","553633217993079584775086"
"0x9872b7e5d96b9cbcfb283fab8f33002ff0d2b606627944e6334e754586114c9c-142","28362200","1753780133","0x9872b7e5d96b9cbcfb283fab8f33002ff0d2b606627944e6334e754586114c9c","0xddd77e91c222e36d4bd5ca8e78682a2172314197","0x0fba475e92cfef19f7dbada8ec2cce4ad7bbc0d9","0x84483fd26d4348d6fcb683fbc6ce75739d0e2322","553633217993079584775086"
"0x98826e39eec03ab3749e7f8cb3c80383a3b002bdc8f94a6c4030c44eefc1fd87-155","28387183","1753795162","0x98826e39eec03ab3749e7f8cb3c80383a3b002bdc8f94a6c4030c44eefc1fd87","0xddd77e91c222e36d4bd5ca8e78682a2172314197","0x0fba475e92cfef19f7dbada8ec2cce4ad7bbc0d9","0x07466007020f441c9fc23986222cb1ca3b4482e3","553633217993079584775086"
"0x989397b43cee7b16b5c372e257ee55c8faa02199129985a4d85b94bb11781644-106","28330325","1753760944","0x989397b43cee7b16b5c372e257ee55c8faa02199129985a4d85b94bb11781644","0xddd77e91c222e36d4bd5ca8e78682a2172314197","0x0fba475e92cfef19f7dbada8ec2cce4ad7bbc0d9","0x792318ca10b33df111d12130699bca505c4d5d61","553633217993079584775086"
"0x98ae214d3140c8a5d78c609c5dabb835ee253062722d96099d4a6004df119285-3","28377313","1753789263","0x98ae214d3140c8a5d78c609c5dabb835ee253062722d96099d4a6004df119285","0xddd77e91c222e36d4bd5ca8e78682a2172314197","0x0fba475e92cfef19f7dbada8ec2cce4ad7bbc0d9","0xa32e1b46947a0d74e1b25caa721b87f81f1b8ad2","553633217993079584775086"
"0x990129ba407227c4baee1eedcd77f92e5766b483c6b29461b3479b8e55bac8b4-353","28358300","1753777770","0x990129ba407227c4baee1eedcd77f92e5766b483c6b29461b3479b8e55bac8b4","0xddd77e91c222e36d4bd5ca8e78682a2172314197","0x0fba475e92cfef19f7dbada8ec2cce4ad7bbc0d9","0xba4c94656794a5920f538f7384489c52ab6a7a8c","553633217993079584775086"
"0x993ca7741f7973cfabc2c28cc1697df9ba11d46f5fa7231ee7af2eeb3557631c-264","28374337","1753787449","0x993ca7741f7973cfabc2c28cc1697df9ba11d46f5fa7231ee7af2eeb3557631c","0xddd77e91c222e36d4bd5ca8e78682a2172314197","0x0fba475e92cfef19f7dbada8ec2cce4ad7bbc0d9","0xb4643aac09edde72515c6d478bcf90cbe07dd002","553633217993079584775086"
"0x993d90c6abb8bab57f3568c31e317d5e5a760d01765cb45c727da8b2bf6a9f5b-3","28375348","1753788079","0x993d90c6abb8bab57f3568c31e317d5e5a760d01765cb45c727da8b2bf6a9f5b","0xddd77e91c222e36d4bd5ca8e78682a2172314197","0x0fba475e92cfef19f7dbada8ec2cce4ad7bbc0d9","0x9f4dfa2e89f02bb28d5d00fcfb23592123b7c02b","553633217993079584775086"
"0x99446df510c428b9d77419f7d8250cd3b8509d805598d167d02cee4300607b8f-121","28363443","1753780870","0x99446df510c428b9d77419f7d8250cd3b8509d805598d167d02cee4300607b8f","0xddd77e91c222e36d4bd5ca8e78682a2172314197","0x0fba475e92cfef19f7dbada8ec2cce4ad7bbc0d9","0xcbe2120659d1c45053f1a085654ecf92fcdb6423","553633217993079584775086"
"0x99517aa2f0070421bf4d8f16f8ecabbf1e671d02b55f2234bd2f2d476e3cddfc-616","28338767","1753766017","0x99517aa2f0070421bf4d8f16f8ecabbf1e671d02b55f2234bd2f2d476e3cddfc","0xddd77e91c222e36d4bd5ca8e78682a2172314197","0x0fba475e92cfef19f7dbada8ec2cce4ad7bbc0d9","0x24ba0262d327085a1dc5c13ec0b9c9682f503108","553633217993079584775086"
"0x99669c87ab23925682c45a024d581c911f75cb8437e53ea46069dc845291319d-157","28362959","1753780585","0x99669c87ab23925682c45a024d581c911f75cb8437e53ea46069dc845291319d","0xddd77e91c222e36d4bd5ca8e78682a2172314197","0x0fba475e92cfef19f7dbada8ec2cce4ad7bbc0d9","0x7b5b4200b96dbf8e55b981c7ec5b6f213529d9ce","553633217993079584775086"
"0x996d3e76911d5c8c5707330de42da4127ae247b00a966af3fdd5ebd7fba5277b-3","28378506","1753789975","0x996d3e76911d5c8c5707330de42da4127ae247b00a966af3fdd5ebd7fba5277b","0xddd77e91c222e36d4bd5ca8e78682a2172314197","0x0fba475e92cfef19f7dbada8ec2cce4ad7bbc0d9","0xde835c0b956b8b3256695dd552443ac63d86f24f","553633217993079584775086"
"0x99788ba0560305890383427ae8d24aa88ff926ab6482e776ff1e8b63053a45f3-105","28372076","1753786067","0x99788ba0560305890383427ae8d24aa88ff926ab6482e776ff1e8b63053a45f3","0xddd77e91c222e36d4bd5ca8e78682a2172314197","0x0fba475e92cfef19f7dbada8ec2cce4ad7bbc0d9","0xc419ec29daca416514668de21e9c4e9434119de3","553633217993079584775086"
"0x997fdbb6f167689f2e009e9a858340031b6f5fe487961c673bab9967a7682a79-3","28387842","1753795528","0x997fdbb6f167689f2e009e9a858340031b6f5fe487961c673bab9967a7682a79","0xddd77e91c222e36d4bd5ca8e78682a2172314197","0x0fba475e92cfef19f7dbada8ec2cce4ad7bbc0d9","0xbcdbe9cd7c3413805690aedc36aa48541c22a32d","553633217993079584775086"
"0x9984a1b7c33fef44942c6052de99c0be055f27e785b19eeb2132ceb9b9372c08-189","28370597","1753785186","0x9984a1b7c33fef44942c6052de99c0be055f27e785b19eeb2132ceb9b9372c08","0xddd77e91c222e36d4bd5ca8e78682a2172314197","0x0fba475e92cfef19f7dbada8ec2cce4ad7bbc0d9","0x5892746e3197fa311510097993afbad5edd31cf6","553633217993079584775086"
"0x999b6e0b7e8a147c24fea126027faf874499179cae897bc88aeba74c1190f073-98","28352596","1753774337","0x999b6e0b7e8a147c24fea126027faf874499179cae897bc88aeba74c1190f073","0xddd77e91c222e36d4bd5ca8e78682a2172314197","0x0fba475e92cfef19f7dbada8ec2cce4ad7bbc0d9","0x247a3540b178bb0784cef88043b38e993a210dbe","553633217993079584775086"
"0x99a4192e0b51bec94b470017b509cebcd513e99a4da7b305f788c878183fac46-18","28331906","1753761899","0x99a4192e0b51bec94b470017b509cebcd513e99a4da7b305f788c878183fac46","0xddd77e91c222e36d4bd5ca8e78682a2172314197","0x0fba475e92cfef19f7dbada8ec2cce4ad7bbc0d9","0x679c1949b944a904764e086141101c92cca0c27f","553633217993079584775086"
"0x99b0dfe7d692afb8200a6bfc64871d5ebc952bcad46d523592360a5eced994a8-127","28338293","1753765726","0x99b0dfe7d692afb8200a6bfc64871d5ebc952bcad46d523592360a5eced994a8","0xddd77e91c222e36d4bd5ca8e78682a2172314197","0x0fba475e92cfef19f7dbada8ec2cce4ad7bbc0d9","0x04548f84f0b1912ec6bd958e1e9f0acbf8828f66","553633217993079584775086"
"0x99baf99feb69ff3ce97e1bc0db0936f83566018d6bf2615fd9fdf922a5106b12-599","28335958","1753764352","0x99baf99feb69ff3ce97e1bc0db0936f83566018d6bf2615fd9fdf922a5106b12","0xddd77e91c222e36d4bd5ca8e78682a2172314197","0x0fba475e92cfef19f7dbada8ec2cce4ad7bbc0d9","0x98a7c6fe8092709d51d48ba2e4bece609c8ebd1f","553633217993079584775086"
"0x99bb0045b8d380101f4c9a7897bdd66e979ac8e2685e51d445ed7f9f6bea7310-248","28358923","1753778158","0x99bb0045b8d380101f4c9a7897bdd66e979ac8e2685e51d445ed7f9f6bea7310","0xddd77e91c222e36d4bd5ca8e78682a2172314197","0x0fba475e92cfef19f7dbada8ec2cce4ad7bbc0d9","0x2a01c842b327563d60dbef1a4e27e6058a2b8a54","553633217993079584775086"
"0x99be427ddf00d59e20d3d9a5496c07341450dcf857abef5aa486e9e100219df8-10","28329950","1753760704","0x99be427ddf00d59e20d3d9a5496c07341450dcf857abef5aa486e9e100219df8","0xddd77e91c222e36d4bd5ca8e78682a2172314197","0x0fba475e92cfef19f7dbada8ec2cce4ad7bbc0d9","0xc7cdf1f83c01451530e8d6a26ffbdee09cbf66ec","553633217993079584775086"
"0x99c910a7c672bd622ad18c07da9b0e0fa6aa9756b5e0b3c2d830c37a7935d53f-492","28337870","1753765482","0x99c910a7c672bd622ad18c07da9b0e0fa6aa9756b5e0b3c2d830c37a7935d53f","0xddd77e91c222e36d4bd5ca8e78682a2172314197","0x0fba475e92cfef19f7dbada8ec2cce4ad7bbc0d9","0x541f470589ccb6163c5cb0245bb376129c43ff4f","553633217993079584775086"
"0x99e74719a0252dd91f6645275573df9e770681fa46868c4a1657df8c3d8648ef-29","28363912","1753781172","0x99e74719a0252dd91f6645275573df9e770681fa46868c4a1657df8c3d8648ef","0xddd77e91c222e36d4bd5ca8e78682a2172314197","0x0fba475e92cfef19f7dbada8ec2cce4ad7bbc0d9","0x92da5d057404a43f82fdee8a0a3e4b9f3ea94d13","553633217993079584775086"
"0x99ff51e373505e54ebeacdbd568aa4c4e732d934bd377fc1c0ca31076c168cf2-246","28358310","1753777780","0x99ff51e373505e54ebeacdbd568aa4c4e732d934bd377fc1c0ca31076c168cf2","0xddd77e91c222e36d4bd5ca8e78682a2172314197","0x0fba475e92cfef19f7dbada8ec2cce4ad7bbc0d9","0xbf154113594c6c1e96c1b010a323a15b162aa944","553633217993079584775086"
"0x9a5269df0b8969c81ca13acad03e7635dc9cc6fe50b67e4df4504868a55b99cf-75","28334316","1753763354","0x9a5269df0b8969c81ca13acad03e7635dc9cc6fe50b67e4df4504868a55b99cf","0xddd77e91c222e36d4bd5ca8e78682a2172314197","0x0fba475e92cfef19f7dbada8ec2cce4ad7bbc0d9","0x7511868f428f7b510f7e7427562ffdd1fac09960","553633217993079584775086"
"0x9a8a76d4f5e2a4ca097d2d00b4bdf690e8e83cb4c06f30c873e45e540a64532c-13","28332074","1753761990","0x9a8a76d4f5e2a4ca097d2d00b4bdf690e8e83cb4c06f30c873e45e540a64532c","0xddd77e91c222e36d4bd5ca8e78682a2172314197","0x0fba475e92cfef19f7dbada8ec2cce4ad7bbc0d9","0xa0f5ffc266b6e2066ded12473eaaae6ddd2278e7","553633217993079584775086"
"0x9ad5a4a918de951c807a9b77554fdb40c02a2271c86e051067dfd3c3c8f0692e-135","28349682","1753772593","0x9ad5a4a918de951c807a9b77554fdb40c02a2271c86e051067dfd3c3c8f0692e","0xddd77e91c222e36d4bd5ca8e78682a2172314197","0x0fba475e92cfef19f7dbada8ec2cce4ad7bbc0d9","0x16befd64b49d6e9da7dfd8493b92a3c5aab042bd","553633217993079584775086"
"0x9add2b4e85e174d33b18cc1cbf5162507d59a624c9aceb519ec46593c5079edc-133","28137576","1753645292","0x9add2b4e85e174d33b18cc1cbf5162507d59a624c9aceb519ec46593c5079edc","0xddd77e91c222e36d4bd5ca8e78682a2172314197","0x0fba475e92cfef19f7dbada8ec2cce4ad7bbc0d9","0x23c30a1d16b462044472643a9f232f33553cea01","553633217993079584775086"
"0x9af379484e25c8fb556ff6d3ed786eb00db6392b4c4b232f093273ee05e4ecb8-92","28331419","1753761623","0x9af379484e25c8fb556ff6d3ed786eb00db6392b4c4b232f093273ee05e4ecb8","0xddd77e91c222e36d4bd5ca8e78682a2172314197","0x0fba475e92cfef19f7dbada8ec2cce4ad7bbc0d9","0xb4f8cad3565c2ac64d02ad6d0aef27ad7c1a0774","553633217993079584775086"
"0x9af449a5386d6f745419ad4c722f3d4c81526339b3312c13bb27293162087e18-158","28353189","1753774699","0x9af449a5386d6f745419ad4c722f3d4c81526339b3312c13bb27293162087e18","0xddd77e91c222e36d4bd5ca8e78682a2172314197","0x0fba475e92cfef19f7dbada8ec2cce4ad7bbc0d9","0x57108777185ae9aaa7ebe480e33c4da43b9cb2a6","553633217993079584775086"
"0x9b12369ac96ef51f74c12552cd208ee6ac1fe41f4c2b62db558bf34cf2786beb-166","28361971","1753779986","0x9b12369ac96ef51f74c12552cd208ee6ac1fe41f4c2b62db558bf34cf2786beb","0xddd77e91c222e36d4bd5ca8e78682a2172314197","0x0fba475e92cfef19f7dbada8ec2cce4ad7bbc0d9","0x8ffbd6e8b48667c16706dafa5ed0bac9e1ed2d1c","553633217993079584775086"
"0x9b2d2f54585c1630c06149aed303ea248e401d576dc8e8a29c9e5117fc9d468d-126","28338168","1753765656","0x9b2d2f54585c1630c06149aed303ea248e401d576dc8e8a29c9e5117fc9d468d","0xddd77e91c222e36d4bd5ca8e78682a2172314197","0x0fba475e92cfef19f7dbada8ec2cce4ad7bbc0d9","0x9b5494d699c3ede88e79b42d16799243a3080cb9","553633217993079584775086"
"0x9b30f243c5d67ab0444bd833b731b78f3b07d0ab0b041022d30884277bb1e2f3-71","28354783","1753775642","0x9b30f243c5d67ab0444bd833b731b78f3b07d0ab0b041022d30884277bb1e2f3","0xddd77e91c222e36d4bd5ca8e78682a2172314197","0x0fba475e92cfef19f7dbada8ec2cce4ad7bbc0d9","0x87f6d1f7a17ca06e22dcaeb18772043609e163da","553633217993079584775086"
"0x9b346eb7c037d89429a385c6c4326576a047b8d9f9144f0e399f80b1aceeddd3-702","28372902","1753786572","0x9b346eb7c037d89429a385c6c4326576a047b8d9f9144f0e399f80b1aceeddd3","0xddd77e91c222e36d4bd5ca8e78682a2172314197","0x0fba475e92cfef19f7dbada8ec2cce4ad7bbc0d9","0x4f0f4dd7b52b98ec82de17ff028b6bc0205be899","553633217993079584775086"
"0x9b348171639466219675d9fa243fd4498535602eb0859a3d63560e611761c6c9-518","28330780","1753761225","0x9b348171639466219675d9fa243fd4498535602eb0859a3d63560e611761c6c9","0xddd77e91c222e36d4bd5ca8e78682a2172314197","0x0fba475e92cfef19f7dbada8ec2cce4ad7bbc0d9","0x3b580ee7a7d54e9b657d77f5f64bc44ce3f03b4c","553633217993079584775086"
"0x9b3c3d2c87e377cb404d88db7bbe9d4aa63c90fdafb2f964813ce73a6ff628bc-34","28371214","1753785556","0x9b3c3d2c87e377cb404d88db7bbe9d4aa63c90fdafb2f964813ce73a6ff628bc","0xddd77e91c222e36d4bd5ca8e78682a2172314197","0x0fba475e92cfef19f7dbada8ec2cce4ad7bbc0d9","0x73c4a31cc192b7c986a32c7dd15bf1e6b8572fc2","553633217993079584775086"
"0x9b3e57ac7973f5477954c6404226d1b385d88a210e6a31c14c6aed1d0e241323-317","28392510","1753798399","0x9b3e57ac7973f5477954c6404226d1b385d88a210e6a31c14c6aed1d0e241323","0xddd77e91c222e36d4bd5ca8e78682a2172314197","0x0fba475e92cfef19f7dbada8ec2cce4ad7bbc0d9","0xa4a889a919bb6ac226e8403c29b007cc90e7db37","553633217993079584775086"
"0x9b6637bec471cc526eb96e4fa7abb8c90a6164fd9f73712faa767ee899ce34f7-138","28345958","1753770360","0x9b6637bec471cc526eb96e4fa7abb8c90a6164fd9f73712faa767ee899ce34f7","0xddd77e91c222e36d4bd5ca8e78682a2172314197","0x0fba475e92cfef19f7dbada8ec2cce4ad7bbc0d9","0x5e84b299586b90d24c05c95639321804fe1db6d8","553633217993079584775086"
"0x9b733c8a0efb467deba465ed03bd48d09cde599ffadcfd9c33cc61bc3dd933b4-98","28374838","1753787769","0x9b733c8a0efb467deba465ed03bd48d09cde599ffadcfd9c33cc61bc3dd933b4","0xddd77e91c222e36d4bd5ca8e78682a2172314197","0x0fba475e92cfef19f7dbada8ec2cce4ad7bbc0d9","0xa35df91bc3ea8354ab20eb18fb3e09d8e9c55be2","553633217993079584775086"
"0x9b9409b995fb2ae341c15b353f814bfd0152883f8330e99a0474070734e5a3f2-44","28379700","1753790697","0x9b9409b995fb2ae341c15b353f814bfd0152883f8330e99a0474070734e5a3f2","0xddd77e91c222e36d4bd5ca8e78682a2172314197","0x0fba475e92cfef19f7dbada8ec2cce4ad7bbc0d9","0x57de4a713ebd751de3a4f9332140c60534b8f6e9","553633217993079584775086"
"0x9bb4896a4d5e68ef30bcafe1d81ba263e5e8b82e1bdc517675e8254f3e8ff559-117","28354492","1753775475","0x9bb4896a4d5e68ef30bcafe1d81ba263e5e8b82e1bdc517675e8254f3e8ff559","0xddd77e91c222e36d4bd5ca8e78682a2172314197","0x0fba475e92cfef19f7dbada8ec2cce4ad7bbc0d9","0x26fabe839b80027e5a603272ba7cedebe5fbc483","553633217993079584775086"
"0x9bd26fd4d893a763e7f6635cb4ae70fe6a1b8a6d7740307b7834ce8cc5ffaa4b-269","28384950","1753793877","0x9bd26fd4d893a763e7f6635cb4ae70fe6a1b8a6d7740307b7834ce8cc5ffaa4b","0xddd77e91c222e36d4bd5ca8e78682a2172314197","0x0fba475e92cfef19f7dbada8ec2cce4ad7bbc0d9","0x88def4b0c347f3091569d0f8cf53dab89eba7916","553633217993079584775086"
"0x9bd88f9a61b107aa4cf43bc80bfc54cf94cc19649a23d2bcb97d1f062378170d-605","28335408","1753764018","0x9bd88f9a61b107aa4cf43bc80bfc54cf94cc19649a23d2bcb97d1f062378170d","0xddd77e91c222e36d4bd5ca8e78682a2172314197","0x0fba475e92cfef19f7dbada8ec2cce4ad7bbc0d9","0xf9e4aacade41f61ba204f7375ba1b89a1928b277","553633217993079584775086"
"0x9be0cafa704e336b32540f7a5c99c1dc7df3880d46d22e83d6d9bb6d6f403fb5-108","28129563","1753640477","0x9be0cafa704e336b32540f7a5c99c1dc7df3880d46d22e83d6d9bb6d6f403fb5","0xddd77e91c222e36d4bd5ca8e78682a2172314197","0x0fba475e92cfef19f7dbada8ec2cce4ad7bbc0d9","0xaa8d113340d63e91fd5092931aff1dab4266f1ce","553633217993079584775086"
"0x9bebad64f775779b820f400120d658cf879abd1dcedd3a2d4df74102fceeacc6-121","28384202","1753793425","0x9bebad64f775779b820f400120d658cf879abd1dcedd3a2d4df74102fceeacc6","0xddd77e91c222e36d4bd5ca8e78682a2172314197","0x0fba475e92cfef19f7dbada8ec2cce4ad7bbc0d9","0x2d5885bc0f80188991ff92086aefe8fd614300b1","553633217993079584775086"
"0x9bedb180256f3c83d99364dc500ef08103e2ecf5bc831626794226c97e4e22fe-701","28382324","1753792306","0x9bedb180256f3c83d99364dc500ef08103e2ecf5bc831626794226c97e4e22fe","0xddd77e91c222e36d4bd5ca8e78682a2172314197","0x0fba475e92cfef19f7dbada8ec2cce4ad7bbc0d9","0xc375cf546497944020b4ab75f7167a2415554312","553633217993079584775086"
"0x9c1f440b5bcae67dd652efec2a78800ed6bf7bdec9cc09b4ee284bc5ad0eada1-101","28349183","1753772291","0x9c1f440b5bcae67dd652efec2a78800ed6bf7bdec9cc09b4ee284bc5ad0eada1","0xddd77e91c222e36d4bd5ca8e78682a2172314197","0x0fba475e92cfef19f7dbada8ec2cce4ad7bbc0d9","0x9eec6df131c253c94f27421e85213957d86c9d40","553633217993079584775086"
"0x9c1f90c5e99d96fbae8f52b8fce29e750112696a889e8fc737c96e7825bf8d33-14","28137090","1753645008","0x9c1f90c5e99d96fbae8f52b8fce29e750112696a889e8fc737c96e7825bf8d33","0xddd77e91c222e36d4bd5ca8e78682a2172314197","0x0fba475e92cfef19f7dbada8ec2cce4ad7bbc0d9","0x5ae71215d501b96f3704a417444c2757d3a29299","553633217993079584775086"
"0x9c29a1752bbf60d95684efc8f51d3ebd0f6d64c195a27e2a37d80386b7695ed9-106","28382417","1753792364","0x9c29a1752bbf60d95684efc8f51d3ebd0f6d64c195a27e2a37d80386b7695ed9","0xddd77e91c222e36d4bd5ca8e78682a2172314197","0x0fba475e92cfef19f7dbada8ec2cce4ad7bbc0d9","0x635da12aebb1f9b0cb862cebef98ee1d2a4a9719","553633217993079584775086"
"0x9c4a351fe01912256779226cd845e1996cc8831f9fcd34004f2bb634b0668936-635","28363694","1753781028","0x9c4a351fe01912256779226cd845e1996cc8831f9fcd34004f2bb634b0668936","0xddd77e91c222e36d4bd5ca8e78682a2172314197","0x0fba475e92cfef19f7dbada8ec2cce4ad7bbc0d9","0xf408d17df0187b90d33fdff1e604f08fc74a0c00","553633217993079584775086"
"0x9c56691df66a2a2aff30a724c20f7b97a657e68099b2a6c5bffbc9a3078a0935-139","28360003","1753778799","0x9c56691df66a2a2aff30a724c20f7b97a657e68099b2a6c5bffbc9a3078a0935","0xddd77e91c222e36d4bd5ca8e78682a2172314197","0x0fba475e92cfef19f7dbada8ec2cce4ad7bbc0d9","0xf801302d2489ef8cfdc6150dd4a3b3d5f77f890d","553633217993079584775086"
"0x9c796164a12d3791b04ee7d52ea992ae61034479e6c3d5d02c0044ba3ce880f8-30","28391142","1753797572","0x9c796164a12d3791b04ee7d52ea992ae61034479e6c3d5d02c0044ba3ce880f8","0xddd77e91c222e36d4bd5ca8e78682a2172314197","0x0fba475e92cfef19f7dbada8ec2cce4ad7bbc0d9","0x2088726fa728a9a2df7b4a876e97572d07126cfa","553633217993079584775086"
"0x9c7a4f9391f3227bd54f092601a39360682f684ec30bbd5e35d19756c0570f9a-66","28381882","1753792025","0x9c7a4f9391f3227bd54f092601a39360682f684ec30bbd5e35d19756c0570f9a","0xddd77e91c222e36d4bd5ca8e78682a2172314197","0x0fba475e92cfef19f7dbada8ec2cce4ad7bbc0d9","0xb0b7b2c00b5759b94eb59111bd92f2df42096ac7","553633217993079584775086"
"0x9c88d19d1135594df3ddb95c657eea33227a0b55ef2df6d8089af4a1cd3e458f-109","28390186","1753796959","0x9c88d19d1135594df3ddb95c657eea33227a0b55ef2df6d8089af4a1cd3e458f","0xddd77e91c222e36d4bd5ca8e78682a2172314197","0x0fba475e92cfef19f7dbada8ec2cce4ad7bbc0d9","0x90636b8dfe52e40321bf2efa14f9a1688dbab0b9","553633217993079584775086"
"0x9c93da2d68ba14c9f40c7c89cccfbb907628a226a524c53bceb0ee12eb16f4f4-95","28341063","1753767400","0x9c93da2d68ba14c9f40c7c89cccfbb907628a226a524c53bceb0ee12eb16f4f4","0xddd77e91c222e36d4bd5ca8e78682a2172314197","0x0fba475e92cfef19f7dbada8ec2cce4ad7bbc0d9","0xb931f3270565c6fc1fe637aac5f3b8466384469c","553633217993079584775086"
"0x9c944775651803e8805b68e64ab6d25198271f03da53a5e0c2dbb048e27f3851-18","28373279","1753786790","0x9c944775651803e8805b68e64ab6d25198271f03da53a5e0c2dbb048e27f3851","0xddd77e91c222e36d4bd5ca8e78682a2172314197","0x0fba475e92cfef19f7dbada8ec2cce4ad7bbc0d9","0x64ffa195a1afc5b9da9a706bd11b9b66e4d550f4","553633217993079584775086"
"0x9cb4c3de987a08aefc647710d3cb6143c2057d097db9f162c0c889447f4403ae-232","28338213","1753765681","0x9cb4c3de987a08aefc647710d3cb6143c2057d097db9f162c0c889447f4403ae","0xddd77e91c222e36d4bd5ca8e78682a2172314197","0x0fba475e92cfef19f7dbada8ec2cce4ad7bbc0d9","0x83c155fcef1de963ec6d2b3ce9df00ac8efaf103","553633217993079584775086"
"0x9ce3c2ef9e9b2665646d23c5c563e29795ed572c3bfa30a8f031503d6c9a7acd-101","28364360","1753781444","0x9ce3c2ef9e9b2665646d23c5c563e29795ed572c3bfa30a8f031503d6c9a7acd","0xddd77e91c222e36d4bd5ca8e78682a2172314197","0x0fba475e92cfef19f7dbada8ec2cce4ad7bbc0d9","0xadf1d7595a627dd8b52971cad65597dee2fe50b0","553633217993079584775086"
"0x9cf39ae029d4d0a688a248d30344c56017b76a456dba7beaeb60b8f4aedb583f-54","28348847","1753772104","0x9cf39ae029d4d0a688a248d30344c56017b76a456dba7beaeb60b8f4aedb583f","0xddd77e91c222e36d4bd5ca8e78682a2172314197","0x0fba475e92cfef19f7dbada8ec2cce4ad7bbc0d9","0x405c54536035e4e54430a98bfbb11a73a3988110","553633217993079584775086"
"0x9d14d3b73fedcf7d1fb49b6740ceb5cfc2adb3d97be7c4c4718fed8f2ffbbcca-3","28353889","1753775106","0x9d14d3b73fedcf7d1fb49b6740ceb5cfc2adb3d97be7c4c4718fed8f2ffbbcca","0xddd77e91c222e36d4bd5ca8e78682a2172314197","0x0fba475e92cfef19f7dbada8ec2cce4ad7bbc0d9","0x94bacd5724d48f642798794b500bae5a71205e68","553633217993079584775086"
"0x9d23728e12977b3941317ded078e94a098785c763ed36bda70de832db266bf43-469","28330795","1753761238","0x9d23728e12977b3941317ded078e94a098785c763ed36bda70de832db266bf43","0xddd77e91c222e36d4bd5ca8e78682a2172314197","0x0fba475e92cfef19f7dbada8ec2cce4ad7bbc0d9","0x169c962a47a426f6b9d80ee1c5f7e692301c8143","553633217993079584775086"
"0x9d3997ae191f5038695883c9908cfe35608772b4546d5134c49cb571b14cfba0-91","28338849","1753766069","0x9d3997ae191f5038695883c9908cfe35608772b4546d5134c49cb571b14cfba0","0xddd77e91c222e36d4bd5ca8e78682a2172314197","0x0fba475e92cfef19f7dbada8ec2cce4ad7bbc0d9","0x9a98f1e4284b989b881ef0284f57ebca18e6fb98","553633217993079584775086"
"0x9d493e1bd7273ce4f31b5ddccf9cfa5848397e41f8f15909f956a7058ef26922-122","28392248","1753798247","0x9d493e1bd7273ce4f31b5ddccf9cfa5848397e41f8f15909f956a7058ef26922","0xddd77e91c222e36d4bd5ca8e78682a2172314197","0x0fba475e92cfef19f7dbada8ec2cce4ad7bbc0d9","0x1868093bf522bc6823e082e9cd820aec335efc9d","553633217993079584775086"
"0x9d4c801aaad19d7ad3cbb3536e279a0e391326fe51db14a5bb156ee2b4edf682-168","28389836","1753796763","0x9d4c801aaad19d7ad3cbb3536e279a0e391326fe51db14a5bb156ee2b4edf682","0xddd77e91c222e36d4bd5ca8e78682a2172314197","0x0fba475e92cfef19f7dbada8ec2cce4ad7bbc0d9","0xf4ab7df413be5616cc36018c927b906308679612","553633217993079584775086"
"0x9d4e1b68b5da2107dab98dc3c13b5ca16358bd191fc664b8d32418a55b2c534b-33","28398607","1753802074","0x9d4e1b68b5da2107dab98dc3c13b5ca16358bd191fc664b8d32418a55b2c534b","0xddd77e91c222e36d4bd5ca8e78682a2172314197","0x0fba475e92cfef19f7dbada8ec2cce4ad7bbc0d9","0x02736d5d01ccffcab6d5c9e7e1129d684832f50b","553633217993079584775086"
"0x9d5f5797deab3adedfb4f07ccdc7382934f1b8e12f820fc9bcb4f4934b1b3631-48","28339634","1753766567","0x9d5f5797deab3adedfb4f07ccdc7382934f1b8e12f820fc9bcb4f4934b1b3631","0xddd77e91c222e36d4bd5ca8e78682a2172314197","0x0fba475e92cfef19f7dbada8ec2cce4ad7bbc0d9","0x367907efb4f8aaaab11cd50dcbbde86d601573fa","553633217993079584775086"
"0x9d71caabf895402bed58bf6f6b5cbf193b6b9bd5455eedb076db141f684a3397-29","28348836","1753772097","0x9d71caabf895402bed58bf6f6b5cbf193b6b9bd5455eedb076db141f684a3397","0xddd77e91c222e36d4bd5ca8e78682a2172314197","0x0fba475e92cfef19f7dbada8ec2cce4ad7bbc0d9","0x47719b17e7c2090e8113eabae588c758da68fb31","553633217993079584775086"
"0x9dac0f24c7b69055627d45afcdf91d125b160005e6ab6106cd15257f6858acb3-76","28359551","1753778542","0x9dac0f24c7b69055627d45afcdf91d125b160005e6ab6106cd15257f6858acb3","0xddd77e91c222e36d4bd5ca8e78682a2172314197","0x0fba475e92cfef19f7dbada8ec2cce4ad7bbc0d9","0x9582ec6827adcc735234a08c9855c3739a733bd7","553633217993079584775086"
"0x9db59823ab6d0f030f2b8c65f50d9f96a93167ffc3fa4f33d4dd67f17a8ca632-372","28339117","1753766246","0x9db59823ab6d0f030f2b8c65f50d9f96a93167ffc3fa4f33d4dd67f17a8ca632","0xddd77e91c222e36d4bd5ca8e78682a2172314197","0x0fba475e92cfef19f7dbada8ec2cce4ad7bbc0d9","0xa0dc13d12f6ecdaeec6eccb090c2bb5b5d8a4f23","553633217993079584775086"
"0x9df3c2f058a98263bcb59e69d59cc659fd91f5652e43f4cc1eeea55d5e92ad93-591","28394487","1753799613","0x9df3c2f058a98263bcb59e69d59cc659fd91f5652e43f4cc1eeea55d5e92ad93","0xddd77e91c222e36d4bd5ca8e78682a2172314197","0x0fba475e92cfef19f7dbada8ec2cce4ad7bbc0d9","0xec9a43086d3ffc1c90f2c659c2c46bb2404093fd","553633217993079584775086"
"0x9e1c49f3efa66b5a09ae48668987a4ffcbe7f42813583df77ed7f3f2fb993592-833","28377949","1753789638","0x9e1c49f3efa66b5a09ae48668987a4ffcbe7f42813583df77ed7f3f2fb993592","0xddd77e91c222e36d4bd5ca8e78682a2172314197","0x0fba475e92cfef19f7dbada8ec2cce4ad7bbc0d9","0xd2bc5df5b297921928ff9db56d7ec17539d7cf0a","553633217993079584775086"
"0x9e306d1a720a402e28c2f2e34e010d355f4245d181db5210ee15f375742819c0-3","28340881","1753767285","0x9e306d1a720a402e28c2f2e34e010d355f4245d181db5210ee15f375742819c0","0xddd77e91c222e36d4bd5ca8e78682a2172314197","0x0fba475e92cfef19f7dbada8ec2cce4ad7bbc0d9","0x720651e4834b9a98b5f32fc851538f9b3a7a60cc","553633217993079584775086"
"0x9e334b1a4b1aa945f69a9527d575b948aca9a96845fecaab197d64f15c68dbdb-12","28362466","1753780292","0x9e334b1a4b1aa945f69a9527d575b948aca9a96845fecaab197d64f15c68dbdb","0xddd77e91c222e36d4bd5ca8e78682a2172314197","0x0fba475e92cfef19f7dbada8ec2cce4ad7bbc0d9","0x57369cc8ced60adcb2483687993a0e64778f40fa","553633217993079584775086"
"0x9e4d69184836ce6ae9b96033ab4bd97bb65790086ba57068b9d01ec4f13a41f3-8","28355330","1753775968","0x9e4d69184836ce6ae9b96033ab4bd97bb65790086ba57068b9d01ec4f13a41f3","0xddd77e91c222e36d4bd5ca8e78682a2172314197","0x0fba475e92cfef19f7dbada8ec2cce4ad7bbc0d9","0x66c6d1d1f58c9449f906de0154d81a5e31ba9b6d","553633217993079584775086"
"0x9e66f97f08e2ff85b5671e2fa05dc3c0a47e046920320eeefce93f7040a58152-701","28402098","1753804252","0x9e66f97f08e2ff85b5671e2fa05dc3c0a47e046920320eeefce93f7040a58152","0xddd77e91c222e36d4bd5ca8e78682a2172314197","0x0fba475e92cfef19f7dbada8ec2cce4ad7bbc0d9","0x640781f2fa066c4e64dafe06164b86752c5ab331","553633217993079584775086"
"0x9e868cc7ada293fef74c973eac7138a845b5efe53d5a9746cf56b98575fd81ed-43","28362402","1753780248","0x9e868cc7ada293fef74c973eac7138a845b5efe53d5a9746cf56b98575fd81ed","0xddd77e91c222e36d4bd5ca8e78682a2172314197","0x0fba475e92cfef19f7dbada8ec2cce4ad7bbc0d9","0xb0044f52e6dd7087e2735d96946fe4f7417314c8","553633217993079584775086"
"0x9eaf4af69e23ccc80e1f66c12f2994cee3a15d804418ff90c6cdfc9d40fddc02-72","28376840","1753788961","0x9eaf4af69e23ccc80e1f66c12f2994cee3a15d804418ff90c6cdfc9d40fddc02","0xddd77e91c222e36d4bd5ca8e78682a2172314197","0x0fba475e92cfef19f7dbada8ec2cce4ad7bbc0d9","0x4ce25a5402703d20e8f4feebe9def4360e6b7c1f","553633217993079584775086"
"0x9ebe67813a0740c0cf90c419c96c0e2c722fcd827f3b87ba7603920624de8b94-233","28361419","1753779654","0x9ebe67813a0740c0cf90c419c96c0e2c722fcd827f3b87ba7603920624de8b94","0xddd77e91c222e36d4bd5ca8e78682a2172314197","0x0fba475e92cfef19f7dbada8ec2cce4ad7bbc0d9","0xbfa568162b4f861c95697faf46f7fb5bd3700461","553633217993079584775086"
"0x9ec64f4ecd390986133d4b193894df4ff82f666a28f8d1680b546aa9b6b25ae6-98","28352251","1753774124","0x9ec64f4ecd390986133d4b193894df4ff82f666a28f8d1680b546aa9b6b25ae6","0xddd77e91c222e36d4bd5ca8e78682a2172314197","0x0fba475e92cfef19f7dbada8ec2cce4ad7bbc0d9","0x8cf51e13f39a3f4e638f57c8f853cc1ee4b9c040","553633217993079584775086"
"0x9ed1924d9910eda2ac74858b4c9bb053b5f27e4700a4a4c3e7b6e6145c2faa2d-101","28391898","1753798042","0x9ed1924d9910eda2ac74858b4c9bb053b5f27e4700a4a4c3e7b6e6145c2faa2d","0xddd77e91c222e36d4bd5ca8e78682a2172314197","0x0fba475e92cfef19f7dbada8ec2cce4ad7bbc0d9","0x2795508a84a1f1cbbcfbd33ff1e9e553dd24f088","553633217993079584775086"
"0x9ed744f001a6055ffee2275b6e788a477093104458a5b18f5120995560227382-110","28367398","1753783282","0x9ed744f001a6055ffee2275b6e788a477093104458a5b18f5120995560227382","0xddd77e91c222e36d4bd5ca8e78682a2172314197","0x0fba475e92cfef19f7dbada8ec2cce4ad7bbc0d9","0xfcd0f4cb63ebbd411d9c28cf1fdd3a738496b747","553633217993079584775086"
"0x9ee440132253f8adf71187eaab924aa80a0ce61c0cc01a8002a96c4e97ea698e-90","28337829","1753765457","0x9ee440132253f8adf71187eaab924aa80a0ce61c0cc01a8002a96c4e97ea698e","0xddd77e91c222e36d4bd5ca8e78682a2172314197","0x0fba475e92cfef19f7dbada8ec2cce4ad7bbc0d9","0x00a502b255ca6bbb64677d7cca1d7825b714fcea","553633217993079584775086"
"0x9eed5eabcf110821efe9f57129b4c3375236bd7b18d1672d72bb3bf53836edbc-329","28371755","1753785873","0x9eed5eabcf110821efe9f57129b4c3375236bd7b18d1672d72bb3bf53836edbc","0xddd77e91c222e36d4bd5ca8e78682a2172314197","0x0fba475e92cfef19f7dbada8ec2cce4ad7bbc0d9","0x60472afa097c6dacf00ad250451d401b9616094c","553633217993079584775086"
"0x9ef6c067ae96fd89163f11584dcc370f995f2a81d6424e855895ce3eee444f2f-21","28398957","1753802288","0x9ef6c067ae96fd89163f11584dcc370f995f2a81d6424e855895ce3eee444f2f","0xddd77e91c222e36d4bd5ca8e78682a2172314197","0x0fba475e92cfef19f7dbada8ec2cce4ad7bbc0d9","0x05629ff8668e8604bc877e6d673ddbeb1f956cef","553633217993079584775086"
"0x9f02bee7563e3375bf47fc357fe6913e78f2aed609ac84920a09acd6fca62fde-129","28370516","1753785134","0x9f02bee7563e3375bf47fc357fe6913e78f2aed609ac84920a09acd6fca62fde","0xddd77e91c222e36d4bd5ca8e78682a2172314197","0x0fba475e92cfef19f7dbada8ec2cce4ad7bbc0d9","0x38e6dfeea817ab5a859fda7e9a5795fb4a79ada0","553633217993079584775086"
"0x9f4dc45eae4a276c58a341063c072e218383a52475852c16012ceba418f77175-5","28335035","1753763798","0x9f4dc45eae4a276c58a341063c072e218383a52475852c16012ceba418f77175","0xddd77e91c222e36d4bd5ca8e78682a2172314197","0x0fba475e92cfef19f7dbada8ec2cce4ad7bbc0d9","0x826b2b2df56ba0fbd1af78845a78716fac04f7ec","553633217993079584775086"
"0x9f5c82b42181e8605493d3edc012b1fcd5db7cb4a49c3e9c86d52c24b5e7b972-103","28357707","1753777413","0x9f5c82b42181e8605493d3edc012b1fcd5db7cb4a49c3e9c86d52c24b5e7b972","0xddd77e91c222e36d4bd5ca8e78682a2172314197","0x0fba475e92cfef19f7dbada8ec2cce4ad7bbc0d9","0x490c1a733184fa5e88c6d1920f377ff26f8f00bb","553633217993079584775086"
"0x9f6655fbc2bf371f6fc32f237ea71640c324460ac78c7f8a614f10696ba7ad7d-18","28350677","1753773197","0x9f6655fbc2bf371f6fc32f237ea71640c324460ac78c7f8a614f10696ba7ad7d","0xddd77e91c222e36d4bd5ca8e78682a2172314197","0x0fba475e92cfef19f7dbada8ec2cce4ad7bbc0d9","0xac5d22b530dff2bfddb0a5e0fdda5a3370419db2","553633217993079584775086"
"0x9f70a11ed43ebd60efe79e2a87be8ad607b45dc68f154e7546ddb6db61f6d24a-25","28380277","1753791059","0x9f70a11ed43ebd60efe79e2a87be8ad607b45dc68f154e7546ddb6db61f6d24a","0xddd77e91c222e36d4bd5ca8e78682a2172314197","0x0fba475e92cfef19f7dbada8ec2cce4ad7bbc0d9","0x7cadb7905ae4ec92186890ea8270d54568dc51ee","553633217993079584775086"
"0x9f74b3a95d8336515ca1d80f718766f8c9a41624545df9f517b5e2aea0d1f8db-108","28347885","1753771537","0x9f74b3a95d8336515ca1d80f718766f8c9a41624545df9f517b5e2aea0d1f8db","0xddd77e91c222e36d4bd5ca8e78682a2172314197","0x0fba475e92cfef19f7dbada8ec2cce4ad7bbc0d9","0x70c5fd945e2dd1e56c07f114290b15dc2c665b94","553633217993079584775086"
"0x9f8328651971bb8b85b283d5f805a3504dc432a886740664b64e175debdc5c08-30","28340123","1753766845","0x9f8328651971bb8b85b283d5f805a3504dc432a886740664b64e175debdc5c08","0xddd77e91c222e36d4bd5ca8e78682a2172314197","0x0fba475e92cfef19f7dbada8ec2cce4ad7bbc0d9","0x2e0526019a91fe70c6f5bb890c0e6f2dc9cec055","553633217993079584775086"
"0x9f8ca9042950cd1094030dfea5501d1f8b2e47155af27d9d854d74e3411c815f-14","28352240","1753774118","0x9f8ca9042950cd1094030dfea5501d1f8b2e47155af27d9d854d74e3411c815f","0xddd77e91c222e36d4bd5ca8e78682a2172314197","0x0fba475e92cfef19f7dbada8ec2cce4ad7bbc0d9","0x91a5d60c36c07e51ef41cf3c10a35350e9daa3ee","553633217993079584775086"
"0x9f959db71a06873977adc9fa2dc29013b6eadb45ed7fe666fa6b815a8a3d7fa5-40","28137756","1753645414","0x9f959db71a06873977adc9fa2dc29013b6eadb45ed7fe666fa6b815a8a3d7fa5","0xddd77e91c222e36d4bd5ca8e78682a2172314197","0x0fba475e92cfef19f7dbada8ec2cce4ad7bbc0d9","0x93dbc4e39b03a1806cd3c2d11a693251d4684f66","553633217993079584775086"
"0x9fbb0f1a3d6d5049bf4505f7de09647db6af4e7e024752996cf47f82dcf51a26-97","28390513","1753797172","0x9fbb0f1a3d6d5049bf4505f7de09647db6af4e7e024752996cf47f82dcf51a26","0xddd77e91c222e36d4bd5ca8e78682a2172314197","0x0fba475e92cfef19f7dbada8ec2cce4ad7bbc0d9","0xa500f70b62be896538bebdbab47b6566ff006305","553633217993079584775086"
"0x9fd83443b4e274611a998da85004377e43136a04a534a1efa7dcb0f23f1abd9b-45","28386851","1753794975","0x9fd83443b4e274611a998da85004377e43136a04a534a1efa7dcb0f23f1abd9b","0xddd77e91c222e36d4bd5ca8e78682a2172314197","0x0fba475e92cfef19f7dbada8ec2cce4ad7bbc0d9","0x652197072732727e260c3673659d8d6d94e5c824","553633217993079584775086"
"0x9fe11ecaab8586864c4fc1fc76ee20c20b3dc4cada8c2637419188a0e66afdd1-216","28345669","1753770199","0x9fe11ecaab8586864c4fc1fc76ee20c20b3dc4cada8c2637419188a0e66afdd1","0xddd77e91c222e36d4bd5ca8e78682a2172314197","0x0fba475e92cfef19f7dbada8ec2cce4ad7bbc0d9","0x687843be974a71f7a496154d399bfcefe0ce4a2d","553633217993079584775086"
"0x9ffb42637fef23cccbbb2a199f40e2e700d2e121494266446af3b7896e4afb08-13","28378017","1753789678","0x9ffb42637fef23cccbbb2a199f40e2e700d2e121494266446af3b7896e4afb08","0xddd77e91c222e36d4bd5ca8e78682a2172314197","0x0fba475e92cfef19f7dbada8ec2cce4ad7bbc0d9","0x70dee6b531227b73bec4e7189de6c478d40cd02c","553633217993079584775086"
"0xa01a4a306a9db31b5f27c6fac07b3f25ea478444ae33c5bcd1419cd0a77e6c4c-84","28387960","1753795604","0xa01a4a306a9db31b5f27c6fac07b3f25ea478444ae33c5bcd1419cd0a77e6c4c","0xddd77e91c222e36d4bd5ca8e78682a2172314197","0x0fba475e92cfef19f7dbada8ec2cce4ad7bbc0d9","0x123521832d5464768af10a070c51a847dc9f08fd","553633217993079584775086"
"0xa0313952e31227918a7a534342f6c438609fae203c78da122159ba8bf923ced1-223","28345864","1753770306","0xa0313952e31227918a7a534342f6c438609fae203c78da122159ba8bf923ced1","0xddd77e91c222e36d4bd5ca8e78682a2172314197","0x0fba475e92cfef19f7dbada8ec2cce4ad7bbc0d9","0xc255eb81b0a0782b2dea8409a2802870c5af5efc","553633217993079584775086"
"0xa03907e673495be647724b7147c920b30b96eeb8a6915c388543d708a194859d-58","28336644","1753764761","0xa03907e673495be647724b7147c920b30b96eeb8a6915c388543d708a194859d","0xddd77e91c222e36d4bd5ca8e78682a2172314197","0x0fba475e92cfef19f7dbada8ec2cce4ad7bbc0d9","0x2e643ccfc4fcbcebeec0dff06ea1226f97ebb16c","553633217993079584775086"
"0xa03db5de9ba863e3776bfb9c0e7a1cfabb90bd75e81777ba9f7324b2ee3f231c-16","28374125","1753787310","0xa03db5de9ba863e3776bfb9c0e7a1cfabb90bd75e81777ba9f7324b2ee3f231c","0xddd77e91c222e36d4bd5ca8e78682a2172314197","0x0fba475e92cfef19f7dbada8ec2cce4ad7bbc0d9","0x127f5aa7fe0250f7b148eeb14ff19baa44c03840","553633217993079584775086"
"0xa0465f2a6c8e7e5cf078dcdbabd8482231fdc82b5589b949ffcb227e00ceee2f-86","28352080","1753774026","0xa0465f2a6c8e7e5cf078dcdbabd8482231fdc82b5589b949ffcb227e00ceee2f","0xddd77e91c222e36d4bd5ca8e78682a2172314197","0x0fba475e92cfef19f7dbada8ec2cce4ad7bbc0d9","0x905e0371e43e2988279ebd27454e4ac264d15a80","553633217993079584775086"
"0xa07e47b0f28b8314559ecdf0fa88af13cd8e060a237c19556a2d52e91adb7083-56","28401499","1753803862","0xa07e47b0f28b8314559ecdf0fa88af13cd8e060a237c19556a2d52e91adb7083","0xddd77e91c222e36d4bd5ca8e78682a2172314197","0x0fba475e92cfef19f7dbada8ec2cce4ad7bbc0d9","0xc3c9263d96710a4fd64d74ffabe83ad224bd416a","553633217993079584775086"
"0xa086a6cf210f4ce46f44dcae39891ef97d5c6746c71d3f8a5aad94d9fe60ca8e-29","28385528","1753794212","0xa086a6cf210f4ce46f44dcae39891ef97d5c6746c71d3f8a5aad94d9fe60ca8e","0xddd77e91c222e36d4bd5ca8e78682a2172314197","0x0fba475e92cfef19f7dbada8ec2cce4ad7bbc0d9","0x47ea84ffc52aae06e30fdf9f44d6f081144f21cd","553633217993079584775086"
"0xa0a50db1e11b3442314354231d5839c1c21aeaba3d98b1e3ceb688cff217ac5c-38","28357054","1753777014","0xa0a50db1e11b3442314354231d5839c1c21aeaba3d98b1e3ceb688cff217ac5c","0xddd77e91c222e36d4bd5ca8e78682a2172314197","0x0fba475e92cfef19f7dbada8ec2cce4ad7bbc0d9","0x561041585fd2f40ef6f8d1b2aa08f3de2d5aa305","553633217993079584775086"
"0xa0b64b5e77fcc51351e6262ba5fe75285c714fcea9e119987914bbfd3e43b257-102","28375845","1753788374","0xa0b64b5e77fcc51351e6262ba5fe75285c714fcea9e119987914bbfd3e43b257","0xddd77e91c222e36d4bd5ca8e78682a2172314197","0x0fba475e92cfef19f7dbada8ec2cce4ad7bbc0d9","0x1e50672b97339d86742b3561e355fadebe01c7dd","553633217993079584775086"
"0xa0c1c6d4ff7e957fd2a7092a8d93bea86107abb58f97e97f15c53ab8de1143bc-35","28358990","1753778200","0xa0c1c6d4ff7e957fd2a7092a8d93bea86107abb58f97e97f15c53ab8de1143bc","0xddd77e91c222e36d4bd5ca8e78682a2172314197","0x0fba475e92cfef19f7dbada8ec2cce4ad7bbc0d9","0xcba3ffefb3c1b5fff99faee8ec6e73b498d2d45e","553633217993079584775086"
"0xa0faf9bb96b1b54b0bc1b6d91a2bed1e94c7ecb0e272d3e4bc28ba1ce5e3a707-39","28384250","1753793454","0xa0faf9bb96b1b54b0bc1b6d91a2bed1e94c7ecb0e272d3e4bc28ba1ce5e3a707","0xddd77e91c222e36d4bd5ca8e78682a2172314197","0x0fba475e92cfef19f7dbada8ec2cce4ad7bbc0d9","0x4ecda42aa685066430e4cfbf7af2cd024e585b0f","553633217993079584775086"
"0xa1192461ed79d3d5c002c7ea94ea88ad6a86db0a26a35af5b14a5d8390aec830-3","28409639","1753808785","0xa1192461ed79d3d5c002c7ea94ea88ad6a86db0a26a35af5b14a5d8390aec830","0xddd77e91c222e36d4bd5ca8e78682a2172314197","0x0fba475e92cfef19f7dbada8ec2cce4ad7bbc0d9","0xff32dc68e5ac8dd8783c0491b907409013e6c728","553633217993079584775086"
"0xa172d85900eef4f73290a3065b3a765b3d226ed3c6cf3b064f1b30f113f80c1a-19","28330409","1753760993","0xa172d85900eef4f73290a3065b3a765b3d226ed3c6cf3b064f1b30f113f80c1a","0xddd77e91c222e36d4bd5ca8e78682a2172314197","0x0fba475e92cfef19f7dbada8ec2cce4ad7bbc0d9","0x6aa31949185fa690f3437b98feba6d51bbdbe05f","553633217993079584775086"
"0xa1944cd1f491c81a972ae26331bb2efd38fa87188b0419525a8a55b48c5861e5-10","28349047","1753772214","0xa1944cd1f491c81a972ae26331bb2efd38fa87188b0419525a8a55b48c5861e5","0xddd77e91c222e36d4bd5ca8e78682a2172314197","0x0fba475e92cfef19f7dbada8ec2cce4ad7bbc0d9","0x4bb2313e7e073da769bac8ed21a97ff8730e99c0","553633217993079584775086"
"0xa1d3cde99b3e29c2efe8271558b0270000bc2f970f9e504610b5e2455ad7f0d1-98","28336456","1753764652","0xa1d3cde99b3e29c2efe8271558b0270000bc2f970f9e504610b5e2455ad7f0d1","0xddd77e91c222e36d4bd5ca8e78682a2172314197","0x0fba475e92cfef19f7dbada8ec2cce4ad7bbc0d9","0x3efae63fe99d579cd5a06de021c60f5e55b2df22","553633217993079584775086"
"0xa1df7666883d2471fde2ca1d11cd3913097bf5ea4221d7aecd91ff1f7fd9f0b3-126","28370635","1753785205","0xa1df7666883d2471fde2ca1d11cd3913097bf5ea4221d7aecd91ff1f7fd9f0b3","0xddd77e91c222e36d4bd5ca8e78682a2172314197","0x0fba475e92cfef19f7dbada8ec2cce4ad7bbc0d9","0x10e1a780f6cf93b452c9b57ad6b17cc67b391383","553633217993079584775086"
"0xa1f549f5b961ac8e8fbb127a00eb2fc389dcf7a862b694c956311d94e9569517-12","28358709","1753778016","0xa1f549f5b961ac8e8fbb127a00eb2fc389dcf7a862b694c956311d94e9569517","0xddd77e91c222e36d4bd5ca8e78682a2172314197","0x0fba475e92cfef19f7dbada8ec2cce4ad7bbc0d9","0x06311880008fe0c21e83544186d722ffb33a3c74","553633217993079584775086"
"0xa200245021e3067d4863aa953a21d9d437d6709e80d2e63a389740597367751e-35","28374043","1753787265","0xa200245021e3067d4863aa953a21d9d437d6709e80d2e63a389740597367751e","0xddd77e91c222e36d4bd5ca8e78682a2172314197","0x0fba475e92cfef19f7dbada8ec2cce4ad7bbc0d9","0xc4f90f9bb7eff2baefd1501f056d9e9bd634f337","553633217993079584775086"
"0xa247cb23ebcba46e8a0a3341c106820f92b304b4c1a74510782190178deab1d6-270","28353938","1753775133","0xa247cb23ebcba46e8a0a3341c106820f92b304b4c1a74510782190178deab1d6","0xddd77e91c222e36d4bd5ca8e78682a2172314197","0x0fba475e92cfef19f7dbada8ec2cce4ad7bbc0d9","0xd0c8d4bef2849c00ee0ebdd98f7cc09702c59be8","553633217993079584775086"
"0xa2487b3850ca04e038ff27b58639b0a23976d90cfb4b269030e3fec713a6c4a8-58","28399634","1753802727","0xa2487b3850ca04e038ff27b58639b0a23976d90cfb4b269030e3fec713a6c4a8","0xddd77e91c222e36d4bd5ca8e78682a2172314197","0x0fba475e92cfef19f7dbada8ec2cce4ad7bbc0d9","0x165612b9be13c0625412984e564b689ad7897b06","553633217993079584775086"
"0xa25f91a5dbb713ad9023fed9b4f9ff84450029b84b5455b529416d797ba6dd96-123","28390752","1753797328","0xa25f91a5dbb713ad9023fed9b4f9ff84450029b84b5455b529416d797ba6dd96","0xddd77e91c222e36d4bd5ca8e78682a2172314197","0x0fba475e92cfef19f7dbada8ec2cce4ad7bbc0d9","0x410b61210360f6614feec9dcae686be476448bed","553633217993079584775086"
"0xa27bf057686bd5593fdbd63616e0f1b44db715c4852ce8ebf9d1a9aa9c424aa8-110","28342807","1753768432","0xa27bf057686bd5593fdbd63616e0f1b44db715c4852ce8ebf9d1a9aa9c424aa8","0xddd77e91c222e36d4bd5ca8e78682a2172314197","0x0fba475e92cfef19f7dbada8ec2cce4ad7bbc0d9","0x4eb8bc84cd57d0655d43fe9f1fe5615b0e33c02a","553633217993079584775086"
"0xa29374fe89bb8cdf2ed4fe3d0ef69589c6f623dddf138a1e506561a8fd3c68e8-15","28360685","1753779222","0xa29374fe89bb8cdf2ed4fe3d0ef69589c6f623dddf138a1e506561a8fd3c68e8","0xddd77e91c222e36d4bd5ca8e78682a2172314197","0x0fba475e92cfef19f7dbada8ec2cce4ad7bbc0d9","0xcd8e6b43abe0a5f458200adafc0232f0d5d08291","553633217993079584775086"
"0xa29b5943ed0962b8388c1a1f37e682eb24cef5e49a62bcb16af3905d4a5c3448-3","28349850","1753772693","0xa29b5943ed0962b8388c1a1f37e682eb24cef5e49a62bcb16af3905d4a5c3448","0xddd77e91c222e36d4bd5ca8e78682a2172314197","0x0fba475e92cfef19f7dbada8ec2cce4ad7bbc0d9","0xc9d9e80e52b1179e4cec69477fb979d181ff2201","553633217993079584775086"
"0xa2afde5bcb283f50bcca2e932b3fbf2f8a6ec7685fd3392f60dc7ded7493a80b-104","28352776","1753774446","0xa2afde5bcb283f50bcca2e932b3fbf2f8a6ec7685fd3392f60dc7ded7493a80b","0xddd77e91c222e36d4bd5ca8e78682a2172314197","0x0fba475e92cfef19f7dbada8ec2cce4ad7bbc0d9","0x8325286dedba4a8a4fef8673a1a618457b4ae047","553633217993079584775086"
"0xa2b4ddde346d996dbc1084b374f9e0ef17f127a6fa11d8f6d3685f2e0a2158b9-37","28400226","1753803092","0xa2b4ddde346d996dbc1084b374f9e0ef17f127a6fa11d8f6d3685f2e0a2158b9","0xddd77e91c222e36d4bd5ca8e78682a2172314197","0x0fba475e92cfef19f7dbada8ec2cce4ad7bbc0d9","0x64f8c9a780f91d28cbaf57f25f9516adca2c9a41","553633217993079584775086"
"0xa2cefc8cb91e015fff031c3cbc7f14f6170dfcc4a073d1f7f45cb9f27ef71a8c-236","28391869","1753798023","0xa2cefc8cb91e015fff031c3cbc7f14f6170dfcc4a073d1f7f45cb9f27ef71a8c","0xddd77e91c222e36d4bd5ca8e78682a2172314197","0x0fba475e92cfef19f7dbada8ec2cce4ad7bbc0d9","0x191114a9e064b610f07666c788aa37886c39872a","553633217993079584775086"
"0xa2d559b53f99663d4b4ae88c9cdc58d24c5fe909d1745e2da132c775eef5659e-39","28391650","1753797878","0xa2d559b53f99663d4b4ae88c9cdc58d24c5fe909d1745e2da132c775eef5659e","0xddd77e91c222e36d4bd5ca8e78682a2172314197","0x0fba475e92cfef19f7dbada8ec2cce4ad7bbc0d9","0x1f232ac8a622530ea82e4a057d7d64c8e5db5de1","553633217993079584775086"
"0xa2dcb40808fde24d191a564e54c2eada2a699aefe194332b0275f22cc6216cc6-78","28333107","1753762610","0xa2dcb40808fde24d191a564e54c2eada2a699aefe194332b0275f22cc6216cc6","0xddd77e91c222e36d4bd5ca8e78682a2172314197","0x0fba475e92cfef19f7dbada8ec2cce4ad7bbc0d9","0xf527a561ba9ef12ea58dd84ae05608b7a01738df","553633217993079584775086"
"0xa324abb5bc5d49090157c3a8f58ad6a94a1b32e17bda04ffac97983842b386b1-69","28368001","1753783637","0xa324abb5bc5d49090157c3a8f58ad6a94a1b32e17bda04ffac97983842b386b1","0xddd77e91c222e36d4bd5ca8e78682a2172314197","0x0fba475e92cfef19f7dbada8ec2cce4ad7bbc0d9","0xcf68c1149a0cf418de0348be712ddf76a9765e2b","553633217993079584775086"
"0xa35ec58f95856a9f748a43ded9bba5bf44f46ed769811b660892fee58f66818f-101","28352505","1753774285","0xa35ec58f95856a9f748a43ded9bba5bf44f46ed769811b660892fee58f66818f","0xddd77e91c222e36d4bd5ca8e78682a2172314197","0x0fba475e92cfef19f7dbada8ec2cce4ad7bbc0d9","0x58f54ddfe9cfae89de4e316136240422c04ec09c","553633217993079584775086"
"0xa37253fc2cd8d6ad17af9a2d2398558bab44cb824616df3c064bd8b4669b05f6-95","28388545","1753795958","0xa37253fc2cd8d6ad17af9a2d2398558bab44cb824616df3c064bd8b4669b05f6","0xddd77e91c222e36d4bd5ca8e78682a2172314197","0x0fba475e92cfef19f7dbada8ec2cce4ad7bbc0d9","0xf68df5d30b7b8b0266d3cbafc25b702703f45298","553633217993079584775086"
"0xa38107c5a5c9b4ed7cfd585761c24ee7bf10e1e44aad429342392db02304c086-139","28370110","1753784903","0xa38107c5a5c9b4ed7cfd585761c24ee7bf10e1e44aad429342392db02304c086","0xddd77e91c222e36d4bd5ca8e78682a2172314197","0x0fba475e92cfef19f7dbada8ec2cce4ad7bbc0d9","0xb612dac3fa296e0259c39684b083c201ad2af47c","553633217993079584775086"
"0xa39d37fa40b6a838d25a4260e0fc61216c0f29bf52cedf4df174d4498b36609e-134","28360125","1753778880","0xa39d37fa40b6a838d25a4260e0fc61216c0f29bf52cedf4df174d4498b36609e","0xddd77e91c222e36d4bd5ca8e78682a2172314197","0x0fba475e92cfef19f7dbada8ec2cce4ad7bbc0d9","0x22c85fc66e391ef21a2fa69fffc03d3966b2780f","553633217993079584775086"
"0xa3bbc47a8373604a982fd86d5d1407a325f418fd6c2d2f1524428c57aa8476f5-115","28380960","1753791471","0xa3bbc47a8373604a982fd86d5d1407a325f418fd6c2d2f1524428c57aa8476f5","0xddd77e91c222e36d4bd5ca8e78682a2172314197","0x0fba475e92cfef19f7dbada8ec2cce4ad7bbc0d9","0x16e1f6797aadf9a7840ae5577f04369c4bd19c51","553633217993079584775086"
"0xa3d4d81238f6bfa7421d8f408a5bc823f326c944c83b7926d384e43b95f9f9ba-26","28357948","1753777557","0xa3d4d81238f6bfa7421d8f408a5bc823f326c944c83b7926d384e43b95f9f9ba","0xddd77e91c222e36d4bd5ca8e78682a2172314197","0x0fba475e92cfef19f7dbada8ec2cce4ad7bbc0d9","0x72cdf4ad8b90acda8ae7711989f4bf54b6f4feac","553633217993079584775086"
"0xa3d4f735fbf5d627ed8733bf569a477c6fe3748eec23ffc4d2f105c41abdf61a-83","28390681","1753797276","0xa3d4f735fbf5d627ed8733bf569a477c6fe3748eec23ffc4d2f105c41abdf61a","0xddd77e91c222e36d4bd5ca8e78682a2172314197","0x0fba475e92cfef19f7dbada8ec2cce4ad7bbc0d9","0x964ecee685b613d198be950eef779d3ff8bfdb92","553633217993079584775086"
"0xa3d74aecb9b68c3ce98d819f1fbb03e8c7db9fa67073488fcc7ac39da7b52e40-194","28343183","1753768674","0xa3d74aecb9b68c3ce98d819f1fbb03e8c7db9fa67073488fcc7ac39da7b52e40","0xddd77e91c222e36d4bd5ca8e78682a2172314197","0x0fba475e92cfef19f7dbada8ec2cce4ad7bbc0d9","0x677dc4fa094239619e76240a52e9df09007a24a5","553633217993079584775086"
"0xa4130dad44816b3c63db378600658c8d3d7b5a446e2168bc454eeb8bfcfbf19b-636","28353636","1753774964","0xa4130dad44816b3c63db378600658c8d3d7b5a446e2168bc454eeb8bfcfbf19b","0xddd77e91c222e36d4bd5ca8e78682a2172314197","0x0fba475e92cfef19f7dbada8ec2cce4ad7bbc0d9","0xa38329064572b18d6bc7bdfbfc8c18d9f6fb9ae0","553633217993079584775086"
"0xa4387b7e2a2a62f86a695919347fe5d90e74f51773c95925230277a154ad1df0-70","28331919","1753761906","0xa4387b7e2a2a62f86a695919347fe5d90e74f51773c95925230277a154ad1df0","0xddd77e91c222e36d4bd5ca8e78682a2172314197","0x0fba475e92cfef19f7dbada8ec2cce4ad7bbc0d9","0x463c0864b8d11b39176a86635b92169c2cd10e2f","553633217993079584775086"
"0xa447cca8fdfe962825ba0b0ee88ca7e0ecd6c8354c93083f8c16e7b8830d1d81-98","28331763","1753761816","0xa447cca8fdfe962825ba0b0ee88ca7e0ecd6c8354c93083f8c16e7b8830d1d81","0xddd77e91c222e36d4bd5ca8e78682a2172314197","0x0fba475e92cfef19f7dbada8ec2cce4ad7bbc0d9","0x3641a467a8ba0a94e668c7922aed1ff5bf71c113","553633217993079584775086"
"0xa4641d6cc1ec9e63de373a4f1c9fcc5c3eab810a2c99fd6851bee083afac5d3f-101","28372075","1753786067","0xa4641d6cc1ec9e63de373a4f1c9fcc5c3eab810a2c99fd6851bee083afac5d3f","0xddd77e91c222e36d4bd5ca8e78682a2172314197","0x0fba475e92cfef19f7dbada8ec2cce4ad7bbc0d9","0xfd6b76faec2ae0738867c578492e9887dab61221","553633217993079584775086"
"0xa470bd0307440e6f7995a820f5f4e287522c2bebadeb19058e25123d6f0e44aa-4","28340552","1753767088","0xa470bd0307440e6f7995a820f5f4e287522c2bebadeb19058e25123d6f0e44aa","0xddd77e91c222e36d4bd5ca8e78682a2172314197","0x0fba475e92cfef19f7dbada8ec2cce4ad7bbc0d9","0x2dc301494617ad3e2c5d5a43c11fbb833327720b","553633217993079584775086"
"0xa47162bbce4e8a9fa5181236e55ca21459b463c4eee9e61aa1d78dfe63cef205-100","28376102","1753788516","0xa47162bbce4e8a9fa5181236e55ca21459b463c4eee9e61aa1d78dfe63cef205","0xddd77e91c222e36d4bd5ca8e78682a2172314197","0x0fba475e92cfef19f7dbada8ec2cce4ad7bbc0d9","0x84bd142b4010e45781416e3fa6d3b23ed3745760","553633217993079584775086"
"0xa476310dc6ae4a36dcca6e59180c4e0ff259fdf1c8f97761a6401d67390b1cbc-21","28398520","1753802023","0xa476310dc6ae4a36dcca6e59180c4e0ff259fdf1c8f97761a6401d67390b1cbc","0xddd77e91c222e36d4bd5ca8e78682a2172314197","0x0fba475e92cfef19f7dbada8ec2cce4ad7bbc0d9","0x098fd5e9eb1a24b12000a1497706c9e85b7a6458","553633217993079584775086"
"0xa4772144e9bfb83fa7690f50d367832fd31a8df48b63fd02c6e9f884843b773d-190","28341487","1753767649","0xa4772144e9bfb83fa7690f50d367832fd31a8df48b63fd02c6e9f884843b773d","0xddd77e91c222e36d4bd5ca8e78682a2172314197","0x0fba475e92cfef19f7dbada8ec2cce4ad7bbc0d9","0x73e1f39a3d0c8dacf54b5fe73b4017cae46cb16a","553633217993079584775086"
"0xa488d2b874816c5d72cc4057b1ac6feadd49acac67ca1f1bee5cb6d97d23ca78-68","28331571","1753761706","0xa488d2b874816c5d72cc4057b1ac6feadd49acac67ca1f1bee5cb6d97d23ca78","0xddd77e91c222e36d4bd5ca8e78682a2172314197","0x0fba475e92cfef19f7dbada8ec2cce4ad7bbc0d9","0xeacd798293d0779bf7971e281c578231fcee35ba","553633217993079584775086"
"0xa48ee360fdad0eda413c2676bdeed523f6ca597b9472c7ab95945c2f56fc29c4-95","28351789","1753773864","0xa48ee360fdad0eda413c2676bdeed523f6ca597b9472c7ab95945c2f56fc29c4","0xddd77e91c222e36d4bd5ca8e78682a2172314197","0x0fba475e92cfef19f7dbada8ec2cce4ad7bbc0d9","0xbcf2faf2c2a28d9e5173cbe3362ec81a4a41b6d8","553633217993079584775086"
"0xa4a09c762602a14646a5d4c3293dfd862240c2747b92c0623a36987ac3cf85b2-151","28330218","1753760879","0xa4a09c762602a14646a5d4c3293dfd862240c2747b92c0623a36987ac3cf85b2","0xddd77e91c222e36d4bd5ca8e78682a2172314197","0x0fba475e92cfef19f7dbada8ec2cce4ad7bbc0d9","0xef8191a698d527fbffc6e1205bd34105445999d5","553633217993079584775086"
"0xa4bea7ee94791137228f258c9e9173c29952fcf57315bdecffc561ce5a6d8a1b-511","28339636","1753766568","0xa4bea7ee94791137228f258c9e9173c29952fcf57315bdecffc561ce5a6d8a1b","0xddd77e91c222e36d4bd5ca8e78682a2172314197","0x0fba475e92cfef19f7dbada8ec2cce4ad7bbc0d9","0xb1fe830bf3f1a3f7aee55b13b0cc7f9ff5415966","553633217993079584775086"
"0xa4e27b67e617515c36b4861344a7a14d83bd85ecfaf81280460ee5d9373c186d-13","28373222","1753786762","0xa4e27b67e617515c36b4861344a7a14d83bd85ecfaf81280460ee5d9373c186d","0xddd77e91c222e36d4bd5ca8e78682a2172314197","0x0fba475e92cfef19f7dbada8ec2cce4ad7bbc0d9","0x1f96a7b7674a93b918ae05e5f0f40a978fa347c9","553633217993079584775086"
"0xa4e4fb70ffe851d31759981d845af267af1a6698b8ab56290b1fa7eeb45a3321-860","28399910","1753802896","0xa4e4fb70ffe851d31759981d845af267af1a6698b8ab56290b1fa7eeb45a3321","0xddd77e91c222e36d4bd5ca8e78682a2172314197","0x0fba475e92cfef19f7dbada8ec2cce4ad7bbc0d9","0x949259a4cb5dac0b02a81ca6857de3c56ba4ccea","553633217993079584775086"
"0xa4f78720d3b249c3720923078cbb52d3e85534c0c86a7bda3de1168025185020-33","28400797","1753803442","0xa4f78720d3b249c3720923078cbb52d3e85534c0c86a7bda3de1168025185020","0xddd77e91c222e36d4bd5ca8e78682a2172314197","0x0fba475e92cfef19f7dbada8ec2cce4ad7bbc0d9","0xdce6323d180f546f8c0bea427f0a00188dbe8c01","553633217993079584775086"
"0xa5356f598a33b36b8da6a550b44f0f839b0f4804953cf367e04102daa579eab2-63","28361790","1753779876","0xa5356f598a33b36b8da6a550b44f0f839b0f4804953cf367e04102daa579eab2","0xddd77e91c222e36d4bd5ca8e78682a2172314197","0x0fba475e92cfef19f7dbada8ec2cce4ad7bbc0d9","0x4a7f182f01eada833a0ae2d954f58fb61c7e656c","553633217993079584775086"
"0xa584948f26b122cbaf40a63c8241e1bb89b5d9f343276a15a4e43a9acc55632d-14","28357599","1753777350","0xa584948f26b122cbaf40a63c8241e1bb89b5d9f343276a15a4e43a9acc55632d","0xddd77e91c222e36d4bd5ca8e78682a2172314197","0x0fba475e92cfef19f7dbada8ec2cce4ad7bbc0d9","0xf4afa804a758515f2d2e5aaa1d9863f532785930","553633217993079584775086"
"0xa584df36d4e4f95278771a07a74bf3b49ef2b9b5c2cdbd4838ed189c9ef4544e-627","28403033","1753804819","0xa584df36d4e4f95278771a07a74bf3b49ef2b9b5c2cdbd4838ed189c9ef4544e","0xddd77e91c222e36d4bd5ca8e78682a2172314197","0x0fba475e92cfef19f7dbada8ec2cce4ad7bbc0d9","0x29a1ec9f9232375f76e29542ed1a206b82ef4d85","553633217993079584775086"
"0xa5ad276097b6fdd9a18426c8e513a27909a69526e2511c84405143d58a6fc365-117","28359872","1753778722","0xa5ad276097b6fdd9a18426c8e513a27909a69526e2511c84405143d58a6fc365","0xddd77e91c222e36d4bd5ca8e78682a2172314197","0x0fba475e92cfef19f7dbada8ec2cce4ad7bbc0d9","0x8d252734ab40387838d4dc855a41972ea89d16a4","553633217993079584775086"
"0xa5b29cd98bcbea4da19356198ce451b4031292f75d5c8679ed28e00e1fac1112-92","28342001","1753767938","0xa5b29cd98bcbea4da19356198ce451b4031292f75d5c8679ed28e00e1fac1112","0xddd77e91c222e36d4bd5ca8e78682a2172314197","0x0fba475e92cfef19f7dbada8ec2cce4ad7bbc0d9","0xab3c1311400a674cc8eedbf98fd0bc92f5008248","553633217993079584775086"
"0xa5c0bb489f55d6e53b92f5449fed805e6d3cf78e6f49cd27240cf97fa47a74ae-58","28331378","1753761597","0xa5c0bb489f55d6e53b92f5449fed805e6d3cf78e6f49cd27240cf97fa47a74ae","0xddd77e91c222e36d4bd5ca8e78682a2172314197","0x0fba475e92cfef19f7dbada8ec2cce4ad7bbc0d9","0xa032d9816b83cf9ca5f90a26da65fd571a3c7416","553633217993079584775086"
"0xa5c6b2ab901a7cf012b88763d091366a552b4f2c2dfeedee97d75a317336a72d-138","28334989","1753763771","0xa5c6b2ab901a7cf012b88763d091366a552b4f2c2dfeedee97d75a317336a72d","0xddd77e91c222e36d4bd5ca8e78682a2172314197","0x0fba475e92cfef19f7dbada8ec2cce4ad7bbc0d9","0x97737f0ad2d359c4cd4b2c32dece0a7b01bc406d","553633217993079584775086"
"0xa5d2caa533163c9ba66a4cd22ce9da9d203c9fa87658dfa7958cd4e144df95c6-242","28334013","1753763146","0xa5d2caa533163c9ba66a4cd22ce9da9d203c9fa87658dfa7958cd4e144df95c6","0xddd77e91c222e36d4bd5ca8e78682a2172314197","0x0fba475e92cfef19f7dbada8ec2cce4ad7bbc0d9","0xe5313c05ebee79ddc3b1ccf0c861a1eb21da762d","553633217993079584775086"
"0xa5d5e413b4447dce940c62545aab4f772e8546b7e211a58c7a0f925d2ad28dca-7","28371031","1753785448","0xa5d5e413b4447dce940c62545aab4f772e8546b7e211a58c7a0f925d2ad28dca","0xddd77e91c222e36d4bd5ca8e78682a2172314197","0x0fba475e92cfef19f7dbada8ec2cce4ad7bbc0d9","0x16667fb647c9ea5aa8be20d8576fda63d1efe23d","553633217993079584775086"
"0xa5fb345f0294235dc0f861b025a110567494332ab911c65865f54c53cda4d684-54","28378156","1753789764","0xa5fb345f0294235dc0f861b025a110567494332ab911c65865f54c53cda4d684","0xddd77e91c222e36d4bd5ca8e78682a2172314197","0x0fba475e92cfef19f7dbada8ec2cce4ad7bbc0d9","0xe647898eeca8b8e564c25f19416767ee22bc953b","553633217993079584775086"
"0xa5fcac9713d87d16680fbe833f1faac3833089ba5eacf4b14e027ecb189ebaae-653","28362946","1753780579","0xa5fcac9713d87d16680fbe833f1faac3833089ba5eacf4b14e027ecb189ebaae","0xddd77e91c222e36d4bd5ca8e78682a2172314197","0x0fba475e92cfef19f7dbada8ec2cce4ad7bbc0d9","0xfb3d3b1cd1d1c87c9da6a3865b864cc92d0d38b2","553633217993079584775086"
"0xa600af214cc46d86cdb076456d3099be69b4498e0b198cbaba0dc00c6676d8fd-121","28345164","1753769878","0xa600af214cc46d86cdb076456d3099be69b4498e0b198cbaba0dc00c6676d8fd","0xddd77e91c222e36d4bd5ca8e78682a2172314197","0x0fba475e92cfef19f7dbada8ec2cce4ad7bbc0d9","0x5ac83a963edcbc68b99955a33fde87b2caa7ff48","553633217993079584775086"
"0xa617d486b85b007c2c79e5d9a98276b375ee14d7e108ca1920817bac7a4cde68-50","28360029","1753778817","0xa617d486b85b007c2c79e5d9a98276b375ee14d7e108ca1920817bac7a4cde68","0xddd77e91c222e36d4bd5ca8e78682a2172314197","0x0fba475e92cfef19f7dbada8ec2cce4ad7bbc0d9","0x090bdf2fc65742728cae054811151227b11eb451","553633217993079584775086"
"0xa6181450c5b237857a5223e0786e306fd695720f2263911bc6c9edc98235d1a9-501","28343902","1753769137","0xa6181450c5b237857a5223e0786e306fd695720f2263911bc6c9edc98235d1a9","0xddd77e91c222e36d4bd5ca8e78682a2172314197","0x0fba475e92cfef19f7dbada8ec2cce4ad7bbc0d9","0x8c7f620e54c3930322cb69d151d932c7d5652b14","553633217993079584775086"
"0xa61a3188e70064cb0752297b6d9e67cccc4596a7a5aabdd41326060b0dd8b4af-117","28333443","1753762804","0xa61a3188e70064cb0752297b6d9e67cccc4596a7a5aabdd41326060b0dd8b4af","0xddd77e91c222e36d4bd5ca8e78682a2172314197","0x0fba475e92cfef19f7dbada8ec2cce4ad7bbc0d9","0x59933e61ba55267d23647b1c6ad264c19aa77b41","553633217993079584775086"
"0xa62261f8a9671e1bffb1826641e3413cd48697b1d27cf5674cb7de088dbfd330-9","28360833","1753779307","0xa62261f8a9671e1bffb1826641e3413cd48697b1d27cf5674cb7de088dbfd330","0xddd77e91c222e36d4bd5ca8e78682a2172314197","0x0fba475e92cfef19f7dbada8ec2cce4ad7bbc0d9","0xcd02f3b11ebc6d98ec3fad5d125c2571e67976cf","553633217993079584775086"
"0xa638a05c9c829081ad94c1da50ee7abede2ff333ee3c437f0e71660679821cae-192","28374364","1753787464","0xa638a05c9c829081ad94c1da50ee7abede2ff333ee3c437f0e71660679821cae","0xddd77e91c222e36d4bd5ca8e78682a2172314197","0x0fba475e92cfef19f7dbada8ec2cce4ad7bbc0d9","0xf13e4cdcc44093b889aeb296086975ac9f8d7819","553633217993079584775086"
"0xa6469f958d39faa3f84c61183b9fb97c02bac1efb18541ed888b0fd133df3eb1-271","28330906","1753761307","0xa6469f958d39faa3f84c61183b9fb97c02bac1efb18541ed888b0fd133df3eb1","0xddd77e91c222e36d4bd5ca8e78682a2172314197","0x0fba475e92cfef19f7dbada8ec2cce4ad7bbc0d9","0xa29cdbbc00541d29a6496dbae257cc46e06671f6","553633217993079584775086"
"0xa648d3b5343d02012851e16f3321ce4c7db6b0023fa7fda66c6389d2def0f517-243","28400218","1753803088","0xa648d3b5343d02012851e16f3321ce4c7db6b0023fa7fda66c6389d2def0f517","0xddd77e91c222e36d4bd5ca8e78682a2172314197","0x0fba475e92cfef19f7dbada8ec2cce4ad7bbc0d9","0xc798f3eb502dc59f828a5f5ad863674f896792b5","553633217993079584775086"
"0xa6518cd03496bb2195ab38bc70d1fad60799abdf06ad7ee2f9056ba46304d5e2-426","28368992","1753784246","0xa6518cd03496bb2195ab38bc70d1fad60799abdf06ad7ee2f9056ba46304d5e2","0xddd77e91c222e36d4bd5ca8e78682a2172314197","0x0fba475e92cfef19f7dbada8ec2cce4ad7bbc0d9","0x849d14fb8fea52a113e1e73541efae887cd3731d","553633217993079584775086"
"0xa65c0e086a74aa6784044bae29127e62d71035c0d543ad751e5a0085375a817c-137","28342839","1753768451","0xa65c0e086a74aa6784044bae29127e62d71035c0d543ad751e5a0085375a817c","0xddd77e91c222e36d4bd5ca8e78682a2172314197","0x0fba475e92cfef19f7dbada8ec2cce4ad7bbc0d9","0x224455b6afa55a9e3c630e687e5c3a6891eeb01e","553633217993079584775086"
"0xa6a32e66cdf4d9ff65f3271fa0328c4e85db5b090a5f799a8270a453e4e4cf44-135","28392791","1753798558","0xa6a32e66cdf4d9ff65f3271fa0328c4e85db5b090a5f799a8270a453e4e4cf44","0xddd77e91c222e36d4bd5ca8e78682a2172314197","0x0fba475e92cfef19f7dbada8ec2cce4ad7bbc0d9","0x4dea6b5769127b4e5593a2b96f0f73e3e2d9a8ec","553633217993079584775086"
"0xa6c1b7335fa79c5c80cec0a4ef01ba75af05b086036f275c5554a0e5103213f3-12","28330577","1753761093","0xa6c1b7335fa79c5c80cec0a4ef01ba75af05b086036f275c5554a0e5103213f3","0xddd77e91c222e36d4bd5ca8e78682a2172314197","0x0fba475e92cfef19f7dbada8ec2cce4ad7bbc0d9","0xb67cec58c9bf5801b231b74d7cb5384ccd6f8faa","553633217993079584775086"
"0xa6c3193665e693cbe5fe1b0d19944b8f13234d68917fec8ad75c2eb0ca9b3c4f-36","28383318","1753792900","0xa6c3193665e693cbe5fe1b0d19944b8f13234d68917fec8ad75c2eb0ca9b3c4f","0xddd77e91c222e36d4bd5ca8e78682a2172314197","0x0fba475e92cfef19f7dbada8ec2cce4ad7bbc0d9","0xf0deac291ba322c47d8e8b27a621170d1055a746","553633217993079584775086"
"0xa6cad2b485bdba834ba1b89b562296c8243790741bfd071cc6aea3bc1523802f-75","28130259","1753640893","0xa6cad2b485bdba834ba1b89b562296c8243790741bfd071cc6aea3bc1523802f","0xddd77e91c222e36d4bd5ca8e78682a2172314197","0x0fba475e92cfef19f7dbada8ec2cce4ad7bbc0d9","0x92a93805eef9e123a1668562a382da5d0ad1f2a5","553633217993079584775086"
"0xa6cf9644227d63590a113434ae7fb5de18e0370e0d73ef148896667d131b22d6-185","28347856","1753771512","0xa6cf9644227d63590a113434ae7fb5de18e0370e0d73ef148896667d131b22d6","0xddd77e91c222e36d4bd5ca8e78682a2172314197","0x0fba475e92cfef19f7dbada8ec2cce4ad7bbc0d9","0x0b121e1e377fbb582611c237c241ba712fc0513e","553633217993079584775086"
"0xa6ea82294b25063dcd90279e1c94b5482711c1ed348b007e325458dbd30d102a-36","28380627","1753791268","0xa6ea82294b25063dcd90279e1c94b5482711c1ed348b007e325458dbd30d102a","0xddd77e91c222e36d4bd5ca8e78682a2172314197","0x0fba475e92cfef19f7dbada8ec2cce4ad7bbc0d9","0xacb03f220675feae4fa87ae4f41af56fb74d4ef6","553633217993079584775086"
"0xa705cce885431897bd0278be6d383f091691d62d59729c4b39fce5f5c443cb9a-305","28343786","1753769059","0xa705cce885431897bd0278be6d383f091691d62d59729c4b39fce5f5c443cb9a","0xddd77e91c222e36d4bd5ca8e78682a2172314197","0x0fba475e92cfef19f7dbada8ec2cce4ad7bbc0d9","0xa1896559456432572f86f480f2149bc60bddf99f","553633217993079584775086"
"0xa7114bbc42ae0f6a38da68702ef8a0ec5f427544665732a774f9b81c78fd078a-455","28341798","1753767827","0xa7114bbc42ae0f6a38da68702ef8a0ec5f427544665732a774f9b81c78fd078a","0xddd77e91c222e36d4bd5ca8e78682a2172314197","0x0fba475e92cfef19f7dbada8ec2cce4ad7bbc0d9","0x2fc4de5d4cf30d970f171b364b93d5033e09d761","553633217993079584775086"
"0xa730332d560b304ac7c33f6be56652b544cfdc9ff2085ce59a23e6700c9a6193-130","28339188","1753766299","0xa730332d560b304ac7c33f6be56652b544cfdc9ff2085ce59a23e6700c9a6193","0xddd77e91c222e36d4bd5ca8e78682a2172314197","0x0fba475e92cfef19f7dbada8ec2cce4ad7bbc0d9","0x671028ae7f9f366cfc5705c343b5fea48e3ac60c","553633217993079584775086"
"0xa73f91760ca779716b1d8d423c32eda0f3d92df2272e2d21fa67677f37a86a3c-103","28374232","1753787385","0xa73f91760ca779716b1d8d423c32eda0f3d92df2272e2d21fa67677f37a86a3c","0xddd77e91c222e36d4bd5ca8e78682a2172314197","0x0fba475e92cfef19f7dbada8ec2cce4ad7bbc0d9","0x20510e7f22e4b1ba3662e0a32463f2c2bf7bec2a","553633217993079584775086"
"0xa74f6ace4685401f743cc3056f0f10919dea7d830aee2b193a2424bf57bf3068-150","28390295","1753797034","0xa74f6ace4685401f743cc3056f0f10919dea7d830aee2b193a2424bf57bf3068","0xddd77e91c222e36d4bd5ca8e78682a2172314197","0x0fba475e92cfef19f7dbada8ec2cce4ad7bbc0d9","0x621438b1b2aef5eff104124e20d73be7967de55b","553633217993079584775086"
"0xa763e6207df2c6798b3067d995b004790cd96c8ac6caeff92ed6b764ebf94882-105","28381936","1753792061","0xa763e6207df2c6798b3067d995b004790cd96c8ac6caeff92ed6b764ebf94882","0xddd77e91c222e36d4bd5ca8e78682a2172314197","0x0fba475e92cfef19f7dbada8ec2cce4ad7bbc0d9","0x64e22e85c30e9a866a88b86608ca65271ca2bbc2","553633217993079584775086"
"0xa76d5c1b960d688424848edf8866c46f3456e8f19d090a5a0568ab548acff25d-5","28368716","1753784089","0xa76d5c1b960d688424848edf8866c46f3456e8f19d090a5a0568ab548acff25d","0xddd77e91c222e36d4bd5ca8e78682a2172314197","0x0fba475e92cfef19f7dbada8ec2cce4ad7bbc0d9","0x33a9ff4baab22474ce398e0b78af4d06840ce555","553633217993079584775086"
"0xa79854b135d13c985cac9efd7c7b997cdf2b93dd0953239f488be1f4e8e8fd71-76","28394825","1753799801","0xa79854b135d13c985cac9efd7c7b997cdf2b93dd0953239f488be1f4e8e8fd71","0xddd77e91c222e36d4bd5ca8e78682a2172314197","0x0fba475e92cfef19f7dbada8ec2cce4ad7bbc0d9","0x3af898149b800f12783911a3f4620a0f98f5001b","553633217993079584775086"
"0xa7a4523625d4b5759104ac8784e2747e82f12e6861f3c3dc4ee0e594271d4e02-27","28330987","1753761352","0xa7a4523625d4b5759104ac8784e2747e82f12e6861f3c3dc4ee0e594271d4e02","0xddd77e91c222e36d4bd5ca8e78682a2172314197","0x0fba475e92cfef19f7dbada8ec2cce4ad7bbc0d9","0x1babe60248878987884a6712ea5f99942dda03b5","553633217993079584775086"
"0xa7c2d0a5c6b6421d4ebd40818a79d6ddd4a655e67e4fd00261182188cfd41cc9-88","28336225","1753764519","0xa7c2d0a5c6b6421d4ebd40818a79d6ddd4a655e67e4fd00261182188cfd41cc9","0xddd77e91c222e36d4bd5ca8e78682a2172314197","0x0fba475e92cfef19f7dbada8ec2cce4ad7bbc0d9","0xd946a8e09d5443cfa783dcd9ef888e5e02d6efe9","553633217993079584775086"
"0xa7c3beda67945b512b5e10bc8f26bb72eaf7efa899a25cb93d67677f8a0f6923-97","28334632","1753763551","0xa7c3beda67945b512b5e10bc8f26bb72eaf7efa899a25cb93d67677f8a0f6923","0xddd77e91c222e36d4bd5ca8e78682a2172314197","0x0fba475e92cfef19f7dbada8ec2cce4ad7bbc0d9","0x3bbe2c84f6911aa1ab89b7b71979e76eb1b3863c","553633217993079584775086"
"0xa7d2b137b1147fd938a16a4045a981a0412692070b80e303b428243c46511a17-282","28353938","1753775133","0xa7d2b137b1147fd938a16a4045a981a0412692070b80e303b428243c46511a17","0xddd77e91c222e36d4bd5ca8e78682a2172314197","0x0fba475e92cfef19f7dbada8ec2cce4ad7bbc0d9","0xa9c4c3a08c074361b6c929e09700df0b7342f68b","553633217993079584775086"
"0xa7f8284a6df15b4cf2f163f651752740a6462fbd80ebb760a919750a5f24fe28-121","28350980","1753773378","0xa7f8284a6df15b4cf2f163f651752740a6462fbd80ebb760a919750a5f24fe28","0xddd77e91c222e36d4bd5ca8e78682a2172314197","0x0fba475e92cfef19f7dbada8ec2cce4ad7bbc0d9","0xd31a6982146c4b6935db450967380c282bd19172","553633217993079584775086"
"0xa831891392d61ac0ea4423e240ae6f84eb55a27a6019f78ff168e9d349ee985a-40","28349688","1753772596","0xa831891392d61ac0ea4423e240ae6f84eb55a27a6019f78ff168e9d349ee985a","0xddd77e91c222e36d4bd5ca8e78682a2172314197","0x0fba475e92cfef19f7dbada8ec2cce4ad7bbc0d9","0xafaf297af69b2c4cbc181b3feaddc5ba71f46cee","553633217993079584775086"
"0xa8858c2ac3719bf04008c4164198d3fae54a51e2c647877d73eb71e249878e55-16","28373175","1753786733","0xa8858c2ac3719bf04008c4164198d3fae54a51e2c647877d73eb71e249878e55","0xddd77e91c222e36d4bd5ca8e78682a2172314197","0x0fba475e92cfef19f7dbada8ec2cce4ad7bbc0d9","0xddf91726031142c92fa628693e924247961606d7","553633217993079584775086"
"0xa88ee8f19b4fb6db78eff3e4be4be744283449ab4b670242ef4ea2794f45df13-6","28129586","1753640491","0xa88ee8f19b4fb6db78eff3e4be4be744283449ab4b670242ef4ea2794f45df13","0xddd77e91c222e36d4bd5ca8e78682a2172314197","0x0fba475e92cfef19f7dbada8ec2cce4ad7bbc0d9","0xb9ae3cdfa1ca0484e24e465df7f49adbd175b642","553633217993079584775086"
"0xa8953ecaf1e728cd198a9ab95fad0923994efa20496ced39c6d7a9b335ea2cab-78","28350934","1753773347","0xa8953ecaf1e728cd198a9ab95fad0923994efa20496ced39c6d7a9b335ea2cab","0xddd77e91c222e36d4bd5ca8e78682a2172314197","0x0fba475e92cfef19f7dbada8ec2cce4ad7bbc0d9","0x63aef5349dc7e94a23929a5a9e159b763ee147ca","553633217993079584775086"
"0xa89691284730e34ef09200c231417efbe3fbfb7b3e5959c62813b5804aab784b-92","28398571","1753802053","0xa89691284730e34ef09200c231417efbe3fbfb7b3e5959c62813b5804aab784b","0xddd77e91c222e36d4bd5ca8e78682a2172314197","0x0fba475e92cfef19f7dbada8ec2cce4ad7bbc0d9","0xac18594ea9a12847fbf840349e089a15053d7b5f","553633217993079584775086"
"0xa89902736070aa5856844e3d974aec6a03381a9c069e03a12187b1ec7136bceb-26","28338057","1753765593","0xa89902736070aa5856844e3d974aec6a03381a9c069e03a12187b1ec7136bceb","0xddd77e91c222e36d4bd5ca8e78682a2172314197","0x0fba475e92cfef19f7dbada8ec2cce4ad7bbc0d9","0x8fe93c766d930e50b08244821006b5b6b393abe1","553633217993079584775086"
"0xa8e115cf98835e68e9cb0fb14e4977743b7226fa8914a844ab28bd408c899ca9-3","28377903","1753789612","0xa8e115cf98835e68e9cb0fb14e4977743b7226fa8914a844ab28bd408c899ca9","0xddd77e91c222e36d4bd5ca8e78682a2172314197","0x0fba475e92cfef19f7dbada8ec2cce4ad7bbc0d9","0xeabb9a86894996b738200e3418196868b4ea231c","553633217993079584775086"
"0xa8e37918b057e698aa997b7c1c8b8cb47679d8a419e086270a75dec3798c998a-118","28362584","1753780369","0xa8e37918b057e698aa997b7c1c8b8cb47679d8a419e086270a75dec3798c998a","0xddd77e91c222e36d4bd5ca8e78682a2172314197","0x0fba475e92cfef19f7dbada8ec2cce4ad7bbc0d9","0xcfc4c95591e75b59bae85b7274f9b7622d2d91f9","553633217993079584775086"
"0xa8e5e495d29337a82b4b6a68458df65cb3e6751ad5509c55e7270e95bf53b109-79","28354072","1753775209","0xa8e5e495d29337a82b4b6a68458df65cb3e6751ad5509c55e7270e95bf53b109","0xddd77e91c222e36d4bd5ca8e78682a2172314197","0x0fba475e92cfef19f7dbada8ec2cce4ad7bbc0d9","0xcacc141576544e577dd620c1707e562592bb3096","553633217993079584775086"
"0xa8f9fa1cb4ed765a7b4f00178d5216a1679a042d1882098d94069c2439498775-170","28370121","1753784908","0xa8f9fa1cb4ed765a7b4f00178d5216a1679a042d1882098d94069c2439498775","0xddd77e91c222e36d4bd5ca8e78682a2172314197","0x0fba475e92cfef19f7dbada8ec2cce4ad7bbc0d9","0x04d450387962208c506e888b81807a043a79d6e4","553633217993079584775086"
"0xa8fe163f50f44fa49551a3795f5ee13903c16cac08fd15f6da743d7a04faba43-58","28378156","1753789764","0xa8fe163f50f44fa49551a3795f5ee13903c16cac08fd15f6da743d7a04faba43","0xddd77e91c222e36d4bd5ca8e78682a2172314197","0x0fba475e92cfef19f7dbada8ec2cce4ad7bbc0d9","0xb1f87a2e4ed22f0bbef378bab670c6f56e55e96e","553633217993079584775086"
"0xa977fff1b093c95734e5b5eabf64e06f25e621f009c44d38e731edcdcaca0ca7-53","28373347","1753786838","0xa977fff1b093c95734e5b5eabf64e06f25e621f009c44d38e731edcdcaca0ca7","0xddd77e91c222e36d4bd5ca8e78682a2172314197","0x0fba475e92cfef19f7dbada8ec2cce4ad7bbc0d9","0xc79290d282f4f2ae9fe225dd094714391cf80843","553633217993079584775086"
"0xa979adf8398644ad3ffee235a2e521997537b90a19d571fa56040549f6a93124-22","28356639","1753776759","0xa979adf8398644ad3ffee235a2e521997537b90a19d571fa56040549f6a93124","0xddd77e91c222e36d4bd5ca8e78682a2172314197","0x0fba475e92cfef19f7dbada8ec2cce4ad7bbc0d9","0x3b6f062983aa0d6a8c4a32af4f7605b68607c024","553633217993079584775086"
"0xa98379551151b45694bd31ff095ee378046efdea2ac632b2c690a1450d6ca422-163","28351391","1753773619","0xa98379551151b45694bd31ff095ee378046efdea2ac632b2c690a1450d6ca422","0xddd77e91c222e36d4bd5ca8e78682a2172314197","0x0fba475e92cfef19f7dbada8ec2cce4ad7bbc0d9","0xb4e58bd23010c733134658d7f5be7636deeb48a3","553633217993079584775086"
"0xa9b2597a220769c61edd3b244cde1916c4aead73ac73fc79008558c0ece892ad-129","28385644","1753794283","0xa9b2597a220769c61edd3b244cde1916c4aead73ac73fc79008558c0ece892ad","0xddd77e91c222e36d4bd5ca8e78682a2172314197","0x0fba475e92cfef19f7dbada8ec2cce4ad7bbc0d9","0xc6ef143fbe10ccd1bde7554fa9ce3e5362caff19","553633217993079584775086"
"0xa9c274d18e45c12e268028792739a97885bd66e0004e499b78ccd87935b274b1-177","28348189","1753771730","0xa9c274d18e45c12e268028792739a97885bd66e0004e499b78ccd87935b274b1","0xddd77e91c222e36d4bd5ca8e78682a2172314197","0x0fba475e92cfef19f7dbada8ec2cce4ad7bbc0d9","0xf1863ce0e3a2a70b0f01a09a90248d5d1815873b","553633217993079584775086"
"0xa9f3bbd334a1303c60cfbf463052aa0c8a5b8e45195e0df64aa7bff75ec37a8e-198","28358783","1753778065","0xa9f3bbd334a1303c60cfbf463052aa0c8a5b8e45195e0df64aa7bff75ec37a8e","0xddd77e91c222e36d4bd5ca8e78682a2172314197","0x0fba475e92cfef19f7dbada8ec2cce4ad7bbc0d9","0x530adba9a83872cd85e854d7987739682c811fb6","553633217993079584775086"
"0xaa2265b1eb87e9092a77ce4d8d768d7ba2581c2a53f83a9ddd3f49d9e64e2585-3","28363408","1753780852","0xaa2265b1eb87e9092a77ce4d8d768d7ba2581c2a53f83a9ddd3f49d9e64e2585","0xddd77e91c222e36d4bd5ca8e78682a2172314197","0x0fba475e92cfef19f7dbada8ec2cce4ad7bbc0d9","0x4cb0bacc52cb277517a5dd64af9ed3fd166a1391","553633217993079584775086"
"0xaa2e48b29dabf2df2e044b99f75893ffa7694d2030d3b3f6968cdbcf3361c545-172","28381085","1753791544","0xaa2e48b29dabf2df2e044b99f75893ffa7694d2030d3b3f6968cdbcf3361c545","0xddd77e91c222e36d4bd5ca8e78682a2172314197","0x0fba475e92cfef19f7dbada8ec2cce4ad7bbc0d9","0xf9f5dcdd85cd848d0b97c8de5d9fa71d831b7ad3","553633217993079584775086"
"0xaa6c0ca0295ef7e0fae5432425c537f8ee0d7e2bdaf90171bf2bb7dd8db9e096-51","28376768","1753788923","0xaa6c0ca0295ef7e0fae5432425c537f8ee0d7e2bdaf90171bf2bb7dd8db9e096","0xddd77e91c222e36d4bd5ca8e78682a2172314197","0x0fba475e92cfef19f7dbada8ec2cce4ad7bbc0d9","0xfb44496ef7ce7dc94da1ec9f45115c80bba1778d","553633217993079584775086"
"0xaa80002f14381729cdb014b1bb37689dc1725273128ea9ae17bc252d0e709160-200","28386835","1753794965","0xaa80002f14381729cdb014b1bb37689dc1725273128ea9ae17bc252d0e709160","0xddd77e91c222e36d4bd5ca8e78682a2172314197","0x0fba475e92cfef19f7dbada8ec2cce4ad7bbc0d9","0x151eadbc60f10dccaa3bfa831e2d25abe9be7e41","553633217993079584775086"
"0xaaa2ab57cd04bc0ca19b1b83113f758c1b6d6952678aedf0a2212ed041202bed-38","28330558","1753761084","0xaaa2ab57cd04bc0ca19b1b83113f758c1b6d6952678aedf0a2212ed041202bed","0xddd77e91c222e36d4bd5ca8e78682a2172314197","0x0fba475e92cfef19f7dbada8ec2cce4ad7bbc0d9","0x28f07a28afb69aa5b81540f49dd3676c11c4ab36","553633217993079584775086"
"0xaaa2ec0cb7a1f87f766b9a6b45dd616a716ae7f94e3c58ec2cc93ff110bb6fbd-742","28347820","1753771487","0xaaa2ec0cb7a1f87f766b9a6b45dd616a716ae7f94e3c58ec2cc93ff110bb6fbd","0xddd77e91c222e36d4bd5ca8e78682a2172314197","0x0fba475e92cfef19f7dbada8ec2cce4ad7bbc0d9","0x40cde1e85a2e2724eecb328dcaff97cb0e877410","553633217993079584775086"
"0xaaa4c4742a0e8076ea5e0401f856261f5214ce05af498430443e370b3508e52b-659","28352286","1753774155","0xaaa4c4742a0e8076ea5e0401f856261f5214ce05af498430443e370b3508e52b","0xddd77e91c222e36d4bd5ca8e78682a2172314197","0x0fba475e92cfef19f7dbada8ec2cce4ad7bbc0d9","0xaf235bbde35427f289e6a7cbb895088264de68ff","553633217993079584775086"
"0xaab9d4293bb4a60f5c6de4c8b6ac982130684d4682e9376fdae3870c1d9df780-86","28332201","1753762074","0xaab9d4293bb4a60f5c6de4c8b6ac982130684d4682e9376fdae3870c1d9df780","0xddd77e91c222e36d4bd5ca8e78682a2172314197","0x0fba475e92cfef19f7dbada8ec2cce4ad7bbc0d9","0x3e9272aa687e510e1aa6153497fbd889e2784aec","553633217993079584775086"
"0xaaf595be2f71dc2716b1ee3e7a15e965f14ed032efed26d80fb4368f8a23a096-92","28386072","1753794521","0xaaf595be2f71dc2716b1ee3e7a15e965f14ed032efed26d80fb4368f8a23a096","0xddd77e91c222e36d4bd5ca8e78682a2172314197","0x0fba475e92cfef19f7dbada8ec2cce4ad7bbc0d9","0x320f87f4fdcc3615965b1ac421a6cac95becfd7a","553633217993079584775086"
"0xab477c60a0222c34f0c60aa8374f33828a41f37ae2e2ae7c7eda4d2f2cfb915d-313","28403024","1753804811","0xab477c60a0222c34f0c60aa8374f33828a41f37ae2e2ae7c7eda4d2f2cfb915d","0xddd77e91c222e36d4bd5ca8e78682a2172314197","0x0fba475e92cfef19f7dbada8ec2cce4ad7bbc0d9","0x2b7827188586df8c42eb3d265f1d957362aa62f1","553633217993079584775086"
"0xab47f0b0d4d77a67e43141e5848e16ddb6c1ae29c20504a8e3567be2c8ef007f-898","28365120","1753781875","0xab47f0b0d4d77a67e43141e5848e16ddb6c1ae29c20504a8e3567be2c8ef007f","0xddd77e91c222e36d4bd5ca8e78682a2172314197","0x0fba475e92cfef19f7dbada8ec2cce4ad7bbc0d9","0xdee5c954fb0b31c66593e3e6758b189bdabeec56","553633217993079584775086"
"0xab51765ae27c3f7adb7eb0da05525782482872cba54fbbbb4c1fcad54da6d6d6-64","28350276","1753772954","0xab51765ae27c3f7adb7eb0da05525782482872cba54fbbbb4c1fcad54da6d6d6","0xddd77e91c222e36d4bd5ca8e78682a2172314197","0x0fba475e92cfef19f7dbada8ec2cce4ad7bbc0d9","0xa75b828aff549fc4ff2392500d2a5034a08e2272","553633217993079584775086"
"0xab6f23e4342ac10333cfe4f9a8dedbecaedfb0ce875b4e48797f38351a8766e2-25","28348642","1753771990","0xab6f23e4342ac10333cfe4f9a8dedbecaedfb0ce875b4e48797f38351a8766e2","0xddd77e91c222e36d4bd5ca8e78682a2172314197","0x0fba475e92cfef19f7dbada8ec2cce4ad7bbc0d9","0x73a55fbdd5398750a0cc4c3aae94f60dce838fa6","553633217993079584775086"
"0xab7ea5f76c19f5a5aef492354b0b0ab2effc28fd0d2a9e802c339456fd56d588-142","28331922","1753761907","0xab7ea5f76c19f5a5aef492354b0b0ab2effc28fd0d2a9e802c339456fd56d588","0xddd77e91c222e36d4bd5ca8e78682a2172314197","0x0fba475e92cfef19f7dbada8ec2cce4ad7bbc0d9","0x39786c76037037fa6ad759780e501b65fc8b5b66","553633217993079584775086"
"0xab8729530a7c8039f970d8595c524a3a3a6a0a9195a89f783d8a4b88428be45c-764","28331492","1753761667","0xab8729530a7c8039f970d8595c524a3a3a6a0a9195a89f783d8a4b88428be45c","0xddd77e91c222e36d4bd5ca8e78682a2172314197","0x0fba475e92cfef19f7dbada8ec2cce4ad7bbc0d9","0x293dbb54c0fcbc5c5baa3580f1cc3df0dfb31051","553633217993079584775086"
"0xab8fbfb3845eaa3775223d9d3e4e820a3f704ea40ba90412eff3a045e6605fe5-515","28336220","1753764517","0xab8fbfb3845eaa3775223d9d3e4e820a3f704ea40ba90412eff3a045e6605fe5","0xddd77e91c222e36d4bd5ca8e78682a2172314197","0x0fba475e92cfef19f7dbada8ec2cce4ad7bbc0d9","0x1538525545bc29eee36a9b637d3143fa9b111a11","553633217993079584775086"
"0xabaecb9c1295cee749c0ceb461774d8002bd942d33cd2325ce63e0358dcbe710-39","28360655","1753779204","0xabaecb9c1295cee749c0ceb461774d8002bd942d33cd2325ce63e0358dcbe710","0xddd77e91c222e36d4bd5ca8e78682a2172314197","0x0fba475e92cfef19f7dbada8ec2cce4ad7bbc0d9","0x97e3f982e05b8ba09086f4848cad5e45aa28d687","553633217993079584775086"
"0xabb79a1000d0c9e46df0688d422d29023daa0778bde5ab15f0c604e3292b4b8a-58","28372739","1753786462","0xabb79a1000d0c9e46df0688d422d29023daa0778bde5ab15f0c604e3292b4b8a","0xddd77e91c222e36d4bd5ca8e78682a2172314197","0x0fba475e92cfef19f7dbada8ec2cce4ad7bbc0d9","0x14ed5f874e54170538da9cce63837fde85797050","553633217993079584775086"
"0xabc91be5ed8e27800d1f9da82e3d2fcd4fa3c425c53a334d4e7f6992b3d43033-225","28352333","1753774185","0xabc91be5ed8e27800d1f9da82e3d2fcd4fa3c425c53a334d4e7f6992b3d43033","0xddd77e91c222e36d4bd5ca8e78682a2172314197","0x0fba475e92cfef19f7dbada8ec2cce4ad7bbc0d9","0x9c1c00a2a2a8a5ae1ea4d55a05c40fccc7c75f66","553633217993079584775086"
"0xabd1ace44b7fd3d7fb6fcafda4f9637c0b5da48f8d0100282daf1a77bbdff558-83","28129612","1753640504","0xabd1ace44b7fd3d7fb6fcafda4f9637c0b5da48f8d0100282daf1a77bbdff558","0xddd77e91c222e36d4bd5ca8e78682a2172314197","0x0fba475e92cfef19f7dbada8ec2cce4ad7bbc0d9","0x68a6dd6783045c9dfd811f86709c6360dd3b09de","553633217993079584775086"
"0xabe92cdaa9d4928918c2f5d8fe1ffbecbad8b0eb759bd5725d254c4eeb96ba26-3","28355373","1753775993","0xabe92cdaa9d4928918c2f5d8fe1ffbecbad8b0eb759bd5725d254c4eeb96ba26","0xddd77e91c222e36d4bd5ca8e78682a2172314197","0x0fba475e92cfef19f7dbada8ec2cce4ad7bbc0d9","0xed5c9efa0dc7457a223a08a85c92c8bd948d9a7d","553633217993079584775086"
"0xabf46e9a26cb0fe5cee7d3d982bb285b83dd4c212aac5f2a1799cf1760a6488a-59","28338067","1753765598","0xabf46e9a26cb0fe5cee7d3d982bb285b83dd4c212aac5f2a1799cf1760a6488a","0xddd77e91c222e36d4bd5ca8e78682a2172314197","0x0fba475e92cfef19f7dbada8ec2cce4ad7bbc0d9","0x01cd62957a9f4423f5a87adee6719c71c0d72c51","553633217993079584775086"
"0xac05c0aa33f047fa78c85aca3d7483d65e8ae52105991e0bdc4045511597e9eb-46","28399842","1753802847","0xac05c0aa33f047fa78c85aca3d7483d65e8ae52105991e0bdc4045511597e9eb","0xddd77e91c222e36d4bd5ca8e78682a2172314197","0x0fba475e92cfef19f7dbada8ec2cce4ad7bbc0d9","0xc4f74a4d09ef90957b8cec9b206fa4a171a3b674","553633217993079584775086"
"0xac0af0e8b95fb67e1f7692d27e5b6dbfce3154ef24f8042634e76df42aed9b2a-71","28404460","1753805658","0xac0af0e8b95fb67e1f7692d27e5b6dbfce3154ef24f8042634e76df42aed9b2a","0xddd77e91c222e36d4bd5ca8e78682a2172314197","0x0fba475e92cfef19f7dbada8ec2cce4ad7bbc0d9","0x76af7f6fd239994df462488154bab99dd46d38f5","553633217993079584775086"
"0xac14fa1b70339d81d1faf4c8d0af80b5f0efa95a33e3a8eb28f80c3e3db5298b-52","28337548","1753765293","0xac14fa1b70339d81d1faf4c8d0af80b5f0efa95a33e3a8eb28f80c3e3db5298b","0xddd77e91c222e36d4bd5ca8e78682a2172314197","0x0fba475e92cfef19f7dbada8ec2cce4ad7bbc0d9","0xf6712bb0edf263cd2a265407bd8437648eda0ff5","553633217993079584775086"
"0xac347d1fd00545114e2fc4e3a7b4716db7a02d7329b228525357b1e9fb2f940b-61","28340166","1753766869","0xac347d1fd00545114e2fc4e3a7b4716db7a02d7329b228525357b1e9fb2f940b","0xddd77e91c222e36d4bd5ca8e78682a2172314197","0x0fba475e92cfef19f7dbada8ec2cce4ad7bbc0d9","0xf95c92786ae4ea27a225243cf11eb365018795fe","553633217993079584775086"
"0xac389ff2a867215f77fe3bb1cf579afb429cb8754c78c387325c923bf77e4a38-108","28137362","1753645162","0xac389ff2a867215f77fe3bb1cf579afb429cb8754c78c387325c923bf77e4a38","0xddd77e91c222e36d4bd5ca8e78682a2172314197","0x0fba475e92cfef19f7dbada8ec2cce4ad7bbc0d9","0xd026b2109c2341e2d3445e0a6d6b41a022f318f3","553633217993079584775086"
"0xac749e036b86bb9e42d5a73e680e9fc30a6b045099cabf09973b2d8fe317c732-7","28387660","1753795415","0xac749e036b86bb9e42d5a73e680e9fc30a6b045099cabf09973b2d8fe317c732","0xddd77e91c222e36d4bd5ca8e78682a2172314197","0x0fba475e92cfef19f7dbada8ec2cce4ad7bbc0d9","0xba9da0d3990743f419afd06622b81cbfc7e29e4d","553633217993079584775086"
"0xac80d4e210cea7b34f7ad1e9db07b2a5a46055b4d8c37df2cd2064d3f48cac8b-673","28354012","1753775180","0xac80d4e210cea7b34f7ad1e9db07b2a5a46055b4d8c37df2cd2064d3f48cac8b","0xddd77e91c222e36d4bd5ca8e78682a2172314197","0x0fba475e92cfef19f7dbada8ec2cce4ad7bbc0d9","0x546694782b87ca0120275a3ab96d91e423cb7ee2","553633217993079584775086"
"0xac8574824008d335083519e82b6ff7a30721f28559e52776ff50d7302fb942ae-100","28410053","1753809027","0xac8574824008d335083519e82b6ff7a30721f28559e52776ff50d7302fb942ae","0xddd77e91c222e36d4bd5ca8e78682a2172314197","0x0fba475e92cfef19f7dbada8ec2cce4ad7bbc0d9","0xec2e6814e5b425b498e8f0dd06ce604b7c632ee2","553633217993079584775086"
"0xacd42ba56de438e398872c9dbad4e1ab9fc35f3e2412121fcd6bf05d810b79c5-7","28338506","1753765859","0xacd42ba56de438e398872c9dbad4e1ab9fc35f3e2412121fcd6bf05d810b79c5","0xddd77e91c222e36d4bd5ca8e78682a2172314197","0x0fba475e92cfef19f7dbada8ec2cce4ad7bbc0d9","0xdee97139c339aca5f383be4321fddc62b11e3bcd","553633217993079584775086"
"0xacdb84e5004a272e916b7cbc047e8c81e97690095495d74a42da89cf403a7831-70","28398230","1753801848","0xacdb84e5004a272e916b7cbc047e8c81e97690095495d74a42da89cf403a7831","0xddd77e91c222e36d4bd5ca8e78682a2172314197","0x0fba475e92cfef19f7dbada8ec2cce4ad7bbc0d9","0x6cf118edd483119cb8448ee3692e20e30e8a30c3","553633217993079584775086"
"0xacf6c680f0334527060c8ac39726da9339e0215e302e3e63c7224ed584cf6cd9-44","28395333","1753800112","0xacf6c680f0334527060c8ac39726da9339e0215e302e3e63c7224ed584cf6cd9","0xddd77e91c222e36d4bd5ca8e78682a2172314197","0x0fba475e92cfef19f7dbada8ec2cce4ad7bbc0d9","0x460dfcc140e0ade7a5bfe1c3090519ab4a1cc620","553633217993079584775086"
"0xad0394a93092f2762bc52119204c95cd3c575893714b46f2bf7f0d0a6d75b3ba-3","28330450","1753761018","0xad0394a93092f2762bc52119204c95cd3c575893714b46f2bf7f0d0a6d75b3ba","0xddd77e91c222e36d4bd5ca8e78682a2172314197","0x0fba475e92cfef19f7dbada8ec2cce4ad7bbc0d9","0x1e6ec95bb32367e2cf0042a6d491ed478c127db6","553633217993079584775086"
"0xad0ab05bebe5ddfdca09ffa2bc75cc0d6b1814f994ab9b9cca9579963fd9cc7f-7","28393686","1753799111","0xad0ab05bebe5ddfdca09ffa2bc75cc0d6b1814f994ab9b9cca9579963fd9cc7f","0xddd77e91c222e36d4bd5ca8e78682a2172314197","0x0fba475e92cfef19f7dbada8ec2cce4ad7bbc0d9","0x4b0d7d7688c99286c593a1752730708fef1f33bb","553633217993079584775086"
"0xad358ca59e44f389c9ccafc9ba2280e1e20bf160d5562b64b8492feb778b81f4-60","28330659","1753761143","0xad358ca59e44f389c9ccafc9ba2280e1e20bf160d5562b64b8492feb778b81f4","0xddd77e91c222e36d4bd5ca8e78682a2172314197","0x0fba475e92cfef19f7dbada8ec2cce4ad7bbc0d9","0xf0b44216cf3ceaa2caa78cc6a412891cc4dd4299","553633217993079584775086"
"0xad581ba08f99d8a6f1d9f600cbd09ce6b2c3a8ddb717cce7d32e32ff774d09d1-15","28363885","1753781148","0xad581ba08f99d8a6f1d9f600cbd09ce6b2c3a8ddb717cce7d32e32ff774d09d1","0xddd77e91c222e36d4bd5ca8e78682a2172314197","0x0fba475e92cfef19f7dbada8ec2cce4ad7bbc0d9","0x6f107bcc58217509af2b55cdc1b6a3d2a3e8949d","553633217993079584775086"
"0xad7bddabdfac0e93a8d0b96e7353b08a3bf8566ec64a5dfde02c467d85446b39-707","28350926","1753773343","0xad7bddabdfac0e93a8d0b96e7353b08a3bf8566ec64a5dfde02c467d85446b39","0xddd77e91c222e36d4bd5ca8e78682a2172314197","0x0fba475e92cfef19f7dbada8ec2cce4ad7bbc0d9","0x9aa9c6a9998ec4b7d00e9d4d0c937d09cbca962c","553633217993079584775086"
"0xada2ca8d221365d291047e67415f7afe57ac056e447c931cb07d1ee6378b8236-3","28365925","1753782374","0xada2ca8d221365d291047e67415f7afe57ac056e447c931cb07d1ee6378b8236","0xddd77e91c222e36d4bd5ca8e78682a2172314197","0x0fba475e92cfef19f7dbada8ec2cce4ad7bbc0d9","0x820d28221aeb6edf552a0ff9cc6e06abd2e9cad4","553633217993079584775086"
"0xae042745d9562b7fbc49ea078036f41cf4d6e9e343f2247ba1aefe6fb19dd500-13","28381015","1753791504","0xae042745d9562b7fbc49ea078036f41cf4d6e9e343f2247ba1aefe6fb19dd500","0xddd77e91c222e36d4bd5ca8e78682a2172314197","0x0fba475e92cfef19f7dbada8ec2cce4ad7bbc0d9","0x0dd2ff08a1d4ccd1c41d41f091ae6f673738037f","553633217993079584775086"
"0xae047063e660657bcedc4a8a2aa13110002d02f088e71a9696250dfc012b1d8f-274","28358596","1753777946","0xae047063e660657bcedc4a8a2aa13110002d02f088e71a9696250dfc012b1d8f","0xddd77e91c222e36d4bd5ca8e78682a2172314197","0x0fba475e92cfef19f7dbada8ec2cce4ad7bbc0d9","0xe161f3b3a8c817f78de0821e442df837e21f782b","553633217993079584775086"
"0xae19f9cf5669c56dfbda38c9f31942268bd085d8f365d61ec2e686b20995cd21-173","28354053","1753775200","0xae19f9cf5669c56dfbda38c9f31942268bd085d8f365d61ec2e686b20995cd21","0xddd77e91c222e36d4bd5ca8e78682a2172314197","0x0fba475e92cfef19f7dbada8ec2cce4ad7bbc0d9","0x62a35c181d16f007ffd3121fb3d03e5e18ee94e2","553633217993079584775086"
"0xae360e391e8dbcf5bcb63c331a100dba4472e0ac0767231431a7484560194a5e-122","28378673","1753790084","0xae360e391e8dbcf5bcb63c331a100dba4472e0ac0767231431a7484560194a5e","0xddd77e91c222e36d4bd5ca8e78682a2172314197","0x0fba475e92cfef19f7dbada8ec2cce4ad7bbc0d9","0x065159cf2b0c3d502f19e48c2a8deffc41a00e3a","553633217993079584775086"
"0xae468d55e40a64629e05412778b282a264cec63818fe862efcfad4f97d25fd3d-143","28368453","1753783906","0xae468d55e40a64629e05412778b282a264cec63818fe862efcfad4f97d25fd3d","0xddd77e91c222e36d4bd5ca8e78682a2172314197","0x0fba475e92cfef19f7dbada8ec2cce4ad7bbc0d9","0x8f0ad4d033ab8b0fe8df87c7b0af9f070ef6a4e1","553633217993079584775086"
"0xae86b60f4e7fdef8d9cb9cba5b491acb546df8a83dfbcd93cc94e782358cb6c8-83","28405670","1753806390","0xae86b60f4e7fdef8d9cb9cba5b491acb546df8a83dfbcd93cc94e782358cb6c8","0xddd77e91c222e36d4bd5ca8e78682a2172314197","0x0fba475e92cfef19f7dbada8ec2cce4ad7bbc0d9","0x88ccb7e871f6472768406ae850a73e1fbf85fa3b","553633217993079584775086"
"0xae9b2f6b2cb7bece10e08de4f560920d8215058e8d15a973c15d5caac1305002-159","28387860","1753795537","0xae9b2f6b2cb7bece10e08de4f560920d8215058e8d15a973c15d5caac1305002","0xddd77e91c222e36d4bd5ca8e78682a2172314197","0x0fba475e92cfef19f7dbada8ec2cce4ad7bbc0d9","0xd381932ef72fca51a6a23ffdd3b5e344f63e2b89","553633217993079584775086"
"0xaea826d42d2e1d2386b2f612d052408c6905804c04a78312a372782331977553-10","28331284","1753761538","0xaea826d42d2e1d2386b2f612d052408c6905804c04a78312a372782331977553","0xddd77e91c222e36d4bd5ca8e78682a2172314197","0x0fba475e92cfef19f7dbada8ec2cce4ad7bbc0d9","0x22480a8c29ba2d92643dcfde2c6a9ad1339f08a2","553633217993079584775086"
"0xaeb7bb53b42fa0b689b881b65d1390a24d2d95f080a547fc050b56eea7eb55e9-140","28377066","1753789108","0xaeb7bb53b42fa0b689b881b65d1390a24d2d95f080a547fc050b56eea7eb55e9","0xddd77e91c222e36d4bd5ca8e78682a2172314197","0x0fba475e92cfef19f7dbada8ec2cce4ad7bbc0d9","0x344e803dc20722a148abc2d4863097cba9e6aa4d","553633217993079584775086"
"0xaed7d62b14fa9cd76c3490c862eebf2f99f0cee1f8dd88bb92cfcb44e811622c-245","28352333","1753774185","0xaed7d62b14fa9cd76c3490c862eebf2f99f0cee1f8dd88bb92cfcb44e811622c","0xddd77e91c222e36d4bd5ca8e78682a2172314197","0x0fba475e92cfef19f7dbada8ec2cce4ad7bbc0d9","0x50db68c0e3fce5db50ba0f2806a8029c052b4e14","553633217993079584775086"
"0xaef51256e72389bcc9ba96610f30d9e493c5b24923488ec56bd4c2e871e95d13-17","28374191","1753787362","0xaef51256e72389bcc9ba96610f30d9e493c5b24923488ec56bd4c2e871e95d13","0xddd77e91c222e36d4bd5ca8e78682a2172314197","0x0fba475e92cfef19f7dbada8ec2cce4ad7bbc0d9","0x4a1bae9f774da85920ba74eaba11584e963b5107","553633217993079584775086"
"0xaf2df28efdcb6317d6fb973cad0cfedf184e24c80e8c65c0e6129d2c4c94b563-144","28125557","1753638048","0xaf2df28efdcb6317d6fb973cad0cfedf184e24c80e8c65c0e6129d2c4c94b563","0xddd77e91c222e36d4bd5ca8e78682a2172314197","0x0fba475e92cfef19f7dbada8ec2cce4ad7bbc0d9","0xc20faba2a381f519d4cfc7861e264b55bc4cbdb3","553633217993079584775086"
"0xaf2f8b8d04e0602d55b9afa347a33b93d0bd529fefb4ad0fa1c13b08f9af5877-36","28382034","1753792127","0xaf2f8b8d04e0602d55b9afa347a33b93d0bd529fefb4ad0fa1c13b08f9af5877","0xddd77e91c222e36d4bd5ca8e78682a2172314197","0x0fba475e92cfef19f7dbada8ec2cce4ad7bbc0d9","0xd6a02bbcc789beca35b72bdf1092af64ce019193","553633217993079584775086"
"0xaf49eee44d9bfc1d61c837b67d6f370ba10ea2ce6b01a5de2049472e6f315f64-27","28397790","1753801584","0xaf49eee44d9bfc1d61c837b67d6f370ba10ea2ce6b01a5de2049472e6f315f64","0xddd77e91c222e36d4bd5ca8e78682a2172314197","0x0fba475e92cfef19f7dbada8ec2cce4ad7bbc0d9","0x2f182a2fc0dc7ef1dd8f2ca512fb83276de71272","553633217993079584775086"
"0xaf50387e49bd1a13b756e58b525becd64912974b9979a49a5b1d053f60b0361e-95","28350478","1753773067","0xaf50387e49bd1a13b756e58b525becd64912974b9979a49a5b1d053f60b0361e","0xddd77e91c222e36d4bd5ca8e78682a2172314197","0x0fba475e92cfef19f7dbada8ec2cce4ad7bbc0d9","0xd3e1e64061abb22f99199d7d219e0b0554c1bfc3","553633217993079584775086"
"0xaf762eeeac2133f3d48688d120cc27dbdb863e39d4c7650a0c96edf1dee898ac-245","28385987","1753794476","0xaf762eeeac2133f3d48688d120cc27dbdb863e39d4c7650a0c96edf1dee898ac","0xddd77e91c222e36d4bd5ca8e78682a2172314197","0x0fba475e92cfef19f7dbada8ec2cce4ad7bbc0d9","0x0b5a6ed2fa5cb81bf7a1a85e359607948e7b05a7","553633217993079584775086"
"0xaf9efcfb36132b71b182190eb2fa4c08657e092e2891203f93afe1d7a67cc6f7-107","28371511","1753785724","0xaf9efcfb36132b71b182190eb2fa4c08657e092e2891203f93afe1d7a67cc6f7","0xddd77e91c222e36d4bd5ca8e78682a2172314197","0x0fba475e92cfef19f7dbada8ec2cce4ad7bbc0d9","0x3d1660d74e8fe3ad65f1373d1baa9901fce27084","553633217993079584775086"
"0xafa5202b565eacea8bf278d82a3f1bb6891dede38edaa58a0896edb73ee8ff2b-120","28390276","1753797022","0xafa5202b565eacea8bf278d82a3f1bb6891dede38edaa58a0896edb73ee8ff2b","0xddd77e91c222e36d4bd5ca8e78682a2172314197","0x0fba475e92cfef19f7dbada8ec2cce4ad7bbc0d9","0x505506fcddaf6151343ab9d0d567204d409fd069","553633217993079584775086"
"0xafa83fa395dd8041fa8beb9b4ff3904509c16eb5fd8648de870107d9e5fa3858-23","28374192","1753787362","0xafa83fa395dd8041fa8beb9b4ff3904509c16eb5fd8648de870107d9e5fa3858","0xddd77e91c222e36d4bd5ca8e78682a2172314197","0x0fba475e92cfef19f7dbada8ec2cce4ad7bbc0d9","0x0068d9f97f2dc3385bd3efa711dd8b8223aa080d","553633217993079584775086"
"0xafb9b3c2605430a49c5f88839de83306b0b1e7eaee5dc8aef47fcfd3c18ad4d2-19","28347604","1753771344","0xafb9b3c2605430a49c5f88839de83306b0b1e7eaee5dc8aef47fcfd3c18ad4d2","0xddd77e91c222e36d4bd5ca8e78682a2172314197","0x0fba475e92cfef19f7dbada8ec2cce4ad7bbc0d9","0x14f22a3202fa7a9e869dc4f69dbf244aaf0d6cb5","553633217993079584775086"
"0xafca952743aa23ab5cef3e7ea78d4f8dd7f80ffef00dd84ad3ec211862e0717e-632","28335268","1753763933","0xafca952743aa23ab5cef3e7ea78d4f8dd7f80ffef00dd84ad3ec211862e0717e","0xddd77e91c222e36d4bd5ca8e78682a2172314197","0x0fba475e92cfef19f7dbada8ec2cce4ad7bbc0d9","0x7c4d298ff07153bc7a47dee05b9dfd61e35ef342","553633217993079584775086"
"0xafdb0493e676d5764b804d8703ebcce91013d7495ed4eed7d7c088fae2a12a77-88","28341910","1753767886","0xafdb0493e676d5764b804d8703ebcce91013d7495ed4eed7d7c088fae2a12a77","0xddd77e91c222e36d4bd5ca8e78682a2172314197","0x0fba475e92cfef19f7dbada8ec2cce4ad7bbc0d9","0x536210792f4a9a7bc1debb16a1dc7ca6e01fc802","553633217993079584775086"
"0xaff13c03b1af2d90d6322f75f2f29813d3abd5fec07ed364f1ac1e8b54f9da74-5","28333464","1753762814","0xaff13c03b1af2d90d6322f75f2f29813d3abd5fec07ed364f1ac1e8b54f9da74","0xddd77e91c222e36d4bd5ca8e78682a2172314197","0x0fba475e92cfef19f7dbada8ec2cce4ad7bbc0d9","0xb4a7fde6ba74bfd42f073c82f077f8bdf696f790","553633217993079584775086"
"0xb00d3f430d9d6c287645b90154a793d0508f99bbcc02957d3de1cd039eb13d91-50","28337995","1753765557","0xb00d3f430d9d6c287645b90154a793d0508f99bbcc02957d3de1cd039eb13d91","0xddd77e91c222e36d4bd5ca8e78682a2172314197","0x0fba475e92cfef19f7dbada8ec2cce4ad7bbc0d9","0xa6407f07ddcb47df58d1599f43695f20d68735fd","553633217993079584775086"
"0xb01654867fd40ecc1173002c63aa17c24dc89f26f3053c473a0221aae1973890-31","28378321","1753789866","0xb01654867fd40ecc1173002c63aa17c24dc89f26f3053c473a0221aae1973890","0xddd77e91c222e36d4bd5ca8e78682a2172314197","0x0fba475e92cfef19f7dbada8ec2cce4ad7bbc0d9","0x811d0f1e6593acfe155546eade82a6baf8c8e392","553633217993079584775086"
"0xb0386f2cad6d4295a4c30228e177b44f8369d9d330c4b01b2d6237982fb44769-147","28403288","1753804967","0xb0386f2cad6d4295a4c30228e177b44f8369d9d330c4b01b2d6237982fb44769","0xddd77e91c222e36d4bd5ca8e78682a2172314197","0x0fba475e92cfef19f7dbada8ec2cce4ad7bbc0d9","0xa32d25494de6c944161808ceb58d45db02586c95","553633217993079584775086"
"0xb04091f9d752d60c71e7eddda0fd7a56a5fab3fe82550f2c51e5169e86a5c707-585","28331999","1753761951","0xb04091f9d752d60c71e7eddda0fd7a56a5fab3fe82550f2c51e5169e86a5c707","0xddd77e91c222e36d4bd5ca8e78682a2172314197","0x0fba475e92cfef19f7dbada8ec2cce4ad7bbc0d9","0xffb4fed4862b442cec6fe7e48039af6dc02f2853","553633217993079584775086"
"0xb043060954f98c88fcfd4254b8f176f7963ff04f130ca9ecf0d522cfba776a34-3","28410004","1753808996","0xb043060954f98c88fcfd4254b8f176f7963ff04f130ca9ecf0d522cfba776a34","0xddd77e91c222e36d4bd5ca8e78682a2172314197","0x0fba475e92cfef19f7dbada8ec2cce4ad7bbc0d9","0xa52bf8419bcaadb0e035f94a7f7a68abd10fc180","553633217993079584775086"
"0xb05d79f198519cbb39a811bddf1a727f8e668de13f44e7fb2f738003dbcdee8c-29","28338036","1753765580","0xb05d79f198519cbb39a811bddf1a727f8e668de13f44e7fb2f738003dbcdee8c","0xddd77e91c222e36d4bd5ca8e78682a2172314197","0x0fba475e92cfef19f7dbada8ec2cce4ad7bbc0d9","0x41b86663b2d00e72d13b9c3ec4be18d84ea46cfd","553633217993079584775086"
"0xb088143e2303ae6bc1928f253babd4b3ee4cbe4a3c45df53e256d944d7397eb5-131","28354159","1753775264","0xb088143e2303ae6bc1928f253babd4b3ee4cbe4a3c45df53e256d944d7397eb5","0xddd77e91c222e36d4bd5ca8e78682a2172314197","0x0fba475e92cfef19f7dbada8ec2cce4ad7bbc0d9","0x059ac73aa8cbec7ca7d3a17481db9452527ec7c1","553633217993079584775086"
"0xb0a6c9812d6185687c8d288d8066fb53f6a60b52e3b70694b81649af671f0068-165","28394088","1753799362","0xb0a6c9812d6185687c8d288d8066fb53f6a60b52e3b70694b81649af671f0068","0xddd77e91c222e36d4bd5ca8e78682a2172314197","0x0fba475e92cfef19f7dbada8ec2cce4ad7bbc0d9","0xcd5b03814bc9d272a89a3608038f90fef7a3da11","553633217993079584775086"
"0xb0abab00d774884b3ce84923791cf9e1bf9752ee09000ff97f5e1c9958bb2190-25","28334367","1753763384","0xb0abab00d774884b3ce84923791cf9e1bf9752ee09000ff97f5e1c9958bb2190","0xddd77e91c222e36d4bd5ca8e78682a2172314197","0x0fba475e92cfef19f7dbada8ec2cce4ad7bbc0d9","0xa47ad31edf246ab0dd0d1f7f6d0d4bcfb361f0e2","553633217993079584775086"
"0xb0b35adb4e6fa1c9943f2d1d5788103dd0620e7f3c20079ea7f47c0672df2d00-123","28381427","1753791752","0xb0b35adb4e6fa1c9943f2d1d5788103dd0620e7f3c20079ea7f47c0672df2d00","0xddd77e91c222e36d4bd5ca8e78682a2172314197","0x0fba475e92cfef19f7dbada8ec2cce4ad7bbc0d9","0x8db48095a6c699a479e9a2cb6305f5a3c37090f7","553633217993079584775086"
"0xb0f581b28f04f4c7932dda8d8b3817c6342d4d9afc0626cbcdc8faeed3d31ca6-3","28343716","1753769019","0xb0f581b28f04f4c7932dda8d8b3817c6342d4d9afc0626cbcdc8faeed3d31ca6","0xddd77e91c222e36d4bd5ca8e78682a2172314197","0x0fba475e92cfef19f7dbada8ec2cce4ad7bbc0d9","0x972eca73241aaad12517460cf5590641b2e61c9d","553633217993079584775086"
"0xb0fdb0515aabf00b0a8a04cf12a5b3dccd8dc80948de63c5c5d43c12678f0780-47","28358874","1753778124","0xb0fdb0515aabf00b0a8a04cf12a5b3dccd8dc80948de63c5c5d43c12678f0780","0xddd77e91c222e36d4bd5ca8e78682a2172314197","0x0fba475e92cfef19f7dbada8ec2cce4ad7bbc0d9","0x786f5ff5c06639f4be3691b08ad68dcf35c598b0","553633217993079584775086"
"0xb11bea9e94c96bce7db5733c23735e8f8a81669701cdcc1ee6e72b823debf5e2-91","28367768","1753783502","0xb11bea9e94c96bce7db5733c23735e8f8a81669701cdcc1ee6e72b823debf5e2","0xddd77e91c222e36d4bd5ca8e78682a2172314197","0x0fba475e92cfef19f7dbada8ec2cce4ad7bbc0d9","0x5844c848b2fd8ae772fbace798c477c0c9fc1da4","553633217993079584775086"
"0xb134ec5de1e5d678f1bdaba44dfcb563e1b8615f91819a20060b0c667406f2f2-68","28333146","1753762632","0xb134ec5de1e5d678f1bdaba44dfcb563e1b8615f91819a20060b0c667406f2f2","0xddd77e91c222e36d4bd5ca8e78682a2172314197","0x0fba475e92cfef19f7dbada8ec2cce4ad7bbc0d9","0x1b00f8e2d412ff3f22ea490a7b53903fd50f0a67","553633217993079584775086"
"0xb141da73b95622fed5f4b6ba655585c6e17cae7678a101f64bff14e1fa4200c7-54","28341944","1753767903","0xb141da73b95622fed5f4b6ba655585c6e17cae7678a101f64bff14e1fa4200c7","0xddd77e91c222e36d4bd5ca8e78682a2172314197","0x0fba475e92cfef19f7dbada8ec2cce4ad7bbc0d9","0x6b524b99738c6b2e700bd27f4667d2369a04ea28","553633217993079584775086"
"0xb14f2d7765d0a5641d47a1b52dfe6ce309a4eec3431143657d33b624253e610c-48","28353835","1753775077","0xb14f2d7765d0a5641d47a1b52dfe6ce309a4eec3431143657d33b624253e610c","0xddd77e91c222e36d4bd5ca8e78682a2172314197","0x0fba475e92cfef19f7dbada8ec2cce4ad7bbc0d9","0xf6273dd7208492527b6617fae891484f428f28ca","553633217993079584775086"
"0xb15ce363fa1d5e0a396309f240ab29c4d7fe06e506b8d8648a5021c94f615468-33","28352231","1753774114","0xb15ce363fa1d5e0a396309f240ab29c4d7fe06e506b8d8648a5021c94f615468","0xddd77e91c222e36d4bd5ca8e78682a2172314197","0x0fba475e92cfef19f7dbada8ec2cce4ad7bbc0d9","0x3c18eb7f716966d9d15d741399487c513bd1a4c6","553633217993079584775086"
"0xb17bbaddc9b4ce77061b778e3479a804eea9bc34ec025ec8c6843b8f0e8100f1-44","28340116","1753766842","0xb17bbaddc9b4ce77061b778e3479a804eea9bc34ec025ec8c6843b8f0e8100f1","0xddd77e91c222e36d4bd5ca8e78682a2172314197","0x0fba475e92cfef19f7dbada8ec2cce4ad7bbc0d9","0x520923259008efd7f42c3979f8ae3c80316da0f6","553633217993079584775086"
"0xb181b26d7a939d5be4ab7692418f814e76b5278ded0610bb638e85ac02077526-30","28337474","1753765247","0xb181b26d7a939d5be4ab7692418f814e76b5278ded0610bb638e85ac02077526","0xddd77e91c222e36d4bd5ca8e78682a2172314197","0x0fba475e92cfef19f7dbada8ec2cce4ad7bbc0d9","0x00d76c696231328ca572ef0e102e9e359e7df788","553633217993079584775086"
"0xb18e394fe6c5bf6a6bc00b7351df4dd6609753decc3e517ac284c52db74fd214-10","28395554","1753800243","0xb18e394fe6c5bf6a6bc00b7351df4dd6609753decc3e517ac284c52db74fd214","0xddd77e91c222e36d4bd5ca8e78682a2172314197","0x0fba475e92cfef19f7dbada8ec2cce4ad7bbc0d9","0x2326747ecddef52b7957f0743ea43281f421d0f8","553633217993079584775086"
"0xb1990e50faa1c6e36392888243dc79fa28c30217d194a1ca6b5849d426329e72-82","28348050","1753771640","0xb1990e50faa1c6e36392888243dc79fa28c30217d194a1ca6b5849d426329e72","0xddd77e91c222e36d4bd5ca8e78682a2172314197","0x0fba475e92cfef19f7dbada8ec2cce4ad7bbc0d9","0x27664d507f13b65e2d3787ec3326081ef3be0b31","553633217993079584775086"
"0xb1c0cddb44406c4e5a9dbad1165050f5509ba47fb9c3f219ea187a99c0e5ade9-237","28350074","1753772833","0xb1c0cddb44406c4e5a9dbad1165050f5509ba47fb9c3f219ea187a99c0e5ade9","0xddd77e91c222e36d4bd5ca8e78682a2172314197","0x0fba475e92cfef19f7dbada8ec2cce4ad7bbc0d9","0xc22ba6fa64f856e6443aaa98b55ba39f4faf1115","553633217993079584775086"
"0xb1cbc2e43d69b2ef161603cc0187a138997b03acbd844affb5c76caa58131a6c-92","28349137","1753772266","0xb1cbc2e43d69b2ef161603cc0187a138997b03acbd844affb5c76caa58131a6c","0xddd77e91c222e36d4bd5ca8e78682a2172314197","0x0fba475e92cfef19f7dbada8ec2cce4ad7bbc0d9","0x72d153d49ef54d0b34d8aca76e6c6420d630f712","553633217993079584775086"
"0xb1df1662030db9f636d54bf536579182811547b790c9a9a134916e6060e72559-219","28381876","1753792022","0xb1df1662030db9f636d54bf536579182811547b790c9a9a134916e6060e72559","0xddd77e91c222e36d4bd5ca8e78682a2172314197","0x0fba475e92cfef19f7dbada8ec2cce4ad7bbc0d9","0xc41a443318d64928aab915668543c4ffe81ff63a","553633217993079584775086"
"0xb1ed22c7d611c11663e0cb8e5b98cbb3bb9ec1b22ffce565197c57f6c2ac25ef-265","28384367","1753793531","0xb1ed22c7d611c11663e0cb8e5b98cbb3bb9ec1b22ffce565197c57f6c2ac25ef","0xddd77e91c222e36d4bd5ca8e78682a2172314197","0x0fba475e92cfef19f7dbada8ec2cce4ad7bbc0d9","0x0c12c95d1ee8f365e8c4f029d1571629bc684fce","553633217993079584775086"
"0xb20163685716e7ac32581c444348c7a7236cd662c5b10b0b12486f534ab59b48-58","28355482","1753776065","0xb20163685716e7ac32581c444348c7a7236cd662c5b10b0b12486f534ab59b48","0xddd77e91c222e36d4bd5ca8e78682a2172314197","0x0fba475e92cfef19f7dbada8ec2cce4ad7bbc0d9","0xf35aa00df2e453b3f513a937751b711e5ac1051e","553633217993079584775086"
"0xb20b511c48d27ee9293486fb0f670b2af630d8a39dccd7698663821be6a4cc3e-160","28367390","1753783276","0xb20b511c48d27ee9293486fb0f670b2af630d8a39dccd7698663821be6a4cc3e","0xddd77e91c222e36d4bd5ca8e78682a2172314197","0x0fba475e92cfef19f7dbada8ec2cce4ad7bbc0d9","0x79eaee9e4a455c699c6ae35462d60731325323df","553633217993079584775086"
"0xb21ebecfe464c6af9604671b373d0de062e2ba1450e2dd3e526345fdd96c9dd5-60","28378879","1753790202","0xb21ebecfe464c6af9604671b373d0de062e2ba1450e2dd3e526345fdd96c9dd5","0xddd77e91c222e36d4bd5ca8e78682a2172314197","0x0fba475e92cfef19f7dbada8ec2cce4ad7bbc0d9","0xf1cda3949983a25d0a21bf7cd5afd8e5872d82bd","553633217993079584775086"
"0xb222110f4e5660d01ddeaf346eb3416ee7c51c75f0d542b5807201eed815ec06-190","28391883","1753798035","0xb222110f4e5660d01ddeaf346eb3416ee7c51c75f0d542b5807201eed815ec06","0xddd77e91c222e36d4bd5ca8e78682a2172314197","0x0fba475e92cfef19f7dbada8ec2cce4ad7bbc0d9","0x90be2017c39f8ffbf67edbfc35d2a57f58930bef","553633217993079584775086"
"0xb2574d513fd56578e781d71ecd72524d17facd59ba45c479fa8c05e570a7adc0-3","28385611","1753794266","0xb2574d513fd56578e781d71ecd72524d17facd59ba45c479fa8c05e570a7adc0","0xddd77e91c222e36d4bd5ca8e78682a2172314197","0x0fba475e92cfef19f7dbada8ec2cce4ad7bbc0d9","0xf13d5bb2965e5d082e0a4fc44a52210e97471ca7","553633217993079584775086"
"0xb2a0bf6cae9546477115877bd378f7ee0344aa0101822c843e00bcbb3362a988-61","28334310","1753763351","0xb2a0bf6cae9546477115877bd378f7ee0344aa0101822c843e00bcbb3362a988","0xddd77e91c222e36d4bd5ca8e78682a2172314197","0x0fba475e92cfef19f7dbada8ec2cce4ad7bbc0d9","0x39d95b4b2450beea8bef5c70fcf9b57a1a02edae","553633217993079584775086"
"0xb2a7c42025480e56e7a3ade89a0e5b0edea2ad056bfcefeabc706b70fa940c19-63","28348973","1753772172","0xb2a7c42025480e56e7a3ade89a0e5b0edea2ad056bfcefeabc706b70fa940c19","0xddd77e91c222e36d4bd5ca8e78682a2172314197","0x0fba475e92cfef19f7dbada8ec2cce4ad7bbc0d9","0x62944ebdcd8e92e30d642a8f418cb06850262222","553633217993079584775086"
"0xb2af3b76e7aa13ce326195502909f1733da5aba6f9ca65fa1219e1b93f1f7173-597","28347551","1753771318","0xb2af3b76e7aa13ce326195502909f1733da5aba6f9ca65fa1219e1b93f1f7173","0xddd77e91c222e36d4bd5ca8e78682a2172314197","0x0fba475e92cfef19f7dbada8ec2cce4ad7bbc0d9","0xc7f125149d7ea034d1a750eb10839dd3a961dbdb","553633217993079584775086"
"0xb2e05803717f3ce142eb13ae4ef67099df9c090b72f3904987c68d0b7b587e4a-703","28356805","1753776860","0xb2e05803717f3ce142eb13ae4ef67099df9c090b72f3904987c68d0b7b587e4a","0xddd77e91c222e36d4bd5ca8e78682a2172314197","0x0fba475e92cfef19f7dbada8ec2cce4ad7bbc0d9","0x72d7b93cd9cc66e9cbb1d691d6c55375903c311b","553633217993079584775086"
"0xb2f193677d52dcffea12ade9f632729b35a74759dca8c7983888a7d2a160ac54-851","28394284","1753799475","0xb2f193677d52dcffea12ade9f632729b35a74759dca8c7983888a7d2a160ac54","0xddd77e91c222e36d4bd5ca8e78682a2172314197","0x0fba475e92cfef19f7dbada8ec2cce4ad7bbc0d9","0x878fcfca3b82277dae293d3930a3bcfd51261ff5","553633217993079584775086"
"0xb2f6657f6cc6356f0bfb1db288d9f4dc7e6baf43036aa1b277d7184b29d5d23e-104","28372999","1753786632","0xb2f6657f6cc6356f0bfb1db288d9f4dc7e6baf43036aa1b277d7184b29d5d23e","0xddd77e91c222e36d4bd5ca8e78682a2172314197","0x0fba475e92cfef19f7dbada8ec2cce4ad7bbc0d9","0x9d924551ae9ab3556bead5cd70638c701ce2d3ab","553633217993079584775086"
"0xb308c6413904c843b0cfb90561aabd02b3b829d6707899f183936a2f93b265d6-42","28378156","1753789764","0xb308c6413904c843b0cfb90561aabd02b3b829d6707899f183936a2f93b265d6","0xddd77e91c222e36d4bd5ca8e78682a2172314197","0x0fba475e92cfef19f7dbada8ec2cce4ad7bbc0d9","0xacf61b2db110d23d836a387a2a2224e5a87aa0f7","553633217993079584775086"
"0xb30f6240ceb82a2620e64f4d97c3bb697ee695fd756a57196e15a5645fbdb987-71","28339557","1753766515","0xb30f6240ceb82a2620e64f4d97c3bb697ee695fd756a57196e15a5645fbdb987","0xddd77e91c222e36d4bd5ca8e78682a2172314197","0x0fba475e92cfef19f7dbada8ec2cce4ad7bbc0d9","0xcea3d33d01ceb138b7c85e62ea39ea728eb5b2f0","553633217993079584775086"
"0xb33967957a680010e088de57fcd81523b58f0f87fdcc13d483c1eaef83354bb0-78","28363504","1753780912","0xb33967957a680010e088de57fcd81523b58f0f87fdcc13d483c1eaef83354bb0","0xddd77e91c222e36d4bd5ca8e78682a2172314197","0x0fba475e92cfef19f7dbada8ec2cce4ad7bbc0d9","0xf081ce449a486cbd5870b42c03dd2ca73a2a30b1","553633217993079584775086"
"0xb35162dad03707eae9e2374ad5e21cde96426e5e94cc0bc2162ba5873377ea99-41","28373105","1753786692","0xb35162dad03707eae9e2374ad5e21cde96426e5e94cc0bc2162ba5873377ea99","0xddd77e91c222e36d4bd5ca8e78682a2172314197","0x0fba475e92cfef19f7dbada8ec2cce4ad7bbc0d9","0x499335a581a839935e3e87ad9fda7e84163e12d3","553633217993079584775086"
"0xb35bf170d82ba5166322dc7f6a61889f85ab30db63e594efcdf3568de35ccc2e-555","28355416","1753776028","0xb35bf170d82ba5166322dc7f6a61889f85ab30db63e594efcdf3568de35ccc2e","0xddd77e91c222e36d4bd5ca8e78682a2172314197","0x0fba475e92cfef19f7dbada8ec2cce4ad7bbc0d9","0xff11233d6893c4081e36b4695200c81fdd9f4829","553633217993079584775086"
"0xb38554fc3f84c2e34938daa67dc409ffe83f7f48943317e4d3ba18127640d346-29","28346298","1753770555","0xb38554fc3f84c2e34938daa67dc409ffe83f7f48943317e4d3ba18127640d346","0xddd77e91c222e36d4bd5ca8e78682a2172314197","0x0fba475e92cfef19f7dbada8ec2cce4ad7bbc0d9","0x5c4006152dc0e56aa499fcf5a31a73aebc7310f3","553633217993079584775086"
"0xb386ad2065f4afc3ef23cc9eb14a6720fc23f8176373ce0a98a4565d3f981342-119","28381991","1753792098","0xb386ad2065f4afc3ef23cc9eb14a6720fc23f8176373ce0a98a4565d3f981342","0xddd77e91c222e36d4bd5ca8e78682a2172314197","0x0fba475e92cfef19f7dbada8ec2cce4ad7bbc0d9","0xcfbbcadf228703a29a71e19cc8a0bb36f80fce5a","553633217993079584775086"
"0xb387abc04130cd9b9f65be69ae93fc614407658dd6b105fc8aeddde44d84e601-268","28374337","1753787449","0xb387abc04130cd9b9f65be69ae93fc614407658dd6b105fc8aeddde44d84e601","0xddd77e91c222e36d4bd5ca8e78682a2172314197","0x0fba475e92cfef19f7dbada8ec2cce4ad7bbc0d9","0xe1091728b2f572610bc6540514b6809af1dab2bf","553633217993079584775086"
"0xb3ac367e6ec4d3fc3599ef81088e578cd79c6cddf7c4d6c88ea8de2a44ca3273-159","28366745","1753782884","0xb3ac367e6ec4d3fc3599ef81088e578cd79c6cddf7c4d6c88ea8de2a44ca3273","0xddd77e91c222e36d4bd5ca8e78682a2172314197","0x0fba475e92cfef19f7dbada8ec2cce4ad7bbc0d9","0x760e4a12c8baa46f1604b4c53603937457e73801","553633217993079584775086"
"0xb3bb035e27a320325427c6827b7bc059071b8e5eb9e58437ea33f100886605a5-60","28372919","1753786580","0xb3bb035e27a320325427c6827b7bc059071b8e5eb9e58437ea33f100886605a5","0xddd77e91c222e36d4bd5ca8e78682a2172314197","0x0fba475e92cfef19f7dbada8ec2cce4ad7bbc0d9","0xf73a166609172c802bfbcbeed42bf44b0541592e","553633217993079584775086"
"0xb3c37f37963cb1870c927fb97c02bd210c37730efdbe9a115fa53346f6dff64a-725","28390229","1753796993","0xb3c37f37963cb1870c927fb97c02bd210c37730efdbe9a115fa53346f6dff64a","0xddd77e91c222e36d4bd5ca8e78682a2172314197","0x0fba475e92cfef19f7dbada8ec2cce4ad7bbc0d9","0xcc4d4f92efb2a00831ed0766919694034d1bf259","553633217993079584775086"
"0xb3c8e6eaa8f4f0ab7febde9be6d7cbc4b7e0fdb1705e7ef58ced4b3eafdb8bb2-86","28337942","1753765520","0xb3c8e6eaa8f4f0ab7febde9be6d7cbc4b7e0fdb1705e7ef58ced4b3eafdb8bb2","0xddd77e91c222e36d4bd5ca8e78682a2172314197","0x0fba475e92cfef19f7dbada8ec2cce4ad7bbc0d9","0x026e26c32c175f4575a40a92514fda15f82020b0","553633217993079584775086"
"0xb3eb339c7dcdebec3a032ae1903169142f8bb973d6041147835011048d857e10-72","28374794","1753787736","0xb3eb339c7dcdebec3a032ae1903169142f8bb973d6041147835011048d857e10","0xddd77e91c222e36d4bd5ca8e78682a2172314197","0x0fba475e92cfef19f7dbada8ec2cce4ad7bbc0d9","0xda0c0a7f8d4d5e47412752655ba2ccf8be843e40","553633217993079584775086"
"0xb426c85dc35d47e9c05f8aa725d37cb6edc3c6ab1a97688c5cf8fd28f223e493-825","28360348","1753779017","0xb426c85dc35d47e9c05f8aa725d37cb6edc3c6ab1a97688c5cf8fd28f223e493","0xddd77e91c222e36d4bd5ca8e78682a2172314197","0x0fba475e92cfef19f7dbada8ec2cce4ad7bbc0d9","0x0ac0a01ea1f20ffdf393aebbea5ec3ae35c36f05","553633217993079584775086"
"0xb4400185a47ce73fbbaa950bee577fd2bccda36f64cdd7d76a06512aae712dba-44","28361994","1753780002","0xb4400185a47ce73fbbaa950bee577fd2bccda36f64cdd7d76a06512aae712dba","0xddd77e91c222e36d4bd5ca8e78682a2172314197","0x0fba475e92cfef19f7dbada8ec2cce4ad7bbc0d9","0x5f8ce192b090645ceb20254e9cef2cb4abed0b2d","553633217993079584775086"
"0xb48590506613aadda0c88a14176b803a12e9859ca00a533bbc147b5ba700152d-65","28365071","1753781848","0xb48590506613aadda0c88a14176b803a12e9859ca00a533bbc147b5ba700152d","0xddd77e91c222e36d4bd5ca8e78682a2172314197","0x0fba475e92cfef19f7dbada8ec2cce4ad7bbc0d9","0xf354a888eb99514ae0a33feb9b4dd3ce2adc9420","553633217993079584775086"
"0xb48b736fd9eac7bd84ed37bd4f75256c05bf1ac4af013f2531b63aaa9aab178f-39","28332055","1753761981","0xb48b736fd9eac7bd84ed37bd4f75256c05bf1ac4af013f2531b63aaa9aab178f","0xddd77e91c222e36d4bd5ca8e78682a2172314197","0x0fba475e92cfef19f7dbada8ec2cce4ad7bbc0d9","0xf5a8225ba3dafb3ad0a624ef8cac53948953ce5a","553633217993079584775086"
"0xb4bf63045dd818691a69dc231893ff431dbd4342e42703f1360a265c0a451f9e-278","28339179","1753766290","0xb4bf63045dd818691a69dc231893ff431dbd4342e42703f1360a265c0a451f9e","0xddd77e91c222e36d4bd5ca8e78682a2172314197","0x0fba475e92cfef19f7dbada8ec2cce4ad7bbc0d9","0x51c0fa661f6328777952ff0e19a2e454e7850e8f","553633217993079584775086"
"0xb4e184d45cb9f7cf739f421660ad679ced8d4c90dafc63b369db090f669afb98-132","28359122","1753778278","0xb4e184d45cb9f7cf739f421660ad679ced8d4c90dafc63b369db090f669afb98","0xddd77e91c222e36d4bd5ca8e78682a2172314197","0x0fba475e92cfef19f7dbada8ec2cce4ad7bbc0d9","0xa9031ea82e3aa07a3a05251a385f6bf1c1b75298","553633217993079584775086"
"0xb4e2fea2b3321be9e1c39b2d551a4fa1834a521a2a616062e357f6cb820862b0-3","28353828","1753775071","0xb4e2fea2b3321be9e1c39b2d551a4fa1834a521a2a616062e357f6cb820862b0","0xddd77e91c222e36d4bd5ca8e78682a2172314197","0x0fba475e92cfef19f7dbada8ec2cce4ad7bbc0d9","0x0402c36c34f46e67138307b9e5f46c683e935011","553633217993079584775086"
"0xb4f48e3407cb73d656e7b15f0743d8ff3b92f9148582a53d24ba59afa7cf890f-17","28377953","1753789639","0xb4f48e3407cb73d656e7b15f0743d8ff3b92f9148582a53d24ba59afa7cf890f","0xddd77e91c222e36d4bd5ca8e78682a2172314197","0x0fba475e92cfef19f7dbada8ec2cce4ad7bbc0d9","0xbf5007e95be8347a9dfcda44390315f469b3d06b","553633217993079584775086"
"0xb50eb70d6620bccb7d6f4744fde5c06c82ca08dd89769721aa402baa70a31b74-235","28400218","1753803088","0xb50eb70d6620bccb7d6f4744fde5c06c82ca08dd89769721aa402baa70a31b74","0xddd77e91c222e36d4bd5ca8e78682a2172314197","0x0fba475e92cfef19f7dbada8ec2cce4ad7bbc0d9","0x21a3a196d81b78e3a18f41d562bdc3db1e26669d","553633217993079584775086"
"0xb523ff4e457d92b181349e451bfbc3d4edd5451eaa1e5cb268371913a09516c6-69","28332029","1753761968","0xb523ff4e457d92b181349e451bfbc3d4edd5451eaa1e5cb268371913a09516c6","0xddd77e91c222e36d4bd5ca8e78682a2172314197","0x0fba475e92cfef19f7dbada8ec2cce4ad7bbc0d9","0x9ca9e3ef5ce7d54fa57e7e2b03beded0db46a568","553633217993079584775086"
"0xb5312f3eb9b9d6950a58c2d3e3338dde6aad0e8f9516d7b8f28d11253d93e39b-11","28342109","1753768004","0xb5312f3eb9b9d6950a58c2d3e3338dde6aad0e8f9516d7b8f28d11253d93e39b","0xddd77e91c222e36d4bd5ca8e78682a2172314197","0x0fba475e92cfef19f7dbada8ec2cce4ad7bbc0d9","0xe0ffca24ea3f4ad4824c51b56ad1b70e46fb705a","553633217993079584775086"
"0xb5366447e3fde323ef5e40b7c23d479048521b2e82e70027caf6953260185973-97","28388956","1753796194","0xb5366447e3fde323ef5e40b7c23d479048521b2e82e70027caf6953260185973","0xddd77e91c222e36d4bd5ca8e78682a2172314197","0x0fba475e92cfef19f7dbada8ec2cce4ad7bbc0d9","0x7c15eeb92116ce01dbecb6fd81fd6a2439010857","553633217993079584775086"
"0xb53a8231e31a04cb476723c048397748695279b967c7fa1caea1d8b7d75f4b51-118","28342007","1753767941","0xb53a8231e31a04cb476723c048397748695279b967c7fa1caea1d8b7d75f4b51","0xddd77e91c222e36d4bd5ca8e78682a2172314197","0x0fba475e92cfef19f7dbada8ec2cce4ad7bbc0d9","0x0efbe8893b4a6104e950d953b253daf854138dd2","553633217993079584775086"
"0xb54f0e8de286c09f39877118b36eb7a4eb7816a78d23bcf830c576cdfbfccd91-38","28403487","1753805085","0xb54f0e8de286c09f39877118b36eb7a4eb7816a78d23bcf830c576cdfbfccd91","0xddd77e91c222e36d4bd5ca8e78682a2172314197","0x0fba475e92cfef19f7dbada8ec2cce4ad7bbc0d9","0xc5a696edd1c76b5375ccdc3d1e96a19dbd94989a","553633217993079584775086"
"0xb5587a8c587fc955d9752f13330b9ddd5b1c7a8554185a768f2f11af70ae9168-111","28385993","1753794479","0xb5587a8c587fc955d9752f13330b9ddd5b1c7a8554185a768f2f11af70ae9168","0xddd77e91c222e36d4bd5ca8e78682a2172314197","0x0fba475e92cfef19f7dbada8ec2cce4ad7bbc0d9","0x2d066748f26d25d9e5555af21d4151fb5b0d5830","553633217993079584775086"
"0xb56f9ffa657c1b087f7191cd11254eb2b94349c3dab5088d34ed0ee025afb523-199","28390753","1753797329","0xb56f9ffa657c1b087f7191cd11254eb2b94349c3dab5088d34ed0ee025afb523","0xddd77e91c222e36d4bd5ca8e78682a2172314197","0x0fba475e92cfef19f7dbada8ec2cce4ad7bbc0d9","0x8e1d405321e47cd64b6a5b68e154b6979356f59c","553633217993079584775086"
"0xb591d4ed0cc3ce0f702d617c9ea4fffff5294cc0ae15493be1024569c48ff977-3","28370909","1753785372","0xb591d4ed0cc3ce0f702d617c9ea4fffff5294cc0ae15493be1024569c48ff977","0xddd77e91c222e36d4bd5ca8e78682a2172314197","0x0fba475e92cfef19f7dbada8ec2cce4ad7bbc0d9","0x202a78ad08d297cca315ea19661fd6e70771b449","553633217993079584775086"
"0xb5a522d4aa49eb48862bd0a32ee7ca0f93720c5bf44c786e3b7c008b865e111c-33","28354054","1753775200","0xb5a522d4aa49eb48862bd0a32ee7ca0f93720c5bf44c786e3b7c008b865e111c","0xddd77e91c222e36d4bd5ca8e78682a2172314197","0x0fba475e92cfef19f7dbada8ec2cce4ad7bbc0d9","0xeb25333db5f491d626fafabd1ad4b96239b84468","553633217993079584775086"
"0xb5a77276496ae6b95a7d7e50f8d4c7a88761bd64df93c7643eb06add4ecfd34c-79","28137453","1753645219","0xb5a77276496ae6b95a7d7e50f8d4c7a88761bd64df93c7643eb06add4ecfd34c","0xddd77e91c222e36d4bd5ca8e78682a2172314197","0x0fba475e92cfef19f7dbada8ec2cce4ad7bbc0d9","0x2fb3476bddbf508d40058fa7159bb198bd6a30a3","553633217993079584775086"
"0xb5b16c4f3c8e4193e837f306e7113d3a5ece89a1a0f5293d93f6cd2208975241-23","28137659","1753645351","0xb5b16c4f3c8e4193e837f306e7113d3a5ece89a1a0f5293d93f6cd2208975241","0xddd77e91c222e36d4bd5ca8e78682a2172314197","0x0fba475e92cfef19f7dbada8ec2cce4ad7bbc0d9","0xc11ba443fc3e5e35be5bc1a4bc2351265d553b5e","553633217993079584775086"
"0xb5bfef21b5913b6bda1274815e2a0358fcd44ece2a2cb6ee968cda09abe62c9c-3","28381596","1753791848","0xb5bfef21b5913b6bda1274815e2a0358fcd44ece2a2cb6ee968cda09abe62c9c","0xddd77e91c222e36d4bd5ca8e78682a2172314197","0x0fba475e92cfef19f7dbada8ec2cce4ad7bbc0d9","0xd2792460cfaab43c648c2cd8b3a2766137ae437c","553633217993079584775086"
"0xb5e49f17fa2a566509f66ca75b4ad59e77cc37078f8666c9189b2e56866a34b1-87","28356420","1753776630","0xb5e49f17fa2a566509f66ca75b4ad59e77cc37078f8666c9189b2e56866a34b1","0xddd77e91c222e36d4bd5ca8e78682a2172314197","0x0fba475e92cfef19f7dbada8ec2cce4ad7bbc0d9","0x641e2a54f3e352bd298f8ef4a931f1d9b1114280","553633217993079584775086"
"0xb5edb2b9baf2ee91f4c8b3c80b0e682ef76c3d5e7fa7b64a07c79719924994d8-42","28359571","1753778554","0xb5edb2b9baf2ee91f4c8b3c80b0e682ef76c3d5e7fa7b64a07c79719924994d8","0xddd77e91c222e36d4bd5ca8e78682a2172314197","0x0fba475e92cfef19f7dbada8ec2cce4ad7bbc0d9","0x546dff18b7e77dcfd8a1b602ec6de71468dcd632","553633217993079584775086"
"0xb5f64bfc2b71a30933d7e9b0b5a160a09dcb979802d62f98a7bd529ab539fc51-35","28397790","1753801584","0xb5f64bfc2b71a30933d7e9b0b5a160a09dcb979802d62f98a7bd529ab539fc51","0xddd77e91c222e36d4bd5ca8e78682a2172314197","0x0fba475e92cfef19f7dbada8ec2cce4ad7bbc0d9","0x9fb7f64f554454d63a0fb5af7686757748d54c66","553633217993079584775086"
"0xb60a032928ee6a61eb2f5f106be7af3c8da496627caf8701cabe0b9034ce5b8e-43","28348252","1753771766","0xb60a032928ee6a61eb2f5f106be7af3c8da496627caf8701cabe0b9034ce5b8e","0xddd77e91c222e36d4bd5ca8e78682a2172314197","0x0fba475e92cfef19f7dbada8ec2cce4ad7bbc0d9","0xbf185c104196bebb0f154b45dc4a2b2d4e7f8753","553633217993079584775086"
"0xb610166a50f1ace90422d5f9fa40a8644ae2c576cf69f4fdb6d2d1bc2466986c-110","28337982","1753765546","0xb610166a50f1ace90422d5f9fa40a8644ae2c576cf69f4fdb6d2d1bc2466986c","0xddd77e91c222e36d4bd5ca8e78682a2172314197","0x0fba475e92cfef19f7dbada8ec2cce4ad7bbc0d9","0xd85758578128de665d0abcabc259e8bcc96bb046","553633217993079584775086"
"0xb61676f5d3cae2cda7f63a0bde4278c5118681ffdd112e37554a6eb1bb41ac10-131","28365605","1753782180","0xb61676f5d3cae2cda7f63a0bde4278c5118681ffdd112e37554a6eb1bb41ac10","0xddd77e91c222e36d4bd5ca8e78682a2172314197","0x0fba475e92cfef19f7dbada8ec2cce4ad7bbc0d9","0xa1aac06d697c706d653b1db801f332ff186cd290","553633217993079584775086"
"0xb662ef4ecd4525d6cebd34819637cc6891a0d47a2ac89f16dcd21ab403ad44ae-86","28334282","1753763326","0xb662ef4ecd4525d6cebd34819637cc6891a0d47a2ac89f16dcd21ab403ad44ae","0xddd77e91c222e36d4bd5ca8e78682a2172314197","0x0fba475e92cfef19f7dbada8ec2cce4ad7bbc0d9","0x6ccd0d6822fd9fa3bd9d1c79f0d774994bdd8c35","553633217993079584775086"
"0xb6686dc3df6cc106238d1b06b56b45c6fc89a01dbba34df325c804bce6091462-129","28341863","1753767862","0xb6686dc3df6cc106238d1b06b56b45c6fc89a01dbba34df325c804bce6091462","0xddd77e91c222e36d4bd5ca8e78682a2172314197","0x0fba475e92cfef19f7dbada8ec2cce4ad7bbc0d9","0x0bad7f4ed6afcb0f4ac06cbaaae2a7a81766b9f8","553633217993079584775086"
"0xb6742b4a82ed881ef651fe8a5e285bce90d74426e9cf040665a902a56c095bf3-304","28333345","1753762746","0xb6742b4a82ed881ef651fe8a5e285bce90d74426e9cf040665a902a56c095bf3","0xddd77e91c222e36d4bd5ca8e78682a2172314197","0x0fba475e92cfef19f7dbada8ec2cce4ad7bbc0d9","0xc96c08a1eeb15222b1d5f4317f595358dac32a39","553633217993079584775086"
"0xb676affd0a9a2ce6d5a9ceb891f7d482aaa9b9a42f2e5da4d86d32af02321897-89","28373648","1753787018","0xb676affd0a9a2ce6d5a9ceb891f7d482aaa9b9a42f2e5da4d86d32af02321897","0xddd77e91c222e36d4bd5ca8e78682a2172314197","0x0fba475e92cfef19f7dbada8ec2cce4ad7bbc0d9","0x598d66ad7468f11ca310458591a8e57f4ac32595","553633217993079584775086"
"0xb6b56a7751d5427ef55b5c2b55b0de0542ad4cff2cdba62088e6fcc680ce73a5-221","28354832","1753775671","0xb6b56a7751d5427ef55b5c2b55b0de0542ad4cff2cdba62088e6fcc680ce73a5","0xddd77e91c222e36d4bd5ca8e78682a2172314197","0x0fba475e92cfef19f7dbada8ec2cce4ad7bbc0d9","0x89e129222e7125b779737b0492bfe77be0cf715b","553633217993079584775086"
"0xb6c34b58a35824f7ae6748985d2e50167baae8ed98a559d8fde080e8f6e4859c-379","28333411","1753762783","0xb6c34b58a35824f7ae6748985d2e50167baae8ed98a559d8fde080e8f6e4859c","0xddd77e91c222e36d4bd5ca8e78682a2172314197","0x0fba475e92cfef19f7dbada8ec2cce4ad7bbc0d9","0xf93615a04092b01dc8cece53c8412b8dca1b5be7","553633217993079584775086"
"0xb6e4dda2c2f0fff374b863d81476cd0abc9803737f85672a506807947dda31f9-100","28359551","1753778542","0xb6e4dda2c2f0fff374b863d81476cd0abc9803737f85672a506807947dda31f9","0xddd77e91c222e36d4bd5ca8e78682a2172314197","0x0fba475e92cfef19f7dbada8ec2cce4ad7bbc0d9","0xa66350460d7f5a1230176137ed8113dc5b888edc","553633217993079584775086"
"0xb6e4f5e7a4ab24995a7792d3e03530bc754ded458ed03d3ca1c6af98114d9118-660","28393379","1753798921","0xb6e4f5e7a4ab24995a7792d3e03530bc754ded458ed03d3ca1c6af98114d9118","0xddd77e91c222e36d4bd5ca8e78682a2172314197","0x0fba475e92cfef19f7dbada8ec2cce4ad7bbc0d9","0x938d359477aa677e97757f67110db76990ca7f4e","553633217993079584775086"
"0xb6f56d7b5db18081687c9c8ff04acb685e08dd98d2ab0259792e283430a396ef-88","28397789","1753801583","0xb6f56d7b5db18081687c9c8ff04acb685e08dd98d2ab0259792e283430a396ef","0xddd77e91c222e36d4bd5ca8e78682a2172314197","0x0fba475e92cfef19f7dbada8ec2cce4ad7bbc0d9","0xd941509e5f7df672a3d28d26b2a9a95826f03d1e","553633217993079584775086"
"0xb702672ff0395bcb0c74b675d80ba390004f4ecf4d553e9e2b8316c52e90bd31-531","28339341","1753766397","0xb702672ff0395bcb0c74b675d80ba390004f4ecf4d553e9e2b8316c52e90bd31","0xddd77e91c222e36d4bd5ca8e78682a2172314197","0x0fba475e92cfef19f7dbada8ec2cce4ad7bbc0d9","0x414e49fc6e1cae6e867e50103e684c71dad6b55a","553633217993079584775086"
"0xb71914aeba546faa5fde798f84a8bb65abe1bfc34f037f9e90ca08b1b3230ff6-331","28354145","1753775257","0xb71914aeba546faa5fde798f84a8bb65abe1bfc34f037f9e90ca08b1b3230ff6","0xddd77e91c222e36d4bd5ca8e78682a2172314197","0x0fba475e92cfef19f7dbada8ec2cce4ad7bbc0d9","0xce0120428803859c2afc49f1f73e021921c76e03","553633217993079584775086"
"0xb73085e3699177ad831ec17e6717eee939990d1d02a46ca534d3b865cbc52d1c-155","28352649","1753774373","0xb73085e3699177ad831ec17e6717eee939990d1d02a46ca534d3b865cbc52d1c","0xddd77e91c222e36d4bd5ca8e78682a2172314197","0x0fba475e92cfef19f7dbada8ec2cce4ad7bbc0d9","0xbbb1870b6b8c9acce0af37cd0ac4d3f102a3ee56","553633217993079584775086"
"0xb7574143f8d8872e5f3b0a0889ba361424dfa91e42f4400c9e955977d8c7a803-27","28349760","1753772642","0xb7574143f8d8872e5f3b0a0889ba361424dfa91e42f4400c9e955977d8c7a803","0xddd77e91c222e36d4bd5ca8e78682a2172314197","0x0fba475e92cfef19f7dbada8ec2cce4ad7bbc0d9","0xca641dc3a6006ac5ee54813f8d369a043b0383b2","553633217993079584775086"
"0xb75d6c95ac1f7edea9cb2f011c55c5e02b7a9c775e8adb4cdffd7f5e1e90cdf6-42","28363689","1753781023","0xb75d6c95ac1f7edea9cb2f011c55c5e02b7a9c775e8adb4cdffd7f5e1e90cdf6","0xddd77e91c222e36d4bd5ca8e78682a2172314197","0x0fba475e92cfef19f7dbada8ec2cce4ad7bbc0d9","0xc7f06c044376fc60b361c273917ba68f32269b00","553633217993079584775086"
"0xb7e0fb22a423e3f42ea722e99a74c3883074a58b62c3f9b8d102a45a6710a97c-33","28341933","1753767897","0xb7e0fb22a423e3f42ea722e99a74c3883074a58b62c3f9b8d102a45a6710a97c","0xddd77e91c222e36d4bd5ca8e78682a2172314197","0x0fba475e92cfef19f7dbada8ec2cce4ad7bbc0d9","0x21812b8f3ab92a235ff104b0207f75e381b6f1b8","553633217993079584775086"
"0xb806310f642acb0ee40b41dfb17e296916edcd65d41e9a80810845da673ed410-562","28371089","1753785484","0xb806310f642acb0ee40b41dfb17e296916edcd65d41e9a80810845da673ed410","0xddd77e91c222e36d4bd5ca8e78682a2172314197","0x0fba475e92cfef19f7dbada8ec2cce4ad7bbc0d9","0x013d059dfd1bb0e784119f2179db2587f1fc6be4","553633217993079584775086"
"0xb80a548cabe0d7a1bc592dfba8b0f2af2305d57fd2ce4fd6b23c8a9263eca216-347","28358770","1753778058","0xb80a548cabe0d7a1bc592dfba8b0f2af2305d57fd2ce4fd6b23c8a9263eca216","0xddd77e91c222e36d4bd5ca8e78682a2172314197","0x0fba475e92cfef19f7dbada8ec2cce4ad7bbc0d9","0x51dcdd7975fb532a16ce20d957edd5a9b4ef140d","553633217993079584775086"
"0xb80ba2c438a1a5652810a6841977da0db475b97c937844224c61a3278fb017af-112","28342736","1753768386","0xb80ba2c438a1a5652810a6841977da0db475b97c937844224c61a3278fb017af","0xddd77e91c222e36d4bd5ca8e78682a2172314197","0x0fba475e92cfef19f7dbada8ec2cce4ad7bbc0d9","0xc4d1fa8cf580eee436881594439996ab010d004a","553633217993079584775086"
"0xb8152018d7262cb55eee030a2115c8af6d1df5c3356557e92f150c47aa1323be-58","28338522","1753765867","0xb8152018d7262cb55eee030a2115c8af6d1df5c3356557e92f150c47aa1323be","0xddd77e91c222e36d4bd5ca8e78682a2172314197","0x0fba475e92cfef19f7dbada8ec2cce4ad7bbc0d9","0xd96d243ddc56a63a831dad5f6f1c3afae559caba","553633217993079584775086"
"0xb82201dcd07db64db100905ddd89b535235b9a1dfbdf870a5f5eccad73f8a69d-59","28334140","1753763223","0xb82201dcd07db64db100905ddd89b535235b9a1dfbdf870a5f5eccad73f8a69d","0xddd77e91c222e36d4bd5ca8e78682a2172314197","0x0fba475e92cfef19f7dbada8ec2cce4ad7bbc0d9","0x6a68006afe6f7cfcd664ffd71773cce2bf153ea2","553633217993079584775086"
"0xb832a5e1a3a6f0105045475326a531c73b00667efa4a636bb2d9dec51b67ba09-174","28354909","1753775721","0xb832a5e1a3a6f0105045475326a531c73b00667efa4a636bb2d9dec51b67ba09","0xddd77e91c222e36d4bd5ca8e78682a2172314197","0x0fba475e92cfef19f7dbada8ec2cce4ad7bbc0d9","0x11afc17fa2283aae52af68df6c72ad301c6fa47b","553633217993079584775086"
"0xb877080ad92b6a31fd7cc74ecda70c1d08f0125eb60a47e904592b44220245d6-109","28366373","1753782646","0xb877080ad92b6a31fd7cc74ecda70c1d08f0125eb60a47e904592b44220245d6","0xddd77e91c222e36d4bd5ca8e78682a2172314197","0x0fba475e92cfef19f7dbada8ec2cce4ad7bbc0d9","0x4b1c0947e6bec92968f54045b434f4b8859d54f2","553633217993079584775086"
"0xb89a545cb449735eb50076ad745e67488681c928e7096c884bc8e9ecc1d49c2a-93","28392795","1753798560","0xb89a545cb449735eb50076ad745e67488681c928e7096c884bc8e9ecc1d49c2a","0xddd77e91c222e36d4bd5ca8e78682a2172314197","0x0fba475e92cfef19f7dbada8ec2cce4ad7bbc0d9","0x306ee565e4272d241d5734116453150f44de45a8","553633217993079584775086"
"0xb8c03d5ca9f661942d29b8ec6be4de206d45f21df03dd9fcce4dd606e158b410-100","28132786","1753642420","0xb8c03d5ca9f661942d29b8ec6be4de206d45f21df03dd9fcce4dd606e158b410","0xddd77e91c222e36d4bd5ca8e78682a2172314197","0x0fba475e92cfef19f7dbada8ec2cce4ad7bbc0d9","0x92a7222cf0a2ef3ba812f66d2b8e821ae49da075","553633217993079584775086"
"0xb91cc7be67cc03d25a65ffa654f6a5795fd481d315931c1c95bbc14a5ef08513-117","28345076","1753769830","0xb91cc7be67cc03d25a65ffa654f6a5795fd481d315931c1c95bbc14a5ef08513","0xddd77e91c222e36d4bd5ca8e78682a2172314197","0x0fba475e92cfef19f7dbada8ec2cce4ad7bbc0d9","0x46570c43b0c4f62e231c910b22de6938e4bdaa8d","553633217993079584775086"
"0xb9352c342022b662a91e40a568f89d5dfeeb02531e01b2db5a6686d01625e789-113","28401257","1753803714","0xb9352c342022b662a91e40a568f89d5dfeeb02531e01b2db5a6686d01625e789","0xddd77e91c222e36d4bd5ca8e78682a2172314197","0x0fba475e92cfef19f7dbada8ec2cce4ad7bbc0d9","0xc9727b7a11bdff0327c74960013949e693545b5c","553633217993079584775086"
"0xb94326e2a5cb2981432f622db1cd4e96caea8f5570241986f368db151545cfec-269","28330337","1753760953","0xb94326e2a5cb2981432f622db1cd4e96caea8f5570241986f368db151545cfec","0xddd77e91c222e36d4bd5ca8e78682a2172314197","0x0fba475e92cfef19f7dbada8ec2cce4ad7bbc0d9","0x5b51024cf9c16827f999c63ca319bcfb86182f2c","553633217993079584775086"
"0xb95c33a1de0ad16d9f6e2a8a7cf36619b211f2b156f42f05f77a7ea9027fdc77-698","28386052","1753794511","0xb95c33a1de0ad16d9f6e2a8a7cf36619b211f2b156f42f05f77a7ea9027fdc77","0xddd77e91c222e36d4bd5ca8e78682a2172314197","0x0fba475e92cfef19f7dbada8ec2cce4ad7bbc0d9","0x4245eaacdff55fb62d36eb3d37d098e883832e5d","553633217993079584775086"
"0xb99229b4e96a7bad8d790438c00f9020701f74c444eeade9497681c7727dc045-59","28408855","1753808331","0xb99229b4e96a7bad8d790438c00f9020701f74c444eeade9497681c7727dc045","0xddd77e91c222e36d4bd5ca8e78682a2172314197","0x0fba475e92cfef19f7dbada8ec2cce4ad7bbc0d9","0xb2d3adf6b5e3e9d25ca7a0fac2cf11ba42ceb5b8","553633217993079584775086"
"0xb9bd3820f1c4063803bef39e17f89633f74cf729c5c6704e9bbcc7fb1dd3d4bf-64","28335104","1753763833","0xb9bd3820f1c4063803bef39e17f89633f74cf729c5c6704e9bbcc7fb1dd3d4bf","0xddd77e91c222e36d4bd5ca8e78682a2172314197","0x0fba475e92cfef19f7dbada8ec2cce4ad7bbc0d9","0x0321c4919b480acd796bd7d04ee5c11dc06cadff","553633217993079584775086"
"0xb9cb6fbb2d09e4655a93f549c30ed197a0f4e0b23c5072409b0bcd3fbb44731c-359","28387932","1753795588","0xb9cb6fbb2d09e4655a93f549c30ed197a0f4e0b23c5072409b0bcd3fbb44731c","0xddd77e91c222e36d4bd5ca8e78682a2172314197","0x0fba475e92cfef19f7dbada8ec2cce4ad7bbc0d9","0x7222e1425c4544d23405ba8e4bbd33fbf846f6bb","553633217993079584775086"
"0xb9d3e1c43275fabada17d04381e1e343bb4e798bae3576a4bf2c45ba73f403f3-78","28362641","1753780400","0xb9d3e1c43275fabada17d04381e1e343bb4e798bae3576a4bf2c45ba73f403f3","0xddd77e91c222e36d4bd5ca8e78682a2172314197","0x0fba475e92cfef19f7dbada8ec2cce4ad7bbc0d9","0xffa48adb763032b42a9a15d9dd631ce7656d3282","553633217993079584775086"
"0xb9d5b75797d9fc0f4a0f88271e1e95815656fc6a654a95d90a4424ebaae2cd1c-143","28392791","1753798558","0xb9d5b75797d9fc0f4a0f88271e1e95815656fc6a654a95d90a4424ebaae2cd1c","0xddd77e91c222e36d4bd5ca8e78682a2172314197","0x0fba475e92cfef19f7dbada8ec2cce4ad7bbc0d9","0x2428dd2ee9ef45daa86e02ad133f91ad1303254f","553633217993079584775086"
"0xb9f01cab44a61e6fb3ee5d9eb9787481a25099b87f345c82883f3ad5b207322f-151","28394213","1753799434","0xb9f01cab44a61e6fb3ee5d9eb9787481a25099b87f345c82883f3ad5b207322f","0xddd77e91c222e36d4bd5ca8e78682a2172314197","0x0fba475e92cfef19f7dbada8ec2cce4ad7bbc0d9","0x9d1777707222e8975f3bf19e9401d32ab94cd681","553633217993079584775086"
"0xba090b61b295ee2523a9f058e9bf4b8fe743955de4d965af2154868dfb17c974-138","28370152","1753784924","0xba090b61b295ee2523a9f058e9bf4b8fe743955de4d965af2154868dfb17c974","0xddd77e91c222e36d4bd5ca8e78682a2172314197","0x0fba475e92cfef19f7dbada8ec2cce4ad7bbc0d9","0xc8fedee303d5c7e97890e849cc40361207dcfd8f","553633217993079584775086"
"0xba158cfa9ef82e4ffac076f11659990294c89efe5a8922754cc8937fc582c830-137","28345790","1753770266","0xba158cfa9ef82e4ffac076f11659990294c89efe5a8922754cc8937fc582c830","0xddd77e91c222e36d4bd5ca8e78682a2172314197","0x0fba475e92cfef19f7dbada8ec2cce4ad7bbc0d9","0x3b8c4965ef1d14a3a1596e9cc646fd1b08bb5bec","553633217993079584775086"
"0xba2c9546adc27b7c67eb94a3a976ebd23c15d2db10f00f401dbacbc1804bb72a-48","28377214","1753789205","0xba2c9546adc27b7c67eb94a3a976ebd23c15d2db10f00f401dbacbc1804bb72a","0xddd77e91c222e36d4bd5ca8e78682a2172314197","0x0fba475e92cfef19f7dbada8ec2cce4ad7bbc0d9","0xc8da3ec514c10784ed7d37f6fe460fcbb1c4cbb5","553633217993079584775086"
"0xba44d5b884cc5c739da516269c40d5e630d3c33f309cacd8595b9c7483be4e17-29","28356703","1753776800","0xba44d5b884cc5c739da516269c40d5e630d3c33f309cacd8595b9c7483be4e17","0xddd77e91c222e36d4bd5ca8e78682a2172314197","0x0fba475e92cfef19f7dbada8ec2cce4ad7bbc0d9","0x3db2835176029e03b247cd6c39510d9121c20244","553633217993079584775086"
"0xba8a50ef02db196e8c1b5bb4b0337b86b6b57073ba61a7881a9316e6b6757d37-74","28365972","1753782397","0xba8a50ef02db196e8c1b5bb4b0337b86b6b57073ba61a7881a9316e6b6757d37","0xddd77e91c222e36d4bd5ca8e78682a2172314197","0x0fba475e92cfef19f7dbada8ec2cce4ad7bbc0d9","0x78743029f85752ffeab953cbac9247dd1221ef32","553633217993079584775086"
"0xba94c8249261a4d8020e9da58b70395f08944969261df5f7da9ef800b5b00232-320","28349341","1753772391","0xba94c8249261a4d8020e9da58b70395f08944969261df5f7da9ef800b5b00232","0xddd77e91c222e36d4bd5ca8e78682a2172314197","0x0fba475e92cfef19f7dbada8ec2cce4ad7bbc0d9","0xe5d268635f620016256ade5ea8c8d9f2c17ad315","553633217993079584775086"
"0xbaa1e14de1549aa35959809b846e191aa8f82ab7c0fb085c861d13cccbd91a59-28","28356037","1753776406","0xbaa1e14de1549aa35959809b846e191aa8f82ab7c0fb085c861d13cccbd91a59","0xddd77e91c222e36d4bd5ca8e78682a2172314197","0x0fba475e92cfef19f7dbada8ec2cce4ad7bbc0d9","0x1eed1c4ba0aa778e627ee321171d92b4a6155c21","553633217993079584775086"
"0xbaa335684e6bff66092e3cecd7cbf741a7e8bc2c679b6793d1f9edecaef8e3a9-363","28357081","1753777030","0xbaa335684e6bff66092e3cecd7cbf741a7e8bc2c679b6793d1f9edecaef8e3a9","0xddd77e91c222e36d4bd5ca8e78682a2172314197","0x0fba475e92cfef19f7dbada8ec2cce4ad7bbc0d9","0xf7cd6f183ad1fb61d71280079ec589e69ef1db54","553633217993079584775086"
"0xbac6fb9e047b6cd213baa1cf02a9d50895bcad0646d7b051cef02a57311095c7-16","28356552","1753776711","0xbac6fb9e047b6cd213baa1cf02a9d50895bcad0646d7b051cef02a57311095c7","0xddd77e91c222e36d4bd5ca8e78682a2172314197","0x0fba475e92cfef19f7dbada8ec2cce4ad7bbc0d9","0x6371b497d83c02424046d2c7246c3de87e759dec","553633217993079584775086"
"0xbad42979f06f05de4adc203307e59b1d0e362f999f3684f5a07b3c00fe795ea6-10","28331726","1753761793","0xbad42979f06f05de4adc203307e59b1d0e362f999f3684f5a07b3c00fe795ea6","0xddd77e91c222e36d4bd5ca8e78682a2172314197","0x0fba475e92cfef19f7dbada8ec2cce4ad7bbc0d9","0xceab21719d17c7a46503284f426b3abe101b9148","553633217993079584775086"
"0xbade9dd79f0b4d08730857882827e2837133a93de141e293177fc03757f19f4e-139","28330894","1753761301","0xbade9dd79f0b4d08730857882827e2837133a93de141e293177fc03757f19f4e","0xddd77e91c222e36d4bd5ca8e78682a2172314197","0x0fba475e92cfef19f7dbada8ec2cce4ad7bbc0d9","0x7f4db3a7268ba32446696d12204fdddc7b3bd97a","553633217993079584775086"
"0xbae7e157fd9a35c6262e8382af5aceeadb5edf48b6a3bd77aeaf177dfb12fdbf-125","28393396","1753798929","0xbae7e157fd9a35c6262e8382af5aceeadb5edf48b6a3bd77aeaf177dfb12fdbf","0xddd77e91c222e36d4bd5ca8e78682a2172314197","0x0fba475e92cfef19f7dbada8ec2cce4ad7bbc0d9","0x59f31c165fa01412d08bf9d9e630872f1fb51229","553633217993079584775086"
"0xbafb7d840bf54aebf9d8b5bf375f8c429a213c65c8eb3e3866c703a2333b562f-37","28365692","1753782234","0xbafb7d840bf54aebf9d8b5bf375f8c429a213c65c8eb3e3866c703a2333b562f","0xddd77e91c222e36d4bd5ca8e78682a2172314197","0x0fba475e92cfef19f7dbada8ec2cce4ad7bbc0d9","0xf295e61869839a772bc3ecd13b9a7780299d5747","553633217993079584775086"
"0xbb10498fe7cd4fafcd70a5a19ff434eccf1981d6b9df841472e3b876439f351f-58","28358472","1753777870","0xbb10498fe7cd4fafcd70a5a19ff434eccf1981d6b9df841472e3b876439f351f","0xddd77e91c222e36d4bd5ca8e78682a2172314197","0x0fba475e92cfef19f7dbada8ec2cce4ad7bbc0d9","0x291209581d2971c04cf4c68cc3a51e94b8540e83","553633217993079584775086"
"0xbb12c0fb8d7e15e16873b975139057a96a1c52ef885d199b625c640030c328a7-681","28397221","1753801249","0xbb12c0fb8d7e15e16873b975139057a96a1c52ef885d199b625c640030c328a7","0xddd77e91c222e36d4bd5ca8e78682a2172314197","0x0fba475e92cfef19f7dbada8ec2cce4ad7bbc0d9","0x8467b8a623006b70b649881c4aadcf3014f08782","553633217993079584775086"
"0xbb2c2b0dfeb915dfbff9a88a9d315a7f16b4e0854d0d9682b30ebc28b44dda32-41","28356017","1753776396","0xbb2c2b0dfeb915dfbff9a88a9d315a7f16b4e0854d0d9682b30ebc28b44dda32","0xddd77e91c222e36d4bd5ca8e78682a2172314197","0x0fba475e92cfef19f7dbada8ec2cce4ad7bbc0d9","0x301f23b010c3948c14f33768f6cd508c9f0c9253","553633217993079584775086"
"0xbb31aea889c7dc033ccf7526f43dda5a2e944cfab624fe70eb0eaf26ef65d85f-158","28345319","1753769980","0xbb31aea889c7dc033ccf7526f43dda5a2e944cfab624fe70eb0eaf26ef65d85f","0xddd77e91c222e36d4bd5ca8e78682a2172314197","0x0fba475e92cfef19f7dbada8ec2cce4ad7bbc0d9","0x7e6810d4a0cf0c38680d0f476158e64daed026b8","553633217993079584775086"
"0xbb3597841379aac917206c22ea754d0a3cf0c659150681af2487fef9831e8feb-14","28389482","1753796542","0xbb3597841379aac917206c22ea754d0a3cf0c659150681af2487fef9831e8feb","0xddd77e91c222e36d4bd5ca8e78682a2172314197","0x0fba475e92cfef19f7dbada8ec2cce4ad7bbc0d9","0xa5343fc1cfbbf62ac2f4a03e48ca2ad1c327cfe1","553633217993079584775086"
"0xbb6d298199e1679ca5083eeee5be3b75f84944048faf06ad39381b3c59a42ead-190","28393938","1753799262","0xbb6d298199e1679ca5083eeee5be3b75f84944048faf06ad39381b3c59a42ead","0xddd77e91c222e36d4bd5ca8e78682a2172314197","0x0fba475e92cfef19f7dbada8ec2cce4ad7bbc0d9","0x0be4c2ba7f2aefb82f101774a41d4f72b9e990da","553633217993079584775086"
"0xbbc76788c4dd6233b501780cb5a9f1e7c101b1790286e0eb4f2f36d3bca0d309-33","28330855","1753761277","0xbbc76788c4dd6233b501780cb5a9f1e7c101b1790286e0eb4f2f36d3bca0d309","0xddd77e91c222e36d4bd5ca8e78682a2172314197","0x0fba475e92cfef19f7dbada8ec2cce4ad7bbc0d9","0x1cf396eca986590cc9aca305483d396749ea36e8","553633217993079584775086"
"0xbbe24de9192ff049d38ede9bbd1738090008c87463a6982da408fddeb88b0bcf-579","28382438","1753792380","0xbbe24de9192ff049d38ede9bbd1738090008c87463a6982da408fddeb88b0bcf","0xddd77e91c222e36d4bd5ca8e78682a2172314197","0x0fba475e92cfef19f7dbada8ec2cce4ad7bbc0d9","0x2312bf7018435bf1fb26abb9d7666297858db142","553633217993079584775086"
"0xbbec4aabad42e4f60802f320bcb341bbe7464d13071b74715e4605f0d0761f76-150","28394067","1753799352","0xbbec4aabad42e4f60802f320bcb341bbe7464d13071b74715e4605f0d0761f76","0xddd77e91c222e36d4bd5ca8e78682a2172314197","0x0fba475e92cfef19f7dbada8ec2cce4ad7bbc0d9","0x6292208b9ecda66e0e5c943e82a89c1f2453c1b8","553633217993079584775086"
"0xbbed7bc4e3b6ce7921f330ba5e78841b814c65482007efcfcf9e08da52eee5e2-553","28387120","1753795129","0xbbed7bc4e3b6ce7921f330ba5e78841b814c65482007efcfcf9e08da52eee5e2","0xddd77e91c222e36d4bd5ca8e78682a2172314197","0x0fba475e92cfef19f7dbada8ec2cce4ad7bbc0d9","0xcfc0c84301e127d4c869d2cead5a7ca2581fcc24","553633217993079584775086"
"0xbbeeeff135658ce37097c7ba3fac4409cb95782443c58ddb346c9cc339a5ae91-124","28335064","1753763813","0xbbeeeff135658ce37097c7ba3fac4409cb95782443c58ddb346c9cc339a5ae91","0xddd77e91c222e36d4bd5ca8e78682a2172314197","0x0fba475e92cfef19f7dbada8ec2cce4ad7bbc0d9","0x8c697d234e58b1d08a326290b943e1033ba383fc","553633217993079584775086"
"0xbbfa33b00eedd9877ac6d2f732651ea9aed371b2db5be9474b9b10ce612fedce-25","28360681","1753779220","0xbbfa33b00eedd9877ac6d2f732651ea9aed371b2db5be9474b9b10ce612fedce","0xddd77e91c222e36d4bd5ca8e78682a2172314197","0x0fba475e92cfef19f7dbada8ec2cce4ad7bbc0d9","0x8a71cd4f8ecfcf29351dc79ee8f68f841495abed","553633217993079584775086"
"0xbca045ec67958a48eae46e4f9d05f4a2ee7d1af3384f4264eece3200a7414abb-116","28332250","1753762103","0xbca045ec67958a48eae46e4f9d05f4a2ee7d1af3384f4264eece3200a7414abb","0xddd77e91c222e36d4bd5ca8e78682a2172314197","0x0fba475e92cfef19f7dbada8ec2cce4ad7bbc0d9","0x8288cdb5ff03bba28064e385f43f2faab3ffcbe1","553633217993079584775086"
"0xbcbfb66d3e9b90c901603cac0645693687d9c41994f63c1f3a46b91a4b92981e-554","28409007","1753808414","0xbcbfb66d3e9b90c901603cac0645693687d9c41994f63c1f3a46b91a4b92981e","0xddd77e91c222e36d4bd5ca8e78682a2172314197","0x0fba475e92cfef19f7dbada8ec2cce4ad7bbc0d9","0xd74652776b20fdef454f05fd55bbbec9422c7342","553633217993079584775086"
"0xbcc11e12784a17577518ef5c746d2a3ece6278fee91dfe77c741c91c5a64a5e1-145","28337383","1753765192","0xbcc11e12784a17577518ef5c746d2a3ece6278fee91dfe77c741c91c5a64a5e1","0xddd77e91c222e36d4bd5ca8e78682a2172314197","0x0fba475e92cfef19f7dbada8ec2cce4ad7bbc0d9","0x9e30efcee3a7f37159b46a14d5c8b3706e150578","553633217993079584775086"
"0xbcc41c5f6d83d2dddf00e45436a54d2df0a4face1dbfa30d2f948abd8b9465ee-324","28355597","1753776139","0xbcc41c5f6d83d2dddf00e45436a54d2df0a4face1dbfa30d2f948abd8b9465ee","0xddd77e91c222e36d4bd5ca8e78682a2172314197","0x0fba475e92cfef19f7dbada8ec2cce4ad7bbc0d9","0x544486d55d028bde20187d6893152244cf05ee62","553633217993079584775086"
"0xbcebcac5de0564d0d279f8e0bf77c50c0365717f72fe03cca4e2fc2df0891d49-36","28390627","1753797247","0xbcebcac5de0564d0d279f8e0bf77c50c0365717f72fe03cca4e2fc2df0891d49","0xddd77e91c222e36d4bd5ca8e78682a2172314197","0x0fba475e92cfef19f7dbada8ec2cce4ad7bbc0d9","0x0a7a7430cc62d4b3fa707c42bfb7c3a4fa3b89d1","553633217993079584775086"
"0xbd0d9f8301ff6a19bf51669eab7a35b3a4a8c1a50fb95b1ce7c766acf5faee4c-160","28401620","1753803943","0xbd0d9f8301ff6a19bf51669eab7a35b3a4a8c1a50fb95b1ce7c766acf5faee4c","0xddd77e91c222e36d4bd5ca8e78682a2172314197","0x0fba475e92cfef19f7dbada8ec2cce4ad7bbc0d9","0x3869a85fd28ce4f8b4126d5e0098565590b80354","553633217993079584775086"
"0xbd158463c0a90b264931f005583bcca50d0f8633c60f4aae99d98425a5bdb77e-4","28350129","1753772867","0xbd158463c0a90b264931f005583bcca50d0f8633c60f4aae99d98425a5bdb77e","0xddd77e91c222e36d4bd5ca8e78682a2172314197","0x0fba475e92cfef19f7dbada8ec2cce4ad7bbc0d9","0x0cc65d3ee30608d8e8d2d3fae35aa3c47cef1b6f","553633217993079584775086"
"0xbd1b7c7aa2b7e35908552ac722b3f148b27cee99c6f7afa72c4c81a270d7e463-153","28352812","1753774471","0xbd1b7c7aa2b7e35908552ac722b3f148b27cee99c6f7afa72c4c81a270d7e463","0xddd77e91c222e36d4bd5ca8e78682a2172314197","0x0fba475e92cfef19f7dbada8ec2cce4ad7bbc0d9","0x74a1b5e6225c21a73f7400efdd0963f5233e9644","553633217993079584775086"
"0xbd1eab8712f39ca5fbc8cae14484e0ca620081ccaeee83338bf9b185362d260d-20","28337894","1753765496","0xbd1eab8712f39ca5fbc8cae14484e0ca620081ccaeee83338bf9b185362d260d","0xddd77e91c222e36d4bd5ca8e78682a2172314197","0x0fba475e92cfef19f7dbada8ec2cce4ad7bbc0d9","0x49d87b2d1dfb980788c614509233ae7941dec69b","553633217993079584775086"
"0xbd2041771daa0bbf165dd885c16eda26c9a0d4421659fb456772938be4345c17-87","28335853","1753764285","0xbd2041771daa0bbf165dd885c16eda26c9a0d4421659fb456772938be4345c17","0xddd77e91c222e36d4bd5ca8e78682a2172314197","0x0fba475e92cfef19f7dbada8ec2cce4ad7bbc0d9","0x8b9f0f3ef86d37063b547e395ab7b53522f782d2","553633217993079584775086"
"0xbd4cd6150af43005c3fe0c12936e14fc567901764981775b6b77647c01fd3349-12","28353141","1753774667","0xbd4cd6150af43005c3fe0c12936e14fc567901764981775b6b77647c01fd3349","0xddd77e91c222e36d4bd5ca8e78682a2172314197","0x0fba475e92cfef19f7dbada8ec2cce4ad7bbc0d9","0x37fbe904570a464e14bece096703affa56f25f39","553633217993079584775086"
"0xbd54e1177d9fad6e6d7c0930ce0fc87885fa058a75f0c4f1a68c74d4b4d9b9b9-83","28137453","1753645219","0xbd54e1177d9fad6e6d7c0930ce0fc87885fa058a75f0c4f1a68c74d4b4d9b9b9","0xddd77e91c222e36d4bd5ca8e78682a2172314197","0x0fba475e92cfef19f7dbada8ec2cce4ad7bbc0d9","0xa788f00be51f3b9c8c3dd82ed02b29caf0371d80","553633217993079584775086"
"0xbd74a1efe4729d9d9ae69380a7bbeebfdbb69aed8918f3e69ec49a96a8bbc325-57","28337449","1753765230","0xbd74a1efe4729d9d9ae69380a7bbeebfdbb69aed8918f3e69ec49a96a8bbc325","0xddd77e91c222e36d4bd5ca8e78682a2172314197","0x0fba475e92cfef19f7dbada8ec2cce4ad7bbc0d9","0xf109381a440e9969684a429867df5d786282c4a9","553633217993079584775086"
"0xbd7da0a7cc86bb5b1971d181c6e0d55dea3104606f79dd68de42ff655ca9b986-11","28130950","1753641296","0xbd7da0a7cc86bb5b1971d181c6e0d55dea3104606f79dd68de42ff655ca9b986","0xddd77e91c222e36d4bd5ca8e78682a2172314197","0x0fba475e92cfef19f7dbada8ec2cce4ad7bbc0d9","0x2bfb4adb8e39a7097d973dea6ac88315120ae859","553633217993079584775086"
"0xbd9063e56aa35c6ad2230c6c9cfa917e8ab0009bdea6314e5384877279f8d0de-97","28337472","1753765243","0xbd9063e56aa35c6ad2230c6c9cfa917e8ab0009bdea6314e5384877279f8d0de","0xddd77e91c222e36d4bd5ca8e78682a2172314197","0x0fba475e92cfef19f7dbada8ec2cce4ad7bbc0d9","0x731c457fec10ac9005487e89f2b8365f33fb188a","553633217993079584775086"
"0xbd94ead55004843195b11b1800c20b1f1cd7fc39ebc3089aa7dccf87b2f5ae15-129","28345289","1753769957","0xbd94ead55004843195b11b1800c20b1f1cd7fc39ebc3089aa7dccf87b2f5ae15","0xddd77e91c222e36d4bd5ca8e78682a2172314197","0x0fba475e92cfef19f7dbada8ec2cce4ad7bbc0d9","0x961b47ee67fa9aa8c916d0d7a61c5bbeef8a018c","553633217993079584775086"
"0xbd9aedf036ce34f32f5eab7ab3322de16607765043d8cd16f3538d1aeacf66ce-517","28334149","1753763232","0xbd9aedf036ce34f32f5eab7ab3322de16607765043d8cd16f3538d1aeacf66ce","0xddd77e91c222e36d4bd5ca8e78682a2172314197","0x0fba475e92cfef19f7dbada8ec2cce4ad7bbc0d9","0xadbbe0440293c719a04388a140d085dae406a60a","553633217993079584775086"
"0xbdef67dad232594518124d2e035b7d9aa466d13bc7cc018b756ab423d5a77741-125","28366589","1753782790","0xbdef67dad232594518124d2e035b7d9aa466d13bc7cc018b756ab423d5a77741","0xddd77e91c222e36d4bd5ca8e78682a2172314197","0x0fba475e92cfef19f7dbada8ec2cce4ad7bbc0d9","0xdaf859edc3b56a6e2888349861d9f83b9b50c6ce","553633217993079584775086"
"0xbdfda4d2551de9ef2594fc35842462389ea8b3138fa6c55dd97098709d90496f-50","28345918","1753770337","0xbdfda4d2551de9ef2594fc35842462389ea8b3138fa6c55dd97098709d90496f","0xddd77e91c222e36d4bd5ca8e78682a2172314197","0x0fba475e92cfef19f7dbada8ec2cce4ad7bbc0d9","0xffb2df79b1c57b52a352411b914592800c637526","553633217993079584775086"
"0xbe12284c4b9fdc9c4f8775951151dbae192f68cf13415043a65a1b1791e8b8bf-187","28333680","1753762938","0xbe12284c4b9fdc9c4f8775951151dbae192f68cf13415043a65a1b1791e8b8bf","0xddd77e91c222e36d4bd5ca8e78682a2172314197","0x0fba475e92cfef19f7dbada8ec2cce4ad7bbc0d9","0xf6fb054b54bf2827915e77cfb50ae1d3aa4b3a29","553633217993079584775086"
"0xbe12d3c5ceac2f03c89f1604bd0568331443050ce15bd8bc422a113e20cd3e20-157","28339424","1753766443","0xbe12d3c5ceac2f03c89f1604bd0568331443050ce15bd8bc422a113e20cd3e20","0xddd77e91c222e36d4bd5ca8e78682a2172314197","0x0fba475e92cfef19f7dbada8ec2cce4ad7bbc0d9","0xcce30b49d0f3285d41034bf64dc1363cbe2f9d9b","553633217993079584775086"
"0xbe1401a52fd12ddfcba5825a0923e9731945a3872d598f38ef0a474b9c822d25-31","28354823","1753775664","0xbe1401a52fd12ddfcba5825a0923e9731945a3872d598f38ef0a474b9c822d25","0xddd77e91c222e36d4bd5ca8e78682a2172314197","0x0fba475e92cfef19f7dbada8ec2cce4ad7bbc0d9","0x89176f68d754084f322482d9e95ebc3c68d98eea","553633217993079584775086"
"0xbe22c7b64423a9f4ee66650bfc1383b41876c809c8667088b2d0dcc7b38889e6-237","28402419","1753804441","0xbe22c7b64423a9f4ee66650bfc1383b41876c809c8667088b2d0dcc7b38889e6","0xddd77e91c222e36d4bd5ca8e78682a2172314197","0x0fba475e92cfef19f7dbada8ec2cce4ad7bbc0d9","0x14e1d27f7b6a25c8abd37502c03c473d8e388263","553633217993079584775086"
"0xbe3711a7d1415b9f39ce61377234b0b2db222fbf8af5ba7bd29fa4580bc732d8-750","28348051","1753771643","0xbe3711a7d1415b9f39ce61377234b0b2db222fbf8af5ba7bd29fa4580bc732d8","0xddd77e91c222e36d4bd5ca8e78682a2172314197","0x0fba475e92cfef19f7dbada8ec2cce4ad7bbc0d9","0xf4bc49c883eebe25019216ab8bb5b0b3efe669a1","553633217993079584775086"
"0xbe48782ca595598ecb3d880654333e39d23fce07b52873625a782ad4e4ce1f29-140","28344967","1753769766","0xbe48782ca595598ecb3d880654333e39d23fce07b52873625a782ad4e4ce1f29","0xddd77e91c222e36d4bd5ca8e78682a2172314197","0x0fba475e92cfef19f7dbada8ec2cce4ad7bbc0d9","0xc5ad84e120fe5bcb9582407de94199eb4a29efd9","553633217993079584775086"
"0xbe4960e8fc821e31f53ffef68a04158e46e397632d53a258f46866d72c88a663-167","28374923","1753787825","0xbe4960e8fc821e31f53ffef68a04158e46e397632d53a258f46866d72c88a663","0xddd77e91c222e36d4bd5ca8e78682a2172314197","0x0fba475e92cfef19f7dbada8ec2cce4ad7bbc0d9","0x8c12768ee1f46d0906c4b040b2093921517237e8","553633217993079584775086"
"0xbe49f6af20d8b9bdfb1bd56e5542da1beb843e172134f09d3b91b4513222a6a6-13","28349852","1753772694","0xbe49f6af20d8b9bdfb1bd56e5542da1beb843e172134f09d3b91b4513222a6a6","0xddd77e91c222e36d4bd5ca8e78682a2172314197","0x0fba475e92cfef19f7dbada8ec2cce4ad7bbc0d9","0xb19092f617918dac0fc6a61c0607119c47a15d78","553633217993079584775086"
"0xbe4d20a5c042ccd6c3663acfa487c0dee9a8864a035adeb66223a074deaf7f75-763","28352431","1753774241","0xbe4d20a5c042ccd6c3663acfa487c0dee9a8864a035adeb66223a074deaf7f75","0xddd77e91c222e36d4bd5ca8e78682a2172314197","0x0fba475e92cfef19f7dbada8ec2cce4ad7bbc0d9","0x398e8ea0c94c45a4eb3bbf3c6732ee3390a87cd7","553633217993079584775086"
"0xbe7842f551f86f529d37fe1c1be63322cf6a0c361e28ed55771a7c6a3d3a93df-32","28344636","1753769554","0xbe7842f551f86f529d37fe1c1be63322cf6a0c361e28ed55771a7c6a3d3a93df","0xddd77e91c222e36d4bd5ca8e78682a2172314197","0x0fba475e92cfef19f7dbada8ec2cce4ad7bbc0d9","0xa867c74266e71d2d8a41178615c95c6e578350d0","553633217993079584775086"
"0xbe8e5c8f11227282fcb6ca1ed502dac49da7e2d550ab1d24377d7185e65afb5f-115","28344377","1753769406","0xbe8e5c8f11227282fcb6ca1ed502dac49da7e2d550ab1d24377d7185e65afb5f","0xddd77e91c222e36d4bd5ca8e78682a2172314197","0x0fba475e92cfef19f7dbada8ec2cce4ad7bbc0d9","0x158d161992ce52066f801f61664d4e259a697337","553633217993079584775086"
"0xbe95c4c64651413e444c510bd7ee2c7367ba2d65cd477c36fe581d8de0139b5e-47","28130505","1753641041","0xbe95c4c64651413e444c510bd7ee2c7367ba2d65cd477c36fe581d8de0139b5e","0xddd77e91c222e36d4bd5ca8e78682a2172314197","0x0fba475e92cfef19f7dbada8ec2cce4ad7bbc0d9","0x3aee3c1da878c3cccb827c34fdeaee759a389c7c","553633217993079584775086"
"0xbe9b1529e920969ad0afdfb0db43f6eb10b41cbf42827078a80606e72895cde4-78","28137425","1753645201","0xbe9b1529e920969ad0afdfb0db43f6eb10b41cbf42827078a80606e72895cde4","0xddd77e91c222e36d4bd5ca8e78682a2172314197","0x0fba475e92cfef19f7dbada8ec2cce4ad7bbc0d9","0x635c8f3ed99e53606ea849a7c76cebe3a4204e34","553633217993079584775086"
"0xbead791921af2aaaf5301f3b11752da43c355ea938df05e9700b02ad66b9a70d-6","28354213","1753775301","0xbead791921af2aaaf5301f3b11752da43c355ea938df05e9700b02ad66b9a70d","0xddd77e91c222e36d4bd5ca8e78682a2172314197","0x0fba475e92cfef19f7dbada8ec2cce4ad7bbc0d9","0x92ba6bbfb4010e42431914ff25094fa988711a3c","553633217993079584775086"
"0xbedf2ad3d712bcf65d49b45d9df04f93d324fbf0a4c0146bbcdb6e9aea2cc778-155","28401685","1753803992","0xbedf2ad3d712bcf65d49b45d9df04f93d324fbf0a4c0146bbcdb6e9aea2cc778","0xddd77e91c222e36d4bd5ca8e78682a2172314197","0x0fba475e92cfef19f7dbada8ec2cce4ad7bbc0d9","0x91d34bf4c0cc772decb849a2353a9fdfa4c78de4","553633217993079584775086"
"0xbeed9eee920f430a6bbe8ce14ea9b54d19914aaa5abb34c0d67c040e8c62a3c9-716","28347646","1753771368","0xbeed9eee920f430a6bbe8ce14ea9b54d19914aaa5abb34c0d67c040e8c62a3c9","0xddd77e91c222e36d4bd5ca8e78682a2172314197","0x0fba475e92cfef19f7dbada8ec2cce4ad7bbc0d9","0xd4aa9d597f1d479fdc19c85470823975c62416bd","553633217993079584775086"
"0xbef38652798004f87cee2f799a59b5b87ae777352ef4e78f5f47cb57e52a5155-218","28387869","1753795549","0xbef38652798004f87cee2f799a59b5b87ae777352ef4e78f5f47cb57e52a5155","0xddd77e91c222e36d4bd5ca8e78682a2172314197","0x0fba475e92cfef19f7dbada8ec2cce4ad7bbc0d9","0x4315ef96bb9774b82b541817672da4969c7219e3","553633217993079584775086"
"0xbef41fca0f5afb976351e947a7557bee87554c8358bb3cdcad8ad124c924f4c3-82","28346282","1753770547","0xbef41fca0f5afb976351e947a7557bee87554c8358bb3cdcad8ad124c924f4c3","0xddd77e91c222e36d4bd5ca8e78682a2172314197","0x0fba475e92cfef19f7dbada8ec2cce4ad7bbc0d9","0xae7580029c9f702c1a317e64a9c40ea83e685a15","553633217993079584775086"
"0xbefa78eca8de2d30f916d09e83f1f68864b0f9440dc9c2560ab5feb63fbb7099-87","28350224","1753772928","0xbefa78eca8de2d30f916d09e83f1f68864b0f9440dc9c2560ab5feb63fbb7099","0xddd77e91c222e36d4bd5ca8e78682a2172314197","0x0fba475e92cfef19f7dbada8ec2cce4ad7bbc0d9","0xc99b46012d548bf8e171cfc46677adf3ab81c071","553633217993079584775086"
"0xbf017816fda9e6197b31d664f1fc531b07efbd4eeae28c4febf6ea236674410a-136","28397835","1753801612","0xbf017816fda9e6197b31d664f1fc531b07efbd4eeae28c4febf6ea236674410a","0xddd77e91c222e36d4bd5ca8e78682a2172314197","0x0fba475e92cfef19f7dbada8ec2cce4ad7bbc0d9","0x2fc2e97f6258db0cdfd961b0dffcb33dc915b49f","553633217993079584775086"
"0xbf02518688dd5c7524a5d069647150f206aa74bc0b9c181a9ae7db3fd46fa5c7-183","28374190","1753787361","0xbf02518688dd5c7524a5d069647150f206aa74bc0b9c181a9ae7db3fd46fa5c7","0xddd77e91c222e36d4bd5ca8e78682a2172314197","0x0fba475e92cfef19f7dbada8ec2cce4ad7bbc0d9","0xa23ebb9662866a61ab17472eb39fa0d5bea195bb","553633217993079584775086"
"0xbf0293f416f120f73229574471bf3f0b91e7cbdfea908b11aaea33b8070c25da-76","28393390","1753798926","0xbf0293f416f120f73229574471bf3f0b91e7cbdfea908b11aaea33b8070c25da","0xddd77e91c222e36d4bd5ca8e78682a2172314197","0x0fba475e92cfef19f7dbada8ec2cce4ad7bbc0d9","0xd9286bead55ac7595f8b56c2bccd81cfd98a230d","553633217993079584775086"
"0xbf03627b052da3345d5197d8793023378b74a8de95cb01d61b20d156071fe23a-110","28354523","1753775495","0xbf03627b052da3345d5197d8793023378b74a8de95cb01d61b20d156071fe23a","0xddd77e91c222e36d4bd5ca8e78682a2172314197","0x0fba475e92cfef19f7dbada8ec2cce4ad7bbc0d9","0xb0d9747f362493780ed93ca97a483eb195e86775","553633217993079584775086"
"0xbf2eb5660996c088a253aa71beee3547a5aac929ed8146cad3feb8760c9e1715-45","28338070","1753765599","0xbf2eb5660996c088a253aa71beee3547a5aac929ed8146cad3feb8760c9e1715","0xddd77e91c222e36d4bd5ca8e78682a2172314197","0x0fba475e92cfef19f7dbada8ec2cce4ad7bbc0d9","0x57c90d8db6fefb8801f99437ea65d814b0e31c7c","553633217993079584775086"
"0xbf4c5e5259ec9502de07613031746113c0ee6d35dd0839e0fa93373459383087-118","28363575","1753780957","0xbf4c5e5259ec9502de07613031746113c0ee6d35dd0839e0fa93373459383087","0xddd77e91c222e36d4bd5ca8e78682a2172314197","0x0fba475e92cfef19f7dbada8ec2cce4ad7bbc0d9","0x9412ffeadcf7499108e4cc7bcddd5b80f60c9339","553633217993079584775086"
"0xbf51c5c97f40606c1b6e4002fac7c5920693f9a0bccc7913c2671864a43ad7f8-201","28377345","1753789283","0xbf51c5c97f40606c1b6e4002fac7c5920693f9a0bccc7913c2671864a43ad7f8","0xddd77e91c222e36d4bd5ca8e78682a2172314197","0x0fba475e92cfef19f7dbada8ec2cce4ad7bbc0d9","0xf8ec5a8d194e127812bd3a530a5ce8224c6ed126","553633217993079584775086"
"0xbf87880195bb4050143e929bf2fe755bb88d22aa3ad9afa99748126e2c0eff08-151","28381429","1753791753","0xbf87880195bb4050143e929bf2fe755bb88d22aa3ad9afa99748126e2c0eff08","0xddd77e91c222e36d4bd5ca8e78682a2172314197","0x0fba475e92cfef19f7dbada8ec2cce4ad7bbc0d9","0x31f1a3782ee8525f56c76666173fda689a928f35","553633217993079584775086"
"0xbf92985ea50f21657796083ff9be8510635eb16277a5449d3e482b60e8732bae-277","28370428","1753785079","0xbf92985ea50f21657796083ff9be8510635eb16277a5449d3e482b60e8732bae","0xddd77e91c222e36d4bd5ca8e78682a2172314197","0x0fba475e92cfef19f7dbada8ec2cce4ad7bbc0d9","0x20c6f5e473b0619cc3a6417a9bd940346096dbc7","553633217993079584775086"
"0xbfafeb5e185c434f17e261fe2a80582570dbe89f33c710e9e1ce4115a760565c-13","28336522","1753764693","0xbfafeb5e185c434f17e261fe2a80582570dbe89f33c710e9e1ce4115a760565c","0xddd77e91c222e36d4bd5ca8e78682a2172314197","0x0fba475e92cfef19f7dbada8ec2cce4ad7bbc0d9","0x0cc4fd107da5d1d254fba6612dbb1ed832a0ce83","553633217993079584775086"
"0xbfd407de589a01652a6340c60131e625dcb126558888da77da7188bffde8767e-28","28398916","1753802265","0xbfd407de589a01652a6340c60131e625dcb126558888da77da7188bffde8767e","0xddd77e91c222e36d4bd5ca8e78682a2172314197","0x0fba475e92cfef19f7dbada8ec2cce4ad7bbc0d9","0x99ea6283f787571d1cc73087a0efd8fcd098c9ff","553633217993079584775086"
"0xbff9059e2d12780cb7724a86fafcf5d50c23c377d5e947b31c06601bfeb30501-53","28374041","1753787264","0xbff9059e2d12780cb7724a86fafcf5d50c23c377d5e947b31c06601bfeb30501","0xddd77e91c222e36d4bd5ca8e78682a2172314197","0x0fba475e92cfef19f7dbada8ec2cce4ad7bbc0d9","0x1f0a90e32ed5c150d6e271424a81ddc2162df584","553633217993079584775086"
"0xc005e8df95fae496f0b9abb0b3a1fec503044d5f729b416bb8fe89aa728f6c65-35","28360721","1753779246","0xc005e8df95fae496f0b9abb0b3a1fec503044d5f729b416bb8fe89aa728f6c65","0xddd77e91c222e36d4bd5ca8e78682a2172314197","0x0fba475e92cfef19f7dbada8ec2cce4ad7bbc0d9","0xc608c0cf52aba3d2a7e974cce530fc49c8de384a","553633217993079584775086"
"0xc006231d6d82404a6e90c8c13beaa38508159e28d0b9d5a64946b50decea9cc0-76","28332211","1753762079","0xc006231d6d82404a6e90c8c13beaa38508159e28d0b9d5a64946b50decea9cc0","0xddd77e91c222e36d4bd5ca8e78682a2172314197","0x0fba475e92cfef19f7dbada8ec2cce4ad7bbc0d9","0xa659bf11d67eb192f31fee5fbb8480496f89f00b","553633217993079584775086"
"0xc0084a788d06ec59cd00e51b64b5aca230787321bafed448c4e35a45f12ec9d7-107","28379204","1753790394","0xc0084a788d06ec59cd00e51b64b5aca230787321bafed448c4e35a45f12ec9d7","0xddd77e91c222e36d4bd5ca8e78682a2172314197","0x0fba475e92cfef19f7dbada8ec2cce4ad7bbc0d9","0x1c231a1976478d5f95fffb123886282b2750de36","553633217993079584775086"
"0xc01fa9c785c9d5f4947971a5f7cbe8061fcc1efd4c484d6333c80fddc7228bb0-18","28341136","1753767446","0xc01fa9c785c9d5f4947971a5f7cbe8061fcc1efd4c484d6333c80fddc7228bb0","0xddd77e91c222e36d4bd5ca8e78682a2172314197","0x0fba475e92cfef19f7dbada8ec2cce4ad7bbc0d9","0x6603012dc7b7934460fe1f83789ab5a632653c25","553633217993079584775086"
"0xc0211de780257568ed9a54c211a34a91f6fec9b0e748c85033e5f91e445dbfdf-73","28339613","1753766552","0xc0211de780257568ed9a54c211a34a91f6fec9b0e748c85033e5f91e445dbfdf","0xddd77e91c222e36d4bd5ca8e78682a2172314197","0x0fba475e92cfef19f7dbada8ec2cce4ad7bbc0d9","0x418febebe431a8afe9a13015ee20f8bb88db5f85","553633217993079584775086"
"0xc033bf5fd7f0113a5d0bfe851f34a197263942d911a9ed37130ed739606569b2-89","28339020","1753766168","0xc033bf5fd7f0113a5d0bfe851f34a197263942d911a9ed37130ed739606569b2","0xddd77e91c222e36d4bd5ca8e78682a2172314197","0x0fba475e92cfef19f7dbada8ec2cce4ad7bbc0d9","0x4de91769f9d81c0e1263d2276a9e26eb23ab01ef","553633217993079584775086"
"0xc03d0b536bf4bd204b6b899416dc792a9f5a2e19409c64e41dd299335ea8d222-152","28377609","1753789442","0xc03d0b536bf4bd204b6b899416dc792a9f5a2e19409c64e41dd299335ea8d222","0xddd77e91c222e36d4bd5ca8e78682a2172314197","0x0fba475e92cfef19f7dbada8ec2cce4ad7bbc0d9","0x04deb21a2f9b28ac744e90247d9e9addf6ecf64a","553633217993079584775086"
"0xc04218d85cf9786a868975305771b433ddfb18a110b1231e7bb54ec237656dbb-55","28361371","1753779625","0xc04218d85cf9786a868975305771b433ddfb18a110b1231e7bb54ec237656dbb","0xddd77e91c222e36d4bd5ca8e78682a2172314197","0x0fba475e92cfef19f7dbada8ec2cce4ad7bbc0d9","0x9783ab3b2edbdba662704c497719fb7af4391ecb","553633217993079584775086"
"0xc065784dd985294c3fdbe2289a0e4948872dc2a72f9fa2a0dca3d24bcfe9874b-71","28351639","1753773774","0xc065784dd985294c3fdbe2289a0e4948872dc2a72f9fa2a0dca3d24bcfe9874b","0xddd77e91c222e36d4bd5ca8e78682a2172314197","0x0fba475e92cfef19f7dbada8ec2cce4ad7bbc0d9","0x31d426819aef6e4f69203bbac9f5a0e0dc4f39d2","553633217993079584775086"
"0xc07dc3e9e7839d7caae45bcdf56a5599590ac3811102168ebb85eaaf1b48773e-828","28370502","1753785125","0xc07dc3e9e7839d7caae45bcdf56a5599590ac3811102168ebb85eaaf1b48773e","0xddd77e91c222e36d4bd5ca8e78682a2172314197","0x0fba475e92cfef19f7dbada8ec2cce4ad7bbc0d9","0x9acad9a268caa4f1da75c980953651deae490727","553633217993079584775086"
"0xc0a6c4820d20fb3f53dd919c6f7849c85e2c5ae894fb1aad931b8a422a5cb049-959","28330782","1753761229","0xc0a6c4820d20fb3f53dd919c6f7849c85e2c5ae894fb1aad931b8a422a5cb049","0xddd77e91c222e36d4bd5ca8e78682a2172314197","0x0fba475e92cfef19f7dbada8ec2cce4ad7bbc0d9","0x795cf126e8547833acf1b2088d2281b5f83fd022","553633217993079584775086"
"0xc0e6dce0d4c29653ec699ecb6411cc220df7d015f696191c54a243af0e978ccd-140","28360620","1753779184","0xc0e6dce0d4c29653ec699ecb6411cc220df7d015f696191c54a243af0e978ccd","0xddd77e91c222e36d4bd5ca8e78682a2172314197","0x0fba475e92cfef19f7dbada8ec2cce4ad7bbc0d9","0x7872bbea9fff3e43f647606a519be86e9f83676e","553633217993079584775086"
"0xc0f92f4b9c2ab9bf34c250cf56994b2cafa0882556c6df9550ca7ec73c2d8ee5-23","28358679","1753778001","0xc0f92f4b9c2ab9bf34c250cf56994b2cafa0882556c6df9550ca7ec73c2d8ee5","0xddd77e91c222e36d4bd5ca8e78682a2172314197","0x0fba475e92cfef19f7dbada8ec2cce4ad7bbc0d9","0x8c16c934f232fcea2a82f2d87ba4e1818a4fa669","553633217993079584775086"
"0xc116e59077112fc31445faff3cb0477c7dedc612bd6c6745c3552fb9bc78c4ed-103","28332273","1753762116","0xc116e59077112fc31445faff3cb0477c7dedc612bd6c6745c3552fb9bc78c4ed","0xddd77e91c222e36d4bd5ca8e78682a2172314197","0x0fba475e92cfef19f7dbada8ec2cce4ad7bbc0d9","0x565880daae5873836b554318b1c5f78fdc948f7e","553633217993079584775086"
"0xc1225c1cf80492b137b2ba87a82bc42430044cd4163ad8a714e9e91f9a355746-73","28333960","1753763110","0xc1225c1cf80492b137b2ba87a82bc42430044cd4163ad8a714e9e91f9a355746","0xddd77e91c222e36d4bd5ca8e78682a2172314197","0x0fba475e92cfef19f7dbada8ec2cce4ad7bbc0d9","0x292e919c55f45a8b0097a23d5b65ab2276c072fa","553633217993079584775086"
"0xc131430e600b314e63f2867fd7bf87b6f3c7cbc98cf91c71c69ed66fe2a1fb57-61","28403421","1753805043","0xc131430e600b314e63f2867fd7bf87b6f3c7cbc98cf91c71c69ed66fe2a1fb57","0xddd77e91c222e36d4bd5ca8e78682a2172314197","0x0fba475e92cfef19f7dbada8ec2cce4ad7bbc0d9","0x7ad52a4d6c3f739f6268c2b6822c92295c99b68d","553633217993079584775086"
"0xc1359eb45ccb634f889f01b665680e7223888dd7629705858e2f5ab79c3087a9-4","28339995","1753766768","0xc1359eb45ccb634f889f01b665680e7223888dd7629705858e2f5ab79c3087a9","0xddd77e91c222e36d4bd5ca8e78682a2172314197","0x0fba475e92cfef19f7dbada8ec2cce4ad7bbc0d9","0x456eb3b48c00b9fe671a6dd3a27d03fcf1f45acf","553633217993079584775086"
"0xc15a76b63b422915921dd8f70b8e607abc388146bab2876e0d4475b4f30ce1bf-82","28376413","1753788699","0xc15a76b63b422915921dd8f70b8e607abc388146bab2876e0d4475b4f30ce1bf","0xddd77e91c222e36d4bd5ca8e78682a2172314197","0x0fba475e92cfef19f7dbada8ec2cce4ad7bbc0d9","0xb081a17096d48b1c44ed45cd0e4fa60c837da709","553633217993079584775086"
"0xc17d4a17ffba6d1f3bea1e5866fb1771db7b537f87ca9ad7cf0704b12bc3539b-46","28363196","1753780725","0xc17d4a17ffba6d1f3bea1e5866fb1771db7b537f87ca9ad7cf0704b12bc3539b","0xddd77e91c222e36d4bd5ca8e78682a2172314197","0x0fba475e92cfef19f7dbada8ec2cce4ad7bbc0d9","0x29f7c4c0a4d8071fad1fb107501cea850878c4de","553633217993079584775086"
"0xc185cc76c0c5f089ecba1d04a8436b6df9a5457a6513a63390657ff51c592f6f-28","28377032","1753789091","0xc185cc76c0c5f089ecba1d04a8436b6df9a5457a6513a63390657ff51c592f6f","0xddd77e91c222e36d4bd5ca8e78682a2172314197","0x0fba475e92cfef19f7dbada8ec2cce4ad7bbc0d9","0x1f7c667711cc07ca9c7ee8aa825512e7bb5a1b88","553633217993079584775086"
"0xc186d972235630bf6c8e532dcd5df7724f5faa36f7e789d9732e626823ed7a62-7","28337633","1753765345","0xc186d972235630bf6c8e532dcd5df7724f5faa36f7e789d9732e626823ed7a62","0xddd77e91c222e36d4bd5ca8e78682a2172314197","0x0fba475e92cfef19f7dbada8ec2cce4ad7bbc0d9","0xe70c53381bb4d8185a69fd15c10e0c3cc5cdd312","553633217993079584775086"
"0xc193dbc09e2d0d05370988879893d2eb9846ccfd74e72e6581f3785c729c5a2c-188","28366335","1753782627","0xc193dbc09e2d0d05370988879893d2eb9846ccfd74e72e6581f3785c729c5a2c","0xddd77e91c222e36d4bd5ca8e78682a2172314197","0x0fba475e92cfef19f7dbada8ec2cce4ad7bbc0d9","0xff5a8407505bc4d96fd4384221d1cd60a5bfc5a1","553633217993079584775086"
"0xc1c548dd880b38cf85aa79f3a0062d893b57e3439782f54a816df3f47f2e3268-3","28400518","1753803273","0xc1c548dd880b38cf85aa79f3a0062d893b57e3439782f54a816df3f47f2e3268","0xddd77e91c222e36d4bd5ca8e78682a2172314197","0x0fba475e92cfef19f7dbada8ec2cce4ad7bbc0d9","0x3ce0a9fde480adf015b0032f79e23f2eb6030bc3","553633217993079584775086"
"0xc1f3760bd6a8a4f1a4bda947719d215d67d283d5b1b07fc672d7aaee14ff3bb7-649","28367015","1753783050","0xc1f3760bd6a8a4f1a4bda947719d215d67d283d5b1b07fc672d7aaee14ff3bb7","0xddd77e91c222e36d4bd5ca8e78682a2172314197","0x0fba475e92cfef19f7dbada8ec2cce4ad7bbc0d9","0x082d7153b79f4dc6998802bd85e3441e5153d9c6","553633217993079584775086"
"0xc1fbf3a1fcec982bee3fc55d86d0d008c1ceb73152998c6a90bda06c4bfc1d91-57","28388798","1753796102","0xc1fbf3a1fcec982bee3fc55d86d0d008c1ceb73152998c6a90bda06c4bfc1d91","0xddd77e91c222e36d4bd5ca8e78682a2172314197","0x0fba475e92cfef19f7dbada8ec2cce4ad7bbc0d9","0xdf1cfb67a2f3a7abc6000527ac170d4f413a4e0f","553633217993079584775086"
"0xc201806da8ff77faa1d58b2a5dbad5756d6f7f6f97621e875d5604e866ff7e64-50","28391491","1753797774","0xc201806da8ff77faa1d58b2a5dbad5756d6f7f6f97621e875d5604e866ff7e64","0xddd77e91c222e36d4bd5ca8e78682a2172314197","0x0fba475e92cfef19f7dbada8ec2cce4ad7bbc0d9","0x760231ba8ffb4df4d03f5909708f6bf0c0e1a2f4","553633217993079584775086"
"0xc2318fe0d41e82b78935476ad56904dc56320a2570a3e8978cf0c4718115e1ea-148","28366202","1753782547","0xc2318fe0d41e82b78935476ad56904dc56320a2570a3e8978cf0c4718115e1ea","0xddd77e91c222e36d4bd5ca8e78682a2172314197","0x0fba475e92cfef19f7dbada8ec2cce4ad7bbc0d9","0xd85320a24714e67f68261b8e1d9fc3d62e1db9d5","553633217993079584775086"
"0xc234d3289dc5ef49d8dccb6e90ed3925716f13a396a021cc0f0eea05d3e7ad42-3","28357615","1753777358","0xc234d3289dc5ef49d8dccb6e90ed3925716f13a396a021cc0f0eea05d3e7ad42","0xddd77e91c222e36d4bd5ca8e78682a2172314197","0x0fba475e92cfef19f7dbada8ec2cce4ad7bbc0d9","0x7f5c6e88fd1e1983e97ac3912778d65ba9f5468f","553633217993079584775086"
"0xc26239456342304eabfedf724f08dee787b9c830c691f4ca712c451c79d4ae57-67","28401282","1753803728","0xc26239456342304eabfedf724f08dee787b9c830c691f4ca712c451c79d4ae57","0xddd77e91c222e36d4bd5ca8e78682a2172314197","0x0fba475e92cfef19f7dbada8ec2cce4ad7bbc0d9","0x69f19ba4564990ae62cb03d1babed1ec6f7a9048","553633217993079584775086"
"0xc28af9ab66ba9c842e043ae910b97b889bc4188c1a997d443c325a11bd956315-354","28400234","1753803101","0xc28af9ab66ba9c842e043ae910b97b889bc4188c1a997d443c325a11bd956315","0xddd77e91c222e36d4bd5ca8e78682a2172314197","0x0fba475e92cfef19f7dbada8ec2cce4ad7bbc0d9","0x5c46ffd21093c4f18ff712a380e6b5be089f07b2","553633217993079584775086"
"0xc2a57b0d2926e8568f0952839ecde215739b4a3b4be02c54f12a6567583cb51d-33","28360689","1753779224","0xc2a57b0d2926e8568f0952839ecde215739b4a3b4be02c54f12a6567583cb51d","0xddd77e91c222e36d4bd5ca8e78682a2172314197","0x0fba475e92cfef19f7dbada8ec2cce4ad7bbc0d9","0xe9afef15bd42c8139e63ff1c8c41daeec0009717","553633217993079584775086"
"0xc2a67f4ca6bd2c428c895c81e75ba3713f12ff17b11f7a5b9055b70b2157682c-193","28382694","1753792532","0xc2a67f4ca6bd2c428c895c81e75ba3713f12ff17b11f7a5b9055b70b2157682c","0xddd77e91c222e36d4bd5ca8e78682a2172314197","0x0fba475e92cfef19f7dbada8ec2cce4ad7bbc0d9","0xb3034d48ff8b1086e1491858ea3210155dba5c51","553633217993079584775086"
"0xc2a93619b9f03c5ec59d004a480c597c64558660b88f014710e09ede5f12114c-235","28348837","1753772100","0xc2a93619b9f03c5ec59d004a480c597c64558660b88f014710e09ede5f12114c","0xddd77e91c222e36d4bd5ca8e78682a2172314197","0x0fba475e92cfef19f7dbada8ec2cce4ad7bbc0d9","0xcadb37652435c6197f5e1eda2c9652d0e92148ff","553633217993079584775086"
"0xc2bcaf4a3bf88757be859b64ad7b19bb04bc21ba61ada270102acf5bfe09b319-5","28362530","1753780333","0xc2bcaf4a3bf88757be859b64ad7b19bb04bc21ba61ada270102acf5bfe09b319","0xddd77e91c222e36d4bd5ca8e78682a2172314197","0x0fba475e92cfef19f7dbada8ec2cce4ad7bbc0d9","0x4dd2f53ad3eed340ab4941cc123d39397a55a6a6","553633217993079584775086"
"0xc2bd6502e531eb6443c44961cb9ee080e0aa8a5dec3948759102de7e58d58040-23","28353899","1753775111","0xc2bd6502e531eb6443c44961cb9ee080e0aa8a5dec3948759102de7e58d58040","0xddd77e91c222e36d4bd5ca8e78682a2172314197","0x0fba475e92cfef19f7dbada8ec2cce4ad7bbc0d9","0x2c7956fb5fa79ba7db5ad2f3b1c36ef79e9338b9","553633217993079584775086"
"0xc2c160cc835486f6d1a12dee531677c710d27301d9a2fe57881964a88e358b55-267","28334306","1753763350","0xc2c160cc835486f6d1a12dee531677c710d27301d9a2fe57881964a88e358b55","0xddd77e91c222e36d4bd5ca8e78682a2172314197","0x0fba475e92cfef19f7dbada8ec2cce4ad7bbc0d9","0x5e127458c17922cd5b32b04eefb2855fa532b113","553633217993079584775086"
"0xc2c679f53e34d9ba34792283276035fef8d1eb26321fde6a46fdf3f3ab0e2ca3-67","28375987","1753788449","0xc2c679f53e34d9ba34792283276035fef8d1eb26321fde6a46fdf3f3ab0e2ca3","0xddd77e91c222e36d4bd5ca8e78682a2172314197","0x0fba475e92cfef19f7dbada8ec2cce4ad7bbc0d9","0xb4322813d5b636c801271ee8aad953a2636d4f7d","553633217993079584775086"
"0xc2f239b50da072cd75c7e9f3c1cf622f64c4392ca8bc4f2514875e86a87f54d4-133","28351057","1753773419","0xc2f239b50da072cd75c7e9f3c1cf622f64c4392ca8bc4f2514875e86a87f54d4","0xddd77e91c222e36d4bd5ca8e78682a2172314197","0x0fba475e92cfef19f7dbada8ec2cce4ad7bbc0d9","0x3ad4655a23f63bb12f2a55f21ed246ae014ab5d6","553633217993079584775086"
"0xc2f737874014f34370c6ab80e95f060e2c77e75eeb3782a1133446d68119c2d5-15","28360949","1753779386","0xc2f737874014f34370c6ab80e95f060e2c77e75eeb3782a1133446d68119c2d5","0xddd77e91c222e36d4bd5ca8e78682a2172314197","0x0fba475e92cfef19f7dbada8ec2cce4ad7bbc0d9","0xa6b0c0491e3556677ca26c5e3676f71723ab2074","553633217993079584775086"
"0xc31c43181a95c3343fc87792837e9058995cd707d5373d4196f75dfb1aad0354-57","28331259","1753761526","0xc31c43181a95c3343fc87792837e9058995cd707d5373d4196f75dfb1aad0354","0xddd77e91c222e36d4bd5ca8e78682a2172314197","0x0fba475e92cfef19f7dbada8ec2cce4ad7bbc0d9","0x3be037f7e851a8ed60329a12c07eae62f09388e8","553633217993079584775086"
"0xc32e9e8a140086ae25144e979dbb42da40b0631471b11766cc93567c00b07849-103","28336516","1753764690","0xc32e9e8a140086ae25144e979dbb42da40b0631471b11766cc93567c00b07849","0xddd77e91c222e36d4bd5ca8e78682a2172314197","0x0fba475e92cfef19f7dbada8ec2cce4ad7bbc0d9","0x8045b725a0e78400e0587699a7d6e698701bec0a","553633217993079584775086"
"0xc33658176f5f77b16430c9e7e358bd0ca14d106a6abc1a2be954284916a1b793-114","28338304","1753765731","0xc33658176f5f77b16430c9e7e358bd0ca14d106a6abc1a2be954284916a1b793","0xddd77e91c222e36d4bd5ca8e78682a2172314197","0x0fba475e92cfef19f7dbada8ec2cce4ad7bbc0d9","0xce5b83a5f3452e95bc2fcff39ee12658f980b6ee","553633217993079584775086"
"0xc33731cc93427a1d37793e9c883bf9e29716d8c6a36055ff597f9512bb32e92e-57","28376445","1753788718","0xc33731cc93427a1d37793e9c883bf9e29716d8c6a36055ff597f9512bb32e92e","0xddd77e91c222e36d4bd5ca8e78682a2172314197","0x0fba475e92cfef19f7dbada8ec2cce4ad7bbc0d9","0x0fa798fe60edec9b7a989775b6416ba4cc077832","553633217993079584775086"
"0xc3448092f519b7302d8c74f561871d712bfd932a9ab374c20818bae070513dd1-165","28334786","1753763642","0xc3448092f519b7302d8c74f561871d712bfd932a9ab374c20818bae070513dd1","0xddd77e91c222e36d4bd5ca8e78682a2172314197","0x0fba475e92cfef19f7dbada8ec2cce4ad7bbc0d9","0x0a695ff23070739d8bbecb507802439aa645f42e","553633217993079584775086"
"0xc34771f5be2ebe8b0da84213bd17ba4873eca937e68a61e033045eb512103023-65","28366180","1753782534","0xc34771f5be2ebe8b0da84213bd17ba4873eca937e68a61e033045eb512103023","0xddd77e91c222e36d4bd5ca8e78682a2172314197","0x0fba475e92cfef19f7dbada8ec2cce4ad7bbc0d9","0x967ffff1706b6ff12516a120c39b116625d181f5","553633217993079584775086"
"0xc3a0e2701f0e70403190f6f8c17bf908c491aca2de37ccf5cf5b51be95616ed5-139","28335497","1753764072","0xc3a0e2701f0e70403190f6f8c17bf908c491aca2de37ccf5cf5b51be95616ed5","0xddd77e91c222e36d4bd5ca8e78682a2172314197","0x0fba475e92cfef19f7dbada8ec2cce4ad7bbc0d9","0xd544945f99ade6d39279541501cd3f581929970a","553633217993079584775086"
"0xc3c131fe1316c2d0f802352c0f296060e3ffa2588e350f31b026346158b62f47-75","28129562","1753640477","0xc3c131fe1316c2d0f802352c0f296060e3ffa2588e350f31b026346158b62f47","0xddd77e91c222e36d4bd5ca8e78682a2172314197","0x0fba475e92cfef19f7dbada8ec2cce4ad7bbc0d9","0x4c18b5d28f7445a9e0602d38ec2cb34ecac20e65","553633217993079584775086"
"0xc3cf474f010917c1e0db8207de4d4ca1bc5e0c8dca99a0127cc6f3be5424aeb2-9","28385667","1753794295","0xc3cf474f010917c1e0db8207de4d4ca1bc5e0c8dca99a0127cc6f3be5424aeb2","0xddd77e91c222e36d4bd5ca8e78682a2172314197","0x0fba475e92cfef19f7dbada8ec2cce4ad7bbc0d9","0x0cc91cbcaf13bc068825179a90c94183138519e8","553633217993079584775086"
"0xc3dad3f970f94001608a6ef209041944e9ecfd94fe3d7da1271f5c1ba1c7a560-43","28402088","1753804243","0xc3dad3f970f94001608a6ef209041944e9ecfd94fe3d7da1271f5c1ba1c7a560","0xddd77e91c222e36d4bd5ca8e78682a2172314197","0x0fba475e92cfef19f7dbada8ec2cce4ad7bbc0d9","0xa5d9b4975ba3d746f1043b682901ceeb68918ac3","553633217993079584775086"
"0xc3e5fbffd4786e77a81354905b818b5fb955530e09ae039f6b13fe88a39f187e-130","28345912","1753770334","0xc3e5fbffd4786e77a81354905b818b5fb955530e09ae039f6b13fe88a39f187e","0xddd77e91c222e36d4bd5ca8e78682a2172314197","0x0fba475e92cfef19f7dbada8ec2cce4ad7bbc0d9","0xf2ee4718cab324a9e32cb33a87f3de1a5e343d9e","553633217993079584775086"
"0xc3fc246ec8732712613c9e410170d4d276e4009d320319cf55c7131b513315f5-76","28402854","1753804701","0xc3fc246ec8732712613c9e410170d4d276e4009d320319cf55c7131b513315f5","0xddd77e91c222e36d4bd5ca8e78682a2172314197","0x0fba475e92cfef19f7dbada8ec2cce4ad7bbc0d9","0xbe66b6fb16d34b4fb57a044fb096f273fef74f03","553633217993079584775086"
"0xc41160fb2d2ca59f359781f4ed31040f10ae44b2b9c13b3f95ae15f0a0a07274-134","28348980","1753772178","0xc41160fb2d2ca59f359781f4ed31040f10ae44b2b9c13b3f95ae15f0a0a07274","0xddd77e91c222e36d4bd5ca8e78682a2172314197","0x0fba475e92cfef19f7dbada8ec2cce4ad7bbc0d9","0xc46944c3f815af8031ef10d19ed43b9ad7f79318","553633217993079584775086"
"0xc41231c78995a108a443e96e7ebe2719c1f9d891018d912223c629cfcc9c181b-7","28377852","1753789587","0xc41231c78995a108a443e96e7ebe2719c1f9d891018d912223c629cfcc9c181b","0xddd77e91c222e36d4bd5ca8e78682a2172314197","0x0fba475e92cfef19f7dbada8ec2cce4ad7bbc0d9","0xb3ca723d7e1749558ed5434bcceca78f604dca92","553633217993079584775086"
"0xc48330e85bf8eb82f65102b13bbd5d3d69123314324e8593ec8bf8505117ad4c-15","28364670","1753781626","0xc48330e85bf8eb82f65102b13bbd5d3d69123314324e8593ec8bf8505117ad4c","0xddd77e91c222e36d4bd5ca8e78682a2172314197","0x0fba475e92cfef19f7dbada8ec2cce4ad7bbc0d9","0x5931f82f1b2683b3461bda1f20af09b3eb38c6b9","553633217993079584775086"
"0xc490b6d86601954cb070256959a5a9e8dd00deeebe0dc0bbad068d1403c82fe7-3","28408348","1753808032","0xc490b6d86601954cb070256959a5a9e8dd00deeebe0dc0bbad068d1403c82fe7","0xddd77e91c222e36d4bd5ca8e78682a2172314197","0x0fba475e92cfef19f7dbada8ec2cce4ad7bbc0d9","0xa47c09d84d36ada7d24936354f80e533b02f25de","553633217993079584775086"
"0xc4cd5febcb5051ce95835542346bf4748ffc7c359a0a5bd85c5be978873d41bd-86","28375447","1753788138","0xc4cd5febcb5051ce95835542346bf4748ffc7c359a0a5bd85c5be978873d41bd","0xddd77e91c222e36d4bd5ca8e78682a2172314197","0x0fba475e92cfef19f7dbada8ec2cce4ad7bbc0d9","0x98e89c31d927ab090a9b19f4c27ded0aec684be1","553633217993079584775086"
"0xc4efbe625997e8109c2bd9c6d1ca2f09365d5d21c343465d768717532812d940-12","28360725","1753779248","0xc4efbe625997e8109c2bd9c6d1ca2f09365d5d21c343465d768717532812d940","0xddd77e91c222e36d4bd5ca8e78682a2172314197","0x0fba475e92cfef19f7dbada8ec2cce4ad7bbc0d9","0x68389198bd33185a85cdc78084535aa03f30b350","553633217993079584775086"
"0xc4fa82c1b91b8b0947d6345aac12bac946f186a4449663e6d4ac19cb24ef8494-16","28354893","1753775710","0xc4fa82c1b91b8b0947d6345aac12bac946f186a4449663e6d4ac19cb24ef8494","0xddd77e91c222e36d4bd5ca8e78682a2172314197","0x0fba475e92cfef19f7dbada8ec2cce4ad7bbc0d9","0x8a9f13ee652ef7e5b243ac90096188219dc65373","553633217993079584775086"
"0xc4fb4dc3bc815726842861cf128e2b479aeb3eb3c99455988fbd3afd83030d3d-311","28381644","1753791877","0xc4fb4dc3bc815726842861cf128e2b479aeb3eb3c99455988fbd3afd83030d3d","0xddd77e91c222e36d4bd5ca8e78682a2172314197","0x0fba475e92cfef19f7dbada8ec2cce4ad7bbc0d9","0x9bd7abc7d634816a87457f03edddeee45b9c20df","553633217993079584775086"
"0xc50873fcf74bf146bf439b9aa6eb76fd0d55706d402416fe15be89dc030ea587-653","28372655","1753786407","0xc50873fcf74bf146bf439b9aa6eb76fd0d55706d402416fe15be89dc030ea587","0xddd77e91c222e36d4bd5ca8e78682a2172314197","0x0fba475e92cfef19f7dbada8ec2cce4ad7bbc0d9","0x0048acaf5b0dda4a1a831738e923d0f0b92f2eda","553633217993079584775086"
"0xc53b16ee60fe8a273be2ecb093c1a5fd4e380b02d066c43185453372057a1bb5-81","28336848","1753764879","0xc53b16ee60fe8a273be2ecb093c1a5fd4e380b02d066c43185453372057a1bb5","0xddd77e91c222e36d4bd5ca8e78682a2172314197","0x0fba475e92cfef19f7dbada8ec2cce4ad7bbc0d9","0xb7429d411f1b5776f326d07a64dd454d6c2dd21d","553633217993079584775086"
"0xc547f8ebacc0e7381e181e5bdca6f15ae834567d1f8cdc26e7cf205ac2160d68-395","28367411","1753783288","0xc547f8ebacc0e7381e181e5bdca6f15ae834567d1f8cdc26e7cf205ac2160d68","0xddd77e91c222e36d4bd5ca8e78682a2172314197","0x0fba475e92cfef19f7dbada8ec2cce4ad7bbc0d9","0xebc4163e3e4b56b08e16fa50fce5f772e2533c60","553633217993079584775086"
"0xc54f8c45cc506212120ab749056e14ca9bbb22a64db66e5a4777706bdbd5d780-173","28370748","1753785271","0xc54f8c45cc506212120ab749056e14ca9bbb22a64db66e5a4777706bdbd5d780","0xddd77e91c222e36d4bd5ca8e78682a2172314197","0x0fba475e92cfef19f7dbada8ec2cce4ad7bbc0d9","0x730de66b155477858e6b2f4cd6ac4ac9fbf73929","553633217993079584775086"
"0xc5523316fe1fb9321eff870e1ec1ac10330b22de0bc3834c735ecc9a24759a62-21","28352978","1753774576","0xc5523316fe1fb9321eff870e1ec1ac10330b22de0bc3834c735ecc9a24759a62","0xddd77e91c222e36d4bd5ca8e78682a2172314197","0x0fba475e92cfef19f7dbada8ec2cce4ad7bbc0d9","0x1d18952b7c3f950529cd3acfb9ffd9011f53f1a3","553633217993079584775086"
"0xc553e7b9484a23b2e3761cce1895c59930a961a6e817906e974bd8adc60a11b6-143","28368085","1753783690","0xc553e7b9484a23b2e3761cce1895c59930a961a6e817906e974bd8adc60a11b6","0xddd77e91c222e36d4bd5ca8e78682a2172314197","0x0fba475e92cfef19f7dbada8ec2cce4ad7bbc0d9","0xb7b7398181d94540a74df7ba351ca6088d9c5225","553633217993079584775086"
"0xc5a6c8934e800d88242e1b43d173e86772ef70c82d72a5e4fa086f2a226396ea-39","28354823","1753775664","0xc5a6c8934e800d88242e1b43d173e86772ef70c82d72a5e4fa086f2a226396ea","0xddd77e91c222e36d4bd5ca8e78682a2172314197","0x0fba475e92cfef19f7dbada8ec2cce4ad7bbc0d9","0xa1d07ca29df519e13eedc041ecbc810519cc47be","553633217993079584775086"
"0xc5b9ef92fe1f326cc59ed2c0cbdf922c4b6918b83216ae67d557942b94d5de50-549","28379803","1753790763","0xc5b9ef92fe1f326cc59ed2c0cbdf922c4b6918b83216ae67d557942b94d5de50","0xddd77e91c222e36d4bd5ca8e78682a2172314197","0x0fba475e92cfef19f7dbada8ec2cce4ad7bbc0d9","0x66789216de11b5c16bc3ac5d0d7a1974e0768a4b","553633217993079584775086"
"0xc5bc6491197389c0922c1aba43d9775e537cc4836b54cbce5334e2391d68bc57-88","28335878","1753764298","0xc5bc6491197389c0922c1aba43d9775e537cc4836b54cbce5334e2391d68bc57","0xddd77e91c222e36d4bd5ca8e78682a2172314197","0x0fba475e92cfef19f7dbada8ec2cce4ad7bbc0d9","0x2c3571b21585a9943a93a37b64f5644179ac7084","553633217993079584775086"
"0xc5d67e70eb383097b13f12572eeaf1475035a2443b2728a5c3ae7d46127c23fb-45","28335680","1753764176","0xc5d67e70eb383097b13f12572eeaf1475035a2443b2728a5c3ae7d46127c23fb","0xddd77e91c222e36d4bd5ca8e78682a2172314197","0x0fba475e92cfef19f7dbada8ec2cce4ad7bbc0d9","0xca672e72eeb9e720b610f72e7885135c4a99d49d","553633217993079584775086"
"0xc5f37e2c510db2fc228bf455cec87b6c83a6a8cf9cea10577cb80127fb755be2-3","28390853","1753797394","0xc5f37e2c510db2fc228bf455cec87b6c83a6a8cf9cea10577cb80127fb755be2","0xddd77e91c222e36d4bd5ca8e78682a2172314197","0x0fba475e92cfef19f7dbada8ec2cce4ad7bbc0d9","0xc837b058ffbb38073d1bec497939f9b104f751f0","553633217993079584775086"
"0xc6064db0f2c9b99b49a9ba38afd8774fc049915a17859e8fa75537c598876603-149","28357408","1753777225","0xc6064db0f2c9b99b49a9ba38afd8774fc049915a17859e8fa75537c598876603","0xddd77e91c222e36d4bd5ca8e78682a2172314197","0x0fba475e92cfef19f7dbada8ec2cce4ad7bbc0d9","0xe79d24de7965b9a1aa871503cec5d3f8a4d849e8","553633217993079584775086"
"0xc624fbd0a4b090cbc3c1cb46a3cd8e51e7450e5e760e5f66b818fc66bd294bdd-109","28362995","1753780606","0xc624fbd0a4b090cbc3c1cb46a3cd8e51e7450e5e760e5f66b818fc66bd294bdd","0xddd77e91c222e36d4bd5ca8e78682a2172314197","0x0fba475e92cfef19f7dbada8ec2cce4ad7bbc0d9","0x6d76665722bc8a3a3823ef210229d9626c5c160a","553633217993079584775086"
"0xc6296bab1e1fe46b0a31f9adeec2421e96e1dcf897b7dccda7a53158cb36f42b-72","28365659","1753782213","0xc6296bab1e1fe46b0a31f9adeec2421e96e1dcf897b7dccda7a53158cb36f42b","0xddd77e91c222e36d4bd5ca8e78682a2172314197","0x0fba475e92cfef19f7dbada8ec2cce4ad7bbc0d9","0x6f7132b46658ad86ad4844dc804af820aeba22f0","553633217993079584775086"
"0xc634896dcc89e1980628cc3a4b75b381d543473b75eb61ffa4bcde232f0e2719-17","28373758","1753787087","0xc634896dcc89e1980628cc3a4b75b381d543473b75eb61ffa4bcde232f0e2719","0xddd77e91c222e36d4bd5ca8e78682a2172314197","0x0fba475e92cfef19f7dbada8ec2cce4ad7bbc0d9","0x977f1d1b6cacc788d83595e08cfbbc8ab8f95468","553633217993079584775086"
"0xc64421e28d985278f3d74ce7a1dc0ac34533cca0aa7cea40947e229d9ca8bfd3-5","28334604","1753763526","0xc64421e28d985278f3d74ce7a1dc0ac34533cca0aa7cea40947e229d9ca8bfd3","0xddd77e91c222e36d4bd5ca8e78682a2172314197","0x0fba475e92cfef19f7dbada8ec2cce4ad7bbc0d9","0xe8f13027d3e352d4e6d5ce4b53de669f2ff2cfb0","553633217993079584775086"
"0xc651b8b62c68979855f1297879c3a17f54451fd1b446da3499a2f50e0d436cf5-3","28391633","1753797867","0xc651b8b62c68979855f1297879c3a17f54451fd1b446da3499a2f50e0d436cf5","0xddd77e91c222e36d4bd5ca8e78682a2172314197","0x0fba475e92cfef19f7dbada8ec2cce4ad7bbc0d9","0x3c57059f2e3fe1426a69817eb09af45404afe4a4","553633217993079584775086"
"0xc69f43af83b24e3358d07adb0ca394b2f8ec7a67f2f90a2c72cbad5624fa5890-231","28372616","1753786378","0xc69f43af83b24e3358d07adb0ca394b2f8ec7a67f2f90a2c72cbad5624fa5890","0xddd77e91c222e36d4bd5ca8e78682a2172314197","0x0fba475e92cfef19f7dbada8ec2cce4ad7bbc0d9","0xa4cd3b3b9fb9ad0c40a31baf5c70d658c038ebc8","553633217993079584775086"
"0xc6b8a5b732b90fe471cb287be0abd88eedee3282eedc937e89d4d19d94dfb384-107","28349023","1753772202","0xc6b8a5b732b90fe471cb287be0abd88eedee3282eedc937e89d4d19d94dfb384","0xddd77e91c222e36d4bd5ca8e78682a2172314197","0x0fba475e92cfef19f7dbada8ec2cce4ad7bbc0d9","0x62f54d0dd7153961fb5f550d91c1f45b10bbdde5","553633217993079584775086"
"0xc6c780a2f5c1b758d08f6f7f120f964e184a1be177ab47ecc34bb15acb0fce14-10","28356774","1753776842","0xc6c780a2f5c1b758d08f6f7f120f964e184a1be177ab47ecc34bb15acb0fce14","0xddd77e91c222e36d4bd5ca8e78682a2172314197","0x0fba475e92cfef19f7dbada8ec2cce4ad7bbc0d9","0x26b67a2309cb85154911cb9f4e55a2051fd50bdb","553633217993079584775086"
"0xc6f0198c6ebe6f67027b1acbc502db4b17969091d1543582b1de48e7c44a3445-112","28380345","1753791106","0xc6f0198c6ebe6f67027b1acbc502db4b17969091d1543582b1de48e7c44a3445","0xddd77e91c222e36d4bd5ca8e78682a2172314197","0x0fba475e92cfef19f7dbada8ec2cce4ad7bbc0d9","0xb2eb4f13a0b4cb237cdb809353d17ea90ba8a418","553633217993079584775086"
"0xc73035f39f21dd6abf2561183725b814bd98d41cfb2765f0bf6f6aca78d9b24b-378","28365782","1753782289","0xc73035f39f21dd6abf2561183725b814bd98d41cfb2765f0bf6f6aca78d9b24b","0xddd77e91c222e36d4bd5ca8e78682a2172314197","0x0fba475e92cfef19f7dbada8ec2cce4ad7bbc0d9","0x722a20e70188c95a5e0c17cf816da9c2e4525e72","553633217993079584775086"
"0xc75d2934ad611a52c42fe10ae9822807075bba5ee7e87bef10dde95b60c807aa-3","28360852","1753779319","0xc75d2934ad611a52c42fe10ae9822807075bba5ee7e87bef10dde95b60c807aa","0xddd77e91c222e36d4bd5ca8e78682a2172314197","0x0fba475e92cfef19f7dbada8ec2cce4ad7bbc0d9","0x5d1f4f1e99a9d0866be15d7300b9ac2970e232d4","553633217993079584775086"
"0xc78746b1a158112c71be85cd99dda332cd0f717050a39f78bdd0f1428f7243c0-132","28338565","1753765891","0xc78746b1a158112c71be85cd99dda332cd0f717050a39f78bdd0f1428f7243c0","0xddd77e91c222e36d4bd5ca8e78682a2172314197","0x0fba475e92cfef19f7dbada8ec2cce4ad7bbc0d9","0x927b3420f59bd12d0f43c537b642a067065d8aca","553633217993079584775086"
"0xc7c380c02738350092029158b32c3668c43f4bf9a3317eeafc537c92cedf50e5-195","28344971","1753769768","0xc7c380c02738350092029158b32c3668c43f4bf9a3317eeafc537c92cedf50e5","0xddd77e91c222e36d4bd5ca8e78682a2172314197","0x0fba475e92cfef19f7dbada8ec2cce4ad7bbc0d9","0xb207eab208e526ee2548b37981f4131706abf796","553633217993079584775086"
"0xc7c86bd3495589f6854a6e568b50ecbc60ae1e961b436fc7597aa5b0c1f15563-103","28352238","1753774117","0xc7c86bd3495589f6854a6e568b50ecbc60ae1e961b436fc7597aa5b0c1f15563","0xddd77e91c222e36d4bd5ca8e78682a2172314197","0x0fba475e92cfef19f7dbada8ec2cce4ad7bbc0d9","0xf007df3bb3268b9b33fdf32f2e91d08ea08eed06","553633217993079584775086"
"0xc7ec41fc4d505da9f9344978c0a0713df050bc1556ef3441d4546992b882d815-211","28388995","1753796214","0xc7ec41fc4d505da9f9344978c0a0713df050bc1556ef3441d4546992b882d815","0xddd77e91c222e36d4bd5ca8e78682a2172314197","0x0fba475e92cfef19f7dbada8ec2cce4ad7bbc0d9","0xf014c89ad43de15478406ec7892d8f3176736ce7","553633217993079584775086"
"0xc7fa692110a6e4a326195d8457b4b6bd5bb6c53ffe404c3a024362090b143b74-105","28353032","1753774606","0xc7fa692110a6e4a326195d8457b4b6bd5bb6c53ffe404c3a024362090b143b74","0xddd77e91c222e36d4bd5ca8e78682a2172314197","0x0fba475e92cfef19f7dbada8ec2cce4ad7bbc0d9","0x0258f75c663cea9db6b3db3fa465ee4a63a86b18","553633217993079584775086"
"0xc828447f272b9e3c82e342d7f7e2e9f6f816dfd81cdde1abfbc1a1754c89f3c6-30","28383371","1753792931","0xc828447f272b9e3c82e342d7f7e2e9f6f816dfd81cdde1abfbc1a1754c89f3c6","0xddd77e91c222e36d4bd5ca8e78682a2172314197","0x0fba475e92cfef19f7dbada8ec2cce4ad7bbc0d9","0xff1c6b16863f8e59e2a6515f59fcfd1586a8b535","553633217993079584775086"
"0xc8303d946e60688eebfe5d63768d816bf7645ccb0dee008cc29cc1a67f14214d-108","28364117","1753781289","0xc8303d946e60688eebfe5d63768d816bf7645ccb0dee008cc29cc1a67f14214d","0xddd77e91c222e36d4bd5ca8e78682a2172314197","0x0fba475e92cfef19f7dbada8ec2cce4ad7bbc0d9","0xac3f7289806a72cfec54c3b6b539d2d63f8aa608","553633217993079584775086"
"0xc840d99ba80a84a7937c80c3d57bcecfe2989fda9754732cd4288494ad0079c7-155","28370688","1753785234","0xc840d99ba80a84a7937c80c3d57bcecfe2989fda9754732cd4288494ad0079c7","0xddd77e91c222e36d4bd5ca8e78682a2172314197","0x0fba475e92cfef19f7dbada8ec2cce4ad7bbc0d9","0x6ad72c85a8adba1b0bffca314fc827801e62df0c","553633217993079584775086"
"0xc84e5a91dc90dfe1950f08637049735a899c6350bf282284b935e94bfa10e9e7-117","28363821","1753781117","0xc84e5a91dc90dfe1950f08637049735a899c6350bf282284b935e94bfa10e9e7","0xddd77e91c222e36d4bd5ca8e78682a2172314197","0x0fba475e92cfef19f7dbada8ec2cce4ad7bbc0d9","0xcc35fa73e05b2a26461935782242a08e44e1f13d","553633217993079584775086"
"0xc8625899662adf57f6a2eee33b833687bc7626197568a849185d70806a07c421-51","28382454","1753792388","0xc8625899662adf57f6a2eee33b833687bc7626197568a849185d70806a07c421","0xddd77e91c222e36d4bd5ca8e78682a2172314197","0x0fba475e92cfef19f7dbada8ec2cce4ad7bbc0d9","0x59a12bdfff473a068e3f04487042e4492dcb3c68","553633217993079584775086"
"0xc869a4acef6564e2bf835d2b2d885325ef6d04b53be1d226cac8fac82c5e1171-132","28408618","1753808190","0xc869a4acef6564e2bf835d2b2d885325ef6d04b53be1d226cac8fac82c5e1171","0xddd77e91c222e36d4bd5ca8e78682a2172314197","0x0fba475e92cfef19f7dbada8ec2cce4ad7bbc0d9","0x2da50106e44c84e68441244f766a917b44315974","553633217993079584775086"
"0xc88a88ee80121ee7ff7bf14fb418cdb2ce76bce85f29ad77e60bf82b15b36c07-153","28340538","1753767076","0xc88a88ee80121ee7ff7bf14fb418cdb2ce76bce85f29ad77e60bf82b15b36c07","0xddd77e91c222e36d4bd5ca8e78682a2172314197","0x0fba475e92cfef19f7dbada8ec2cce4ad7bbc0d9","0x3b54014652ea0ae60ac7a2ff048627899ca174af","553633217993079584775086"
"0xc8a66c829a21bb56c8bd18bff225b3334bc8443fbb679586b8d512d8b601e965-23","28405299","1753806160","0xc8a66c829a21bb56c8bd18bff225b3334bc8443fbb679586b8d512d8b601e965","0xddd77e91c222e36d4bd5ca8e78682a2172314197","0x0fba475e92cfef19f7dbada8ec2cce4ad7bbc0d9","0x3cc2e154337c92a4d2d894b90bb5a54654554eb3","553633217993079584775086"
"0xc8b2c0075f04a85d4cc90730ed08d637a9ada704036e7b69348e4e10a79dda1e-156","28379656","1753790668","0xc8b2c0075f04a85d4cc90730ed08d637a9ada704036e7b69348e4e10a79dda1e","0xddd77e91c222e36d4bd5ca8e78682a2172314197","0x0fba475e92cfef19f7dbada8ec2cce4ad7bbc0d9","0x6a3a945160764406bd2fdbfc64a696336be76c33","553633217993079584775086"
"0xc8b80339ff9f6224fc768cdeb2bd8b0d4f144085815b8c913959492bceea6ce0-7","28372839","1753786524","0xc8b80339ff9f6224fc768cdeb2bd8b0d4f144085815b8c913959492bceea6ce0","0xddd77e91c222e36d4bd5ca8e78682a2172314197","0x0fba475e92cfef19f7dbada8ec2cce4ad7bbc0d9","0x12d345935652861f0d5a2463f3bd0df8a1a677c9","553633217993079584775086"
"0xc8c1c15d5860eb7e5eee9662da19ba003f8a96a592e3c2fbd7fe244256535b0d-97","28336339","1753764592","0xc8c1c15d5860eb7e5eee9662da19ba003f8a96a592e3c2fbd7fe244256535b0d","0xddd77e91c222e36d4bd5ca8e78682a2172314197","0x0fba475e92cfef19f7dbada8ec2cce4ad7bbc0d9","0x0ffac1a061c67ce25a0b5707d54f09729239e083","553633217993079584775086"
"0xc8d642a541c3ef4c6793d94f2bc659b4c5b5c4c704a838abc304208e8b9b36e6-152","28368415","1753783887","0xc8d642a541c3ef4c6793d94f2bc659b4c5b5c4c704a838abc304208e8b9b36e6","0xddd77e91c222e36d4bd5ca8e78682a2172314197","0x0fba475e92cfef19f7dbada8ec2cce4ad7bbc0d9","0x010475e36100b427bb4dbddb2c023124bebd5a38","553633217993079584775086"
"0xc8f0b3883b1888ef0d3c74643de7cd0f7a4786a12b63c8bc6d59d1d650b5008e-70","28357915","1753777536","0xc8f0b3883b1888ef0d3c74643de7cd0f7a4786a12b63c8bc6d59d1d650b5008e","0xddd77e91c222e36d4bd5ca8e78682a2172314197","0x0fba475e92cfef19f7dbada8ec2cce4ad7bbc0d9","0xcd93b2f36232678e9f2637b710bcf63a941d21fe","553633217993079584775086"
"0xc8f92b8d0773466350d42b78d1b20485344f4789dea68da8b427499d20ead221-142","28353189","1753774699","0xc8f92b8d0773466350d42b78d1b20485344f4789dea68da8b427499d20ead221","0xddd77e91c222e36d4bd5ca8e78682a2172314197","0x0fba475e92cfef19f7dbada8ec2cce4ad7bbc0d9","0xb16f38846f44900205b394ffb9bed640b50800d2","553633217993079584775086"
"0xc8fe13f9689d4e45264097b2d342c23668d2dd3c0eb4a164bd959da8f1bbde84-141","28367429","1753783297","0xc8fe13f9689d4e45264097b2d342c23668d2dd3c0eb4a164bd959da8f1bbde84","0xddd77e91c222e36d4bd5ca8e78682a2172314197","0x0fba475e92cfef19f7dbada8ec2cce4ad7bbc0d9","0x712ea5e01a75d204be6a5ff3e412c57f0cc327ed","553633217993079584775086"
"0xc92aea4ae2530c6298e27a63640f23cbe08451e51ae1f6fa7676084e8dea9f8d-149","28357155","1753777067","0xc92aea4ae2530c6298e27a63640f23cbe08451e51ae1f6fa7676084e8dea9f8d","0xddd77e91c222e36d4bd5ca8e78682a2172314197","0x0fba475e92cfef19f7dbada8ec2cce4ad7bbc0d9","0x2f4e8c0b62a59edbecb5f510bc50b24f92794128","553633217993079584775086"
"0xc955b2dd09377e6e19758a2dba4f14ea8f2fedb7994117fe24c895aafc646147-103","28349815","1753772676","0xc955b2dd09377e6e19758a2dba4f14ea8f2fedb7994117fe24c895aafc646147","0xddd77e91c222e36d4bd5ca8e78682a2172314197","0x0fba475e92cfef19f7dbada8ec2cce4ad7bbc0d9","0x9c5ce00f04c5c7ae30323deed5c696d5cd47a0b6","553633217993079584775086"
"0xc978d25d1aca80157635c552b415053b927e05fe41a2b4ca0460157603850f55-163","28333804","1753763016","0xc978d25d1aca80157635c552b415053b927e05fe41a2b4ca0460157603850f55","0xddd77e91c222e36d4bd5ca8e78682a2172314197","0x0fba475e92cfef19f7dbada8ec2cce4ad7bbc0d9","0xe64d0e896fd97c7d2e8c2bcfd6698a4f042d0001","553633217993079584775086"
"0xc97ae9de602ed7b90b197468bb846be4e30ec44d2a7f4881fa052f83b6d34025-3","28362612","1753780385","0xc97ae9de602ed7b90b197468bb846be4e30ec44d2a7f4881fa052f83b6d34025","0xddd77e91c222e36d4bd5ca8e78682a2172314197","0x0fba475e92cfef19f7dbada8ec2cce4ad7bbc0d9","0xfbb8e68414745052c544fa33bdd867c26cd0cbf1","553633217993079584775086"
"0xc98c5c05b90051ba0afdfddc57e8850f063fa5f982d36601e9edf52997400169-19","28360655","1753779204","0xc98c5c05b90051ba0afdfddc57e8850f063fa5f982d36601e9edf52997400169","0xddd77e91c222e36d4bd5ca8e78682a2172314197","0x0fba475e92cfef19f7dbada8ec2cce4ad7bbc0d9","0xbd0b4afd8bf2af96de3b41f88847f1424128aabe","553633217993079584775086"
"0xc992f44a382f9b8d617aa8b419002d77f68d2a43bc3e2a19e776da8c8c73bd97-132","28342849","1753768456","0xc992f44a382f9b8d617aa8b419002d77f68d2a43bc3e2a19e776da8c8c73bd97","0xddd77e91c222e36d4bd5ca8e78682a2172314197","0x0fba475e92cfef19f7dbada8ec2cce4ad7bbc0d9","0x3b1e8ae87d957011a0c53287745c985f88714ac9","553633217993079584775086"
"0xc9971a4f4c41ea9f73e49fc77a8824187b094488218b01915699f0d446942353-55","28378060","1753789709","0xc9971a4f4c41ea9f73e49fc77a8824187b094488218b01915699f0d446942353","0xddd77e91c222e36d4bd5ca8e78682a2172314197","0x0fba475e92cfef19f7dbada8ec2cce4ad7bbc0d9","0x81d7a1d70b77dd703f7de3d4945ed318905364a4","553633217993079584775086"
"0xc9b48ff5a17c49abf9596246f78b030abceac9b1be4f930c20346153684ef18c-258","28354278","1753775338","0xc9b48ff5a17c49abf9596246f78b030abceac9b1be4f930c20346153684ef18c","0xddd77e91c222e36d4bd5ca8e78682a2172314197","0x0fba475e92cfef19f7dbada8ec2cce4ad7bbc0d9","0x73a1dd66af648943f3ffc073734c57a59c3a34cd","553633217993079584775086"
"0xc9c4d71d6bba8a5053e1cdcf9ea61a5129836f2cc4afa175e054f6dfbe1a44a8-31","28340216","1753766894","0xc9c4d71d6bba8a5053e1cdcf9ea61a5129836f2cc4afa175e054f6dfbe1a44a8","0xddd77e91c222e36d4bd5ca8e78682a2172314197","0x0fba475e92cfef19f7dbada8ec2cce4ad7bbc0d9","0xd25a9edf45f83ffa2d5fd09140ec4a43fd7ce10e","553633217993079584775086"
"0xc9e5c9b9b992efa7ea72f53d9d7416f8116806eb64802187d64cf56eacdbe23a-7","28392179","1753798205","0xc9e5c9b9b992efa7ea72f53d9d7416f8116806eb64802187d64cf56eacdbe23a","0xddd77e91c222e36d4bd5ca8e78682a2172314197","0x0fba475e92cfef19f7dbada8ec2cce4ad7bbc0d9","0x32f106b205dca31d6a5a604d964a75d092f5624d","553633217993079584775086"
"0xca0309cf854fbef57e263de8d97bd33e443f465c01251ecba305e89602c2ece8-236","28368391","1753783876","0xca0309cf854fbef57e263de8d97bd33e443f465c01251ecba305e89602c2ece8","0xddd77e91c222e36d4bd5ca8e78682a2172314197","0x0fba475e92cfef19f7dbada8ec2cce4ad7bbc0d9","0x3a30dc4e4b559981ff924a3e571a3ad27d05dab5","553633217993079584775086"
"0xca0697e4f36027f8172eea90e7e41c2358d4c967ae7f0b536835595a85711b6f-56","28377214","1753789205","0xca0697e4f36027f8172eea90e7e41c2358d4c967ae7f0b536835595a85711b6f","0xddd77e91c222e36d4bd5ca8e78682a2172314197","0x0fba475e92cfef19f7dbada8ec2cce4ad7bbc0d9","0x52bb39647c11edb5a4a70150d7cc68784c3839e0","553633217993079584775086"
"0xca0d7de21334c760b7b77a2e20aff195e0f46d69c507f405b56507889f6764db-144","28392792","1753798558","0xca0d7de21334c760b7b77a2e20aff195e0f46d69c507f405b56507889f6764db","0xddd77e91c222e36d4bd5ca8e78682a2172314197","0x0fba475e92cfef19f7dbada8ec2cce4ad7bbc0d9","0x17ddfe5c3fc177e9977c189afedd011569a4e05e","553633217993079584775086"
"0xca3dcdccf56c47430041347d9e210f86cf33a6500e00682d79972bb0274090f6-114","28389365","1753796474","0xca3dcdccf56c47430041347d9e210f86cf33a6500e00682d79972bb0274090f6","0xddd77e91c222e36d4bd5ca8e78682a2172314197","0x0fba475e92cfef19f7dbada8ec2cce4ad7bbc0d9","0xad9df182acadfad985e854fb93f52f62c0af6db4","553633217993079584775086"
"0xcaa4cce0e603489264c2b10cfcedc3bd058b9a7b14a22aca5d7b32b47e49c94c-74","28330292","1753760925","0xcaa4cce0e603489264c2b10cfcedc3bd058b9a7b14a22aca5d7b32b47e49c94c","0xddd77e91c222e36d4bd5ca8e78682a2172314197","0x0fba475e92cfef19f7dbada8ec2cce4ad7bbc0d9","0xe8987675be0f35870140c89309aea6877c73bc3a","553633217993079584775086"
"0xcadbbf72e31e99ba5eca8f0f1e158bc296f508aba1683e61d94a1f9cdf2534ef-140","28369119","1753784322","0xcadbbf72e31e99ba5eca8f0f1e158bc296f508aba1683e61d94a1f9cdf2534ef","0xddd77e91c222e36d4bd5ca8e78682a2172314197","0x0fba475e92cfef19f7dbada8ec2cce4ad7bbc0d9","0xe5c197b3089c348a06f2fbbc9ea02fa87d948d66","553633217993079584775086"
"0xcae6dc752a262d09d5ff74e1dd2c6ea952d1bef1caf4aaf9a11dfbfa5198361b-140","28389110","1753796300","0xcae6dc752a262d09d5ff74e1dd2c6ea952d1bef1caf4aaf9a11dfbfa5198361b","0xddd77e91c222e36d4bd5ca8e78682a2172314197","0x0fba475e92cfef19f7dbada8ec2cce4ad7bbc0d9","0x90fc0459d902cc6f54d0a2f0d52c64a512bab4b3","553633217993079584775086"
"0xcafad43eee0a998c7edcf25c4ca62513d3b2c5a399ffa315cb7f8e36dcfdc992-3","28373191","1753786741","0xcafad43eee0a998c7edcf25c4ca62513d3b2c5a399ffa315cb7f8e36dcfdc992","0xddd77e91c222e36d4bd5ca8e78682a2172314197","0x0fba475e92cfef19f7dbada8ec2cce4ad7bbc0d9","0xa0045e50d709cd90ad51890c921ff6520d94827c","553633217993079584775086"
"0xcafb9ecaec98b97554f4596df28306f672d6705a72eae18068229cd3a9a1ca27-36","28360411","1753779061","0xcafb9ecaec98b97554f4596df28306f672d6705a72eae18068229cd3a9a1ca27","0xddd77e91c222e36d4bd5ca8e78682a2172314197","0x0fba475e92cfef19f7dbada8ec2cce4ad7bbc0d9","0xf3734aaa9cab56380fd044829e046d0eaacf5a73","553633217993079584775086"
"0xcb05348e5b25045b11cdabf805ad8db2072e64a62c35dc3167cf27e2750b19e6-7","28382114","1753792178","0xcb05348e5b25045b11cdabf805ad8db2072e64a62c35dc3167cf27e2750b19e6","0xddd77e91c222e36d4bd5ca8e78682a2172314197","0x0fba475e92cfef19f7dbada8ec2cce4ad7bbc0d9","0x30158b3ea2d00af8c28840627ca1e56a97bdd64b","553633217993079584775086"
"0xcb0eefa326b01c75ae922e221491b881740a35b2bc869f07373f575464635351-237","28349340","1753772388","0xcb0eefa326b01c75ae922e221491b881740a35b2bc869f07373f575464635351","0xddd77e91c222e36d4bd5ca8e78682a2172314197","0x0fba475e92cfef19f7dbada8ec2cce4ad7bbc0d9","0xd33422e7a0bc30410e2bab04a1c0cecb51d7d5cd","553633217993079584775086"
"0xcb50840cc34bb4bca2d505a945b4dd4220bc50569a7eb0aed55abad6f5c8904f-312","28342432","1753768196","0xcb50840cc34bb4bca2d505a945b4dd4220bc50569a7eb0aed55abad6f5c8904f","0xddd77e91c222e36d4bd5ca8e78682a2172314197","0x0fba475e92cfef19f7dbada8ec2cce4ad7bbc0d9","0xae286d6549798801a28be4e0d63f56999f12d14a","553633217993079584775086"
"0xcb6577655ae9ce30db1693b3066478c8a4e9c8062b4af207596818312ce4dc8f-137","28130021","1753640745","0xcb6577655ae9ce30db1693b3066478c8a4e9c8062b4af207596818312ce4dc8f","0xddd77e91c222e36d4bd5ca8e78682a2172314197","0x0fba475e92cfef19f7dbada8ec2cce4ad7bbc0d9","0xbd36dcf15db0a9449ec5ccc997df1c756fc16ac5","553633217993079584775086"
"0xcb8263f089a3ff5dab4b78a661cbb8fe800cb65dc3aea68cfa6766186907a168-918","28354123","1753775247","0xcb8263f089a3ff5dab4b78a661cbb8fe800cb65dc3aea68cfa6766186907a168","0xddd77e91c222e36d4bd5ca8e78682a2172314197","0x0fba475e92cfef19f7dbada8ec2cce4ad7bbc0d9","0x7fd28691b3518cf668fb14e159031dfb71b59202","553633217993079584775086"
"0xcb956f5f9fe00dd581468453f83600d155009b4474a8dcf81b91ca9b8f5bd656-44","28345967","1753770364","0xcb956f5f9fe00dd581468453f83600d155009b4474a8dcf81b91ca9b8f5bd656","0xddd77e91c222e36d4bd5ca8e78682a2172314197","0x0fba475e92cfef19f7dbada8ec2cce4ad7bbc0d9","0xae574eccdfce7cbc1e600c020fd6b8e64f3a86cc","553633217993079584775086"
"0xcbaa7ac710880f6361e15b3b3fa991298f456441ce3b1bf57a80641b531d9199-93","28377114","1753789139","0xcbaa7ac710880f6361e15b3b3fa991298f456441ce3b1bf57a80641b531d9199","0xddd77e91c222e36d4bd5ca8e78682a2172314197","0x0fba475e92cfef19f7dbada8ec2cce4ad7bbc0d9","0x286c5cc9c867c0f33ce602c027aabdfe0f3f9f11","553633217993079584775086"
"0xcbc3e97e89556ffd5423cfd6dcbf07c79f393fec55e751985ed56772e529845b-77","28130642","1753641121","0xcbc3e97e89556ffd5423cfd6dcbf07c79f393fec55e751985ed56772e529845b","0xddd77e91c222e36d4bd5ca8e78682a2172314197","0x0fba475e92cfef19f7dbada8ec2cce4ad7bbc0d9","0x251a11a49b45f9ee2320e9cfc978994830b93ded","553633217993079584775086"
"0xcbd66de385cbf5fd884ffcd33a639d8a1f573c146a6b04ccaa81d7e649cd1a4f-86","28368236","1753783772","0xcbd66de385cbf5fd884ffcd33a639d8a1f573c146a6b04ccaa81d7e649cd1a4f","0xddd77e91c222e36d4bd5ca8e78682a2172314197","0x0fba475e92cfef19f7dbada8ec2cce4ad7bbc0d9","0xce1ac1c5b5d689295c8d26bb8c7ba3dcc932ab6a","553633217993079584775086"
"0xcbe15d56993aef006d9667aead10378d7b39b4ac5ca9f647902ba3e31c968fce-104","28397842","1753801616","0xcbe15d56993aef006d9667aead10378d7b39b4ac5ca9f647902ba3e31c968fce","0xddd77e91c222e36d4bd5ca8e78682a2172314197","0x0fba475e92cfef19f7dbada8ec2cce4ad7bbc0d9","0x22701193ebc7ba42d34f7e251110dd0b8f1b0e7e","553633217993079584775086"
"0xcbf822230cb0ab59f1ba88278822892fabf6f53a1b02f957642ef421f6c5481d-73","28331339","1753761571","0xcbf822230cb0ab59f1ba88278822892fabf6f53a1b02f957642ef421f6c5481d","0xddd77e91c222e36d4bd5ca8e78682a2172314197","0x0fba475e92cfef19f7dbada8ec2cce4ad7bbc0d9","0xf96c85818cb3ed9b5ba350d137b3b81fde684baa","553633217993079584775086"
"0xcc02689aa8fad07a22fe16c4d9eff9d3699896ace3de09ad61545f1643795d3d-249","28352333","1753774185","0xcc02689aa8fad07a22fe16c4d9eff9d3699896ace3de09ad61545f1643795d3d","0xddd77e91c222e36d4bd5ca8e78682a2172314197","0x0fba475e92cfef19f7dbada8ec2cce4ad7bbc0d9","0x7e8fd76b6da10cbd14534e561bbff8abde13def5","553633217993079584775086"
"0xcc17b6fafd1d45aec74ba24ccc96334e54c7373b50d6aa1afbedd5dd4e39634c-9","28354667","1753775581","0xcc17b6fafd1d45aec74ba24ccc96334e54c7373b50d6aa1afbedd5dd4e39634c","0xddd77e91c222e36d4bd5ca8e78682a2172314197","0x0fba475e92cfef19f7dbada8ec2cce4ad7bbc0d9","0x7bd0e9d50bc71c98e458d11511939eea29592494","553633217993079584775086"
"0xcc1e8860f5e4795817382fc7a56933859e7971a4b4e4069871c56d258fa811ec-214","28353270","1753774749","0xcc1e8860f5e4795817382fc7a56933859e7971a4b4e4069871c56d258fa811ec","0xddd77e91c222e36d4bd5ca8e78682a2172314197","0x0fba475e92cfef19f7dbada8ec2cce4ad7bbc0d9","0xa444c434a24468b19035f92b771cd0f18b750def","553633217993079584775086"
"0xcc22f5175f86e835ff1dbf5737520df6b073675af38b66bc30c0238824ccae00-470","28365690","1753782234","0xcc22f5175f86e835ff1dbf5737520df6b073675af38b66bc30c0238824ccae00","0xddd77e91c222e36d4bd5ca8e78682a2172314197","0x0fba475e92cfef19f7dbada8ec2cce4ad7bbc0d9","0xb691512b2010febbfe08389797300652c79b2d65","553633217993079584775086"
"0xcc3138bcb9b8941a70cb70eb4717af57b2e4627d33ff014d702b7056bc195cba-91","28376167","1753788555","0xcc3138bcb9b8941a70cb70eb4717af57b2e4627d33ff014d702b7056bc195cba","0xddd77e91c222e36d4bd5ca8e78682a2172314197","0x0fba475e92cfef19f7dbada8ec2cce4ad7bbc0d9","0x1df6035f143b799484eb92286e018b388df867ad","553633217993079584775086"
"0xcc626a75e5db132071967504821198412f41c559c2b1040ed00e059eb9926b58-574","28333906","1753763074","0xcc626a75e5db132071967504821198412f41c559c2b1040ed00e059eb9926b58","0xddd77e91c222e36d4bd5ca8e78682a2172314197","0x0fba475e92cfef19f7dbada8ec2cce4ad7bbc0d9","0xc01644fa2ba17bbc4cf40fb28d55f7e4afc1638c","553633217993079584775086"
"0xcc97256f19fba5f6216d1670c4067e9c6c346763ba4fea571437de79abbee987-130","28380002","1753790878","0xcc97256f19fba5f6216d1670c4067e9c6c346763ba4fea571437de79abbee987","0xddd77e91c222e36d4bd5ca8e78682a2172314197","0x0fba475e92cfef19f7dbada8ec2cce4ad7bbc0d9","0x898ec5357043ebcae9b39cae160542a6ae47376c","553633217993079584775086"
"0xcc9a32321bd2d5102dd215f626506d6e231dee194b9426da02ed4ff0400d98cf-47","28341004","1753767366","0xcc9a32321bd2d5102dd215f626506d6e231dee194b9426da02ed4ff0400d98cf","0xddd77e91c222e36d4bd5ca8e78682a2172314197","0x0fba475e92cfef19f7dbada8ec2cce4ad7bbc0d9","0xfd21eae29d472770abf826f1cf9929662e74c1bb","553633217993079584775086"
"0xcc9cdf9a8320a82acf2e1f7c5fc215bcd0fdcd65786d9970dc2c96b5edefc6dc-62","28373522","1753786939","0xcc9cdf9a8320a82acf2e1f7c5fc215bcd0fdcd65786d9970dc2c96b5edefc6dc","0xddd77e91c222e36d4bd5ca8e78682a2172314197","0x0fba475e92cfef19f7dbada8ec2cce4ad7bbc0d9","0xeecc5f5c0704c516dbb832d18b988a11e364637b","553633217993079584775086"
"0xccaf80ffa12d172e366bfeada04a4b8f642250b996f32e0d8a56c1ddcbab34fc-19","28373527","1753786941","0xccaf80ffa12d172e366bfeada04a4b8f642250b996f32e0d8a56c1ddcbab34fc","0xddd77e91c222e36d4bd5ca8e78682a2172314197","0x0fba475e92cfef19f7dbada8ec2cce4ad7bbc0d9","0xe32c032da3fe88f82d966bce797ec407252feed1","553633217993079584775086"
"0xccb3e6a1bbf517161fbf047c679a2136e0f135c9f95d2d028850ea70cd4f00f0-135","28405116","1753806049","0xccb3e6a1bbf517161fbf047c679a2136e0f135c9f95d2d028850ea70cd4f00f0","0xddd77e91c222e36d4bd5ca8e78682a2172314197","0x0fba475e92cfef19f7dbada8ec2cce4ad7bbc0d9","0x335f5af787199e6549c93d75fedff56b8225e25f","553633217993079584775086"
"0xcccb41e06451c15730b581e1ef3bb4964a5dc7903ed6296f289778711caad9b8-34","28370083","1753784885","0xcccb41e06451c15730b581e1ef3bb4964a5dc7903ed6296f289778711caad9b8","0xddd77e91c222e36d4bd5ca8e78682a2172314197","0x0fba475e92cfef19f7dbada8ec2cce4ad7bbc0d9","0x79fddc7559769daba59950efe8fa27810408bdfd","553633217993079584775086"
"0xccdb8b70d77ba3b0c919f213770251b4ddc44ce645d95d636b3960a2229d1f0d-157","28368125","1753783714","0xccdb8b70d77ba3b0c919f213770251b4ddc44ce645d95d636b3960a2229d1f0d","0xddd77e91c222e36d4bd5ca8e78682a2172314197","0x0fba475e92cfef19f7dbada8ec2cce4ad7bbc0d9","0x300edb590bae08e94cad061b55849e85531b92c6","553633217993079584775086"
"0xcce33d508b7b71b7a3070d9ff3d0f1f8c56b8b030373ed130185a630e5184a30-85","28380125","1753790960","0xcce33d508b7b71b7a3070d9ff3d0f1f8c56b8b030373ed130185a630e5184a30","0xddd77e91c222e36d4bd5ca8e78682a2172314197","0x0fba475e92cfef19f7dbada8ec2cce4ad7bbc0d9","0xfc7275b4361fdd8820cff1cdfa3362bb869ada20","553633217993079584775086"
"0xcd2ee84d5f04aace697edfb24c23a5478b00e1ca046c41c0c6c7b6024350b856-574","28364163","1753781319","0xcd2ee84d5f04aace697edfb24c23a5478b00e1ca046c41c0c6c7b6024350b856","0xddd77e91c222e36d4bd5ca8e78682a2172314197","0x0fba475e92cfef19f7dbada8ec2cce4ad7bbc0d9","0x086870332c80a7fcf482bc082aff6db584be7c50","553633217993079584775086"
"0xcd34da71e647a8c682281ddcf6132cc2eeb8c9274f8d21b326c0340cc48c6edc-111","28391916","1753798051","0xcd34da71e647a8c682281ddcf6132cc2eeb8c9274f8d21b326c0340cc48c6edc","0xddd77e91c222e36d4bd5ca8e78682a2172314197","0x0fba475e92cfef19f7dbada8ec2cce4ad7bbc0d9","0x13916a0f1cf8e64a08922a121f59aac5bf9ba894","553633217993079584775086"
"0xcd7a47a886d09d1d2fb68b4bc3791a5a9d8e5e578f5285d5aa27a2b1ebfd0ff5-104","28396479","1753800793","0xcd7a47a886d09d1d2fb68b4bc3791a5a9d8e5e578f5285d5aa27a2b1ebfd0ff5","0xddd77e91c222e36d4bd5ca8e78682a2172314197","0x0fba475e92cfef19f7dbada8ec2cce4ad7bbc0d9","0xe9ba646ac0c55efdb9707a4aef9668035b198e4d","553633217993079584775086"
"0xcdcdd95a308f5d80fdb611428f9527ed7f2fd55e4e015d41c6ded24434c11fd4-111","28343916","1753769144","0xcdcdd95a308f5d80fdb611428f9527ed7f2fd55e4e015d41c6ded24434c11fd4","0xddd77e91c222e36d4bd5ca8e78682a2172314197","0x0fba475e92cfef19f7dbada8ec2cce4ad7bbc0d9","0xa66daa174ad201f4ff076a710a9194db6ffbaf51","553633217993079584775086"
"0xcdd0c3568e5358532b9e9023d8b67c3d21f9eb1cf9e139811e3ee35a29338f75-82","28342911","1753768494","0xcdd0c3568e5358532b9e9023d8b67c3d21f9eb1cf9e139811e3ee35a29338f75","0xddd77e91c222e36d4bd5ca8e78682a2172314197","0x0fba475e92cfef19f7dbada8ec2cce4ad7bbc0d9","0x3e78c4848062f1a0e3888cebb1efec178769f7f8","553633217993079584775086"
"0xcdd7649e7dbd16f979cc7a1f5efabb5f209906eebc8ee4173c851806d5dc4117-95","28331335","1753761566","0xcdd7649e7dbd16f979cc7a1f5efabb5f209906eebc8ee4173c851806d5dc4117","0xddd77e91c222e36d4bd5ca8e78682a2172314197","0x0fba475e92cfef19f7dbada8ec2cce4ad7bbc0d9","0xd2c6eb6953d59ea7083c900a0c503e3f0d51b19f","553633217993079584775086"
"0xcde14d1a52716a43ac2d9558d6fc6711cd843f4dfec054778fb57e9a5bbd4257-120","28349963","1753772766","0xcde14d1a52716a43ac2d9558d6fc6711cd843f4dfec054778fb57e9a5bbd4257","0xddd77e91c222e36d4bd5ca8e78682a2172314197","0x0fba475e92cfef19f7dbada8ec2cce4ad7bbc0d9","0xfdef20e7d922e022953b2fffb250c5730d821ca3","553633217993079584775086"
"0xce7c51f4c80b4b3426949f56106405f473d55af715ce6affa9bce3d24b6c4c84-221","28352333","1753774185","0xce7c51f4c80b4b3426949f56106405f473d55af715ce6affa9bce3d24b6c4c84","0xddd77e91c222e36d4bd5ca8e78682a2172314197","0x0fba475e92cfef19f7dbada8ec2cce4ad7bbc0d9","0xd370324e137fad2e45a263565c46ae9022e48b3c","553633217993079584775086"
"0xce893c85936c36fe79db9093b0f9b57f1f94ba9d4ee3a4fbeaddc976d5080aa6-330","28358308","1753777777","0xce893c85936c36fe79db9093b0f9b57f1f94ba9d4ee3a4fbeaddc976d5080aa6","0xddd77e91c222e36d4bd5ca8e78682a2172314197","0x0fba475e92cfef19f7dbada8ec2cce4ad7bbc0d9","0xf29812b92750c6b25afb10498d7224fc54f54a23","553633217993079584775086"
"0xce9258a6dfca9d27e0eb061146a7c339b88f88d9382606765202816104f67c65-696","28346925","1753770964","0xce9258a6dfca9d27e0eb061146a7c339b88f88d9382606765202816104f67c65","0xddd77e91c222e36d4bd5ca8e78682a2172314197","0x0fba475e92cfef19f7dbada8ec2cce4ad7bbc0d9","0xbdc3fe465a05e0224fbbf756487bcbb134c3d1df","553633217993079584775086"
"0xceae46710a5823f8fbf7deecdcf1da0334bcdeb5ea347488433337964bde27c2-121","28344400","1753769419","0xceae46710a5823f8fbf7deecdcf1da0334bcdeb5ea347488433337964bde27c2","0xddd77e91c222e36d4bd5ca8e78682a2172314197","0x0fba475e92cfef19f7dbada8ec2cce4ad7bbc0d9","0x894bfbcc9f3597d751c9b4905953c594746f025f","553633217993079584775086"
"0xcebb804230ead0c47443d9d7893634daf68f1f9c3bb19f2531c3692c7553c5e9-106","28400489","1753803252","0xcebb804230ead0c47443d9d7893634daf68f1f9c3bb19f2531c3692c7553c5e9","0xddd77e91c222e36d4bd5ca8e78682a2172314197","0x0fba475e92cfef19f7dbada8ec2cce4ad7bbc0d9","0xbc73ef64bff4b66ce947740fe591e18bac97e186","553633217993079584775086"
"0xcec6af29fa89da442a79d01450b04a34684cba782690ccbb493dc947bf9f0fec-56","28344580","1753769523","0xcec6af29fa89da442a79d01450b04a34684cba782690ccbb493dc947bf9f0fec","0xddd77e91c222e36d4bd5ca8e78682a2172314197","0x0fba475e92cfef19f7dbada8ec2cce4ad7bbc0d9","0xcd78cb1455d0d0d359dcf0b059b2aa896fe6ae97","553633217993079584775086"
"0xcee708aefa35bf64bdb91f89f7fa7599fd2e09c133999cd9a65672aee2e51e3b-50","28378156","1753789764","0xcee708aefa35bf64bdb91f89f7fa7599fd2e09c133999cd9a65672aee2e51e3b","0xddd77e91c222e36d4bd5ca8e78682a2172314197","0x0fba475e92cfef19f7dbada8ec2cce4ad7bbc0d9","0x69180d0598e43ceafa2cf7839926c18c7b271f2a","553633217993079584775086"
"0xceebf3ccabc31aff74175fdd0fc36dd1b2b154c6b6b76eafb91fcafdb764dc4b-172","28392249","1753798247","0xceebf3ccabc31aff74175fdd0fc36dd1b2b154c6b6b76eafb91fcafdb764dc4b","0xddd77e91c222e36d4bd5ca8e78682a2172314197","0x0fba475e92cfef19f7dbada8ec2cce4ad7bbc0d9","0x02d991345043a7ecd293c85e2d3baf6ca08d4213","553633217993079584775086"
"0xcf006124a9e22080c1c70058ce6ccd1278c1eb0fb394924e429103b0703c846d-96","28390991","1753797486","0xcf006124a9e22080c1c70058ce6ccd1278c1eb0fb394924e429103b0703c846d","0xddd77e91c222e36d4bd5ca8e78682a2172314197","0x0fba475e92cfef19f7dbada8ec2cce4ad7bbc0d9","0x5b3e059ce148a5ab9ef306418c376cd683fdf54b","553633217993079584775086"
"0xcf00cccd6f4ffc98d98d230665ef84a6d4cdd0eba4c90152516f40a92309f7b9-3","28376322","1753788642","0xcf00cccd6f4ffc98d98d230665ef84a6d4cdd0eba4c90152516f40a92309f7b9","0xddd77e91c222e36d4bd5ca8e78682a2172314197","0x0fba475e92cfef19f7dbada8ec2cce4ad7bbc0d9","0xd645fb824ec2f9542ef6323ea149105354a626cf","553633217993079584775086"
"0xcf0238f91b782b6b28caf0fe3f5029fac4dab966876f627b5a187b7fb43a8aa7-3","28355668","1753776181","0xcf0238f91b782b6b28caf0fe3f5029fac4dab966876f627b5a187b7fb43a8aa7","0xddd77e91c222e36d4bd5ca8e78682a2172314197","0x0fba475e92cfef19f7dbada8ec2cce4ad7bbc0d9","0xac488648f2902bd99e198ad10b9d049a39162556","553633217993079584775086"
"0xcf1172baad618954d1b0c07e761005dc9dc9aadcee09b9c2383c2bcc9fa0707d-607","28340420","1753767013","0xcf1172baad618954d1b0c07e761005dc9dc9aadcee09b9c2383c2bcc9fa0707d","0xddd77e91c222e36d4bd5ca8e78682a2172314197","0x0fba475e92cfef19f7dbada8ec2cce4ad7bbc0d9","0x8f8bac64c21abfcc85cc6c21e96440f8f6cfc2ba","553633217993079584775086"
"0xcf2a42bcb96ed1ad2340eb78abba84066ea6eb687ded01d3ac58486d488904c7-111","28336194","1753764499","0xcf2a42bcb96ed1ad2340eb78abba84066ea6eb687ded01d3ac58486d488904c7","0xddd77e91c222e36d4bd5ca8e78682a2172314197","0x0fba475e92cfef19f7dbada8ec2cce4ad7bbc0d9","0x8d6e8bab7ce3de6580c7cd590bf19caf183ff8ce","553633217993079584775086"
"0xcf36dde6f1ad4bd2fa3cc8d732773a8d32226519762eeb1a6b9c321fca713475-10","28371473","1753785703","0xcf36dde6f1ad4bd2fa3cc8d732773a8d32226519762eeb1a6b9c321fca713475","0xddd77e91c222e36d4bd5ca8e78682a2172314197","0x0fba475e92cfef19f7dbada8ec2cce4ad7bbc0d9","0xca71bac66c44571ab53fb32fa925cee28876723e","553633217993079584775086"
"0xcf5e451b3e7c9e780eaaa0b780238a3b25df3b5eae02925042460100f69ddf94-35","28354823","1753775664","0xcf5e451b3e7c9e780eaaa0b780238a3b25df3b5eae02925042460100f69ddf94","0xddd77e91c222e36d4bd5ca8e78682a2172314197","0x0fba475e92cfef19f7dbada8ec2cce4ad7bbc0d9","0x8f7892bab856747107e8524753cef694f3076806","553633217993079584775086"
"0xcf6a3fb8544d2dab3515cff02a7492e6bd32a02e5fae2e3249945f446151fd6c-12","28373652","1753787020","0xcf6a3fb8544d2dab3515cff02a7492e6bd32a02e5fae2e3249945f446151fd6c","0xddd77e91c222e36d4bd5ca8e78682a2172314197","0x0fba475e92cfef19f7dbada8ec2cce4ad7bbc0d9","0x40f72d5c4c5df5d521db84d84380a5c350607623","553633217993079584775086"
"0xcf6fd9ad641a428dde76f961949459f4d3874ef362ec4bca3295990c8b73a62b-163","28343404","1753768810","0xcf6fd9ad641a428dde76f961949459f4d3874ef362ec4bca3295990c8b73a62b","0xddd77e91c222e36d4bd5ca8e78682a2172314197","0x0fba475e92cfef19f7dbada8ec2cce4ad7bbc0d9","0x2981f72061e64323aa09a0d3103318c1b67f3c07","553633217993079584775086"
"0xcfb0c6f93453fbd0a90af34b64f6891fa98688afffe2a3aa3f89b797cc017026-80","28391025","1753797506","0xcfb0c6f93453fbd0a90af34b64f6891fa98688afffe2a3aa3f89b797cc017026","0xddd77e91c222e36d4bd5ca8e78682a2172314197","0x0fba475e92cfef19f7dbada8ec2cce4ad7bbc0d9","0x6858cc414df8873cda443349004e2730e0cbeef1","553633217993079584775086"
"0xcfcd41ea843c1b6e44f604dc51b786d6dda415295fa1c211c5711672fdbb4b42-88","28358974","1753778192","0xcfcd41ea843c1b6e44f604dc51b786d6dda415295fa1c211c5711672fdbb4b42","0xddd77e91c222e36d4bd5ca8e78682a2172314197","0x0fba475e92cfef19f7dbada8ec2cce4ad7bbc0d9","0xfd61edcc8640020ecabe0915c7988d9bf8940cbd","553633217993079584775086"
"0xcfe867cd0e4eff0cd22bdef11c2b62ad6ff2437c7298cfaf41e2c7dafb08553d-132","28353885","1753775104","0xcfe867cd0e4eff0cd22bdef11c2b62ad6ff2437c7298cfaf41e2c7dafb08553d","0xddd77e91c222e36d4bd5ca8e78682a2172314197","0x0fba475e92cfef19f7dbada8ec2cce4ad7bbc0d9","0x17acc060a06d6fede08126e641a28e43294b8de2","553633217993079584775086"
"0xcff10b2be0a8724359b833a21f1beeb0f1ad3f5f9eebdc1678cceaa1b9fe2efb-84","28340935","1753767321","0xcff10b2be0a8724359b833a21f1beeb0f1ad3f5f9eebdc1678cceaa1b9fe2efb","0xddd77e91c222e36d4bd5ca8e78682a2172314197","0x0fba475e92cfef19f7dbada8ec2cce4ad7bbc0d9","0x995c350a87754e2ef5e79f96769a19877956607d","553633217993079584775086"
"0xcffede463e1441134e23905931ca1e19c8bfe7df0482642191f37a89c4f21ff4-7","28358995","1753778203","0xcffede463e1441134e23905931ca1e19c8bfe7df0482642191f37a89c4f21ff4","0xddd77e91c222e36d4bd5ca8e78682a2172314197","0x0fba475e92cfef19f7dbada8ec2cce4ad7bbc0d9","0x440b05dc833e34f405a8b71a153e4e836a23ae58","553633217993079584775086"
"0xd005a066832f8e3f3e258b040441cc6d2380e8e0f000225b1af5c95563bbe517-17","28380728","1753791327","0xd005a066832f8e3f3e258b040441cc6d2380e8e0f000225b1af5c95563bbe517","0xddd77e91c222e36d4bd5ca8e78682a2172314197","0x0fba475e92cfef19f7dbada8ec2cce4ad7bbc0d9","0xecaabf6f57cbbaf9be93a4adb97327c3c7822bdb","553633217993079584775086"
"0xd01dffc1b7c0bd287401379fdfa9e66595e056d25f165cab159bab986f4dae00-154","28383652","1753793095","0xd01dffc1b7c0bd287401379fdfa9e66595e056d25f165cab159bab986f4dae00","0xddd77e91c222e36d4bd5ca8e78682a2172314197","0x0fba475e92cfef19f7dbada8ec2cce4ad7bbc0d9","0x72ee819c3e038732393437ff9a8ea08c4263215d","553633217993079584775086"
"0xd01f8dd8a6361dfaa7b137c794662f054a86ff7a018248e9d58a27e976b28283-113","28348285","1753771786","0xd01f8dd8a6361dfaa7b137c794662f054a86ff7a018248e9d58a27e976b28283","0xddd77e91c222e36d4bd5ca8e78682a2172314197","0x0fba475e92cfef19f7dbada8ec2cce4ad7bbc0d9","0x0d9fba8504146e962672d83608cec70ebb508995","553633217993079584775086"
"0xd04dc7a374afc904924884a1c0b2c9e20a3abc5c64aab867790fc253acd65bfa-237","28352333","1753774185","0xd04dc7a374afc904924884a1c0b2c9e20a3abc5c64aab867790fc253acd65bfa","0xddd77e91c222e36d4bd5ca8e78682a2172314197","0x0fba475e92cfef19f7dbada8ec2cce4ad7bbc0d9","0x829c15d9da0057486e18725ee4b25da2b0a154e6","553633217993079584775086"
"0xd0548ddc764674f41460be7d4f1abb204d0aa0836ec6d878cbfed72290946f41-3","28345687","1753770208","0xd0548ddc764674f41460be7d4f1abb204d0aa0836ec6d878cbfed72290946f41","0xddd77e91c222e36d4bd5ca8e78682a2172314197","0x0fba475e92cfef19f7dbada8ec2cce4ad7bbc0d9","0xff3d696f0b90ecd643f740be1f4a459365041ef0","553633217993079584775086"
"0xd057bf413cbe6add9777f62c0644b4f13ba9e7acf7e1664334efa25219b8143c-547","28401228","1753803695","0xd057bf413cbe6add9777f62c0644b4f13ba9e7acf7e1664334efa25219b8143c","0xddd77e91c222e36d4bd5ca8e78682a2172314197","0x0fba475e92cfef19f7dbada8ec2cce4ad7bbc0d9","0xded1a36cc1dc4e748c8b29d20f519e1f6fe457f9","553633217993079584775086"
"0xd05b14caebb0ad30445c2791fae83d000cfb07269656c40905463c12f8f7b777-627","28391639","1753797873","0xd05b14caebb0ad30445c2791fae83d000cfb07269656c40905463c12f8f7b777","0xddd77e91c222e36d4bd5ca8e78682a2172314197","0x0fba475e92cfef19f7dbada8ec2cce4ad7bbc0d9","0xa7e0941c31356b13e446e25e8ddeced5c6b5d1f0","553633217993079584775086"
"0xd068ab16a32883b7b209790ff1e662123960d87d5ca540bdbb98b745063a84e3-168","28366582","1753782784","0xd068ab16a32883b7b209790ff1e662123960d87d5ca540bdbb98b745063a84e3","0xddd77e91c222e36d4bd5ca8e78682a2172314197","0x0fba475e92cfef19f7dbada8ec2cce4ad7bbc0d9","0xe89d8cc66958a1d0121f79eaf673aeaeda67a9d3","553633217993079584775086"
"0xd0726dc38d3732438b1e3d28d4e90758ed3c636f75fcc0a80ee1059da3513ff3-758","28330190","1753760865","0xd0726dc38d3732438b1e3d28d4e90758ed3c636f75fcc0a80ee1059da3513ff3","0xddd77e91c222e36d4bd5ca8e78682a2172314197","0x0fba475e92cfef19f7dbada8ec2cce4ad7bbc0d9","0x42e5a4ab3731fb1d5106e3d5c532c94617eeeadd","553633217993079584775086"
"0xd076cac8386eef78ca331ca8195050c25e5b38c7619afb7db326d360cda57e16-156","28392249","1753798247","0xd076cac8386eef78ca331ca8195050c25e5b38c7619afb7db326d360cda57e16","0xddd77e91c222e36d4bd5ca8e78682a2172314197","0x0fba475e92cfef19f7dbada8ec2cce4ad7bbc0d9","0x48a126f25e37201716c8ac2657ee2d44da1a7185","553633217993079584775086"
"0xd0772885bc67573f286f62585cd43804b37f384483754a1a651b2c1c9b08c1d3-91","28337735","1753765405","0xd0772885bc67573f286f62585cd43804b37f384483754a1a651b2c1c9b08c1d3","0xddd77e91c222e36d4bd5ca8e78682a2172314197","0x0fba475e92cfef19f7dbada8ec2cce4ad7bbc0d9","0xa41202d6685785b8fed88bb99230c82fc8eb6f6e","553633217993079584775086"
"0xd092474f59aae084c0283ee7b102d359f25ba141a6d9c853d88379635ceb334e-90","28395976","1753800495","0xd092474f59aae084c0283ee7b102d359f25ba141a6d9c853d88379635ceb334e","0xddd77e91c222e36d4bd5ca8e78682a2172314197","0x0fba475e92cfef19f7dbada8ec2cce4ad7bbc0d9","0xafce621e1b438757f1402b4825ec103f1b2dbbf8","553633217993079584775086"
"0xd096a0645de07090bc9dc5da059aebdece897b5864d860601339d8b9e4684a79-110","28347891","1753771540","0xd096a0645de07090bc9dc5da059aebdece897b5864d860601339d8b9e4684a79","0xddd77e91c222e36d4bd5ca8e78682a2172314197","0x0fba475e92cfef19f7dbada8ec2cce4ad7bbc0d9","0xd44297edec0a9a9a6bc9ee6404e944a22fcfa3c6","553633217993079584775086"
"0xd0979f482a8fbe770b43f3ee7aeb28627b084c087e7711f6d49094c2efbe6f74-31","28381965","1753792083","0xd0979f482a8fbe770b43f3ee7aeb28627b084c087e7711f6d49094c2efbe6f74","0xddd77e91c222e36d4bd5ca8e78682a2172314197","0x0fba475e92cfef19f7dbada8ec2cce4ad7bbc0d9","0x15d4be08414cba09173b64206fd0761def77078c","553633217993079584775086"
"0xd0cc09c038de2c0af0f7b1a67667349572a774146a2f68b43d1ef4b990cf923d-34","28388109","1753795688","0xd0cc09c038de2c0af0f7b1a67667349572a774146a2f68b43d1ef4b990cf923d","0xddd77e91c222e36d4bd5ca8e78682a2172314197","0x0fba475e92cfef19f7dbada8ec2cce4ad7bbc0d9","0x0e6a826fa3e5689d7cb14322cee13e02daeaa707","553633217993079584775086"
"0xd0f0d4a1005b81d65bee1d9624975670f782763c397cd205885f22aaa3b32e58-23","28133031","1753642565","0xd0f0d4a1005b81d65bee1d9624975670f782763c397cd205885f22aaa3b32e58","0xddd77e91c222e36d4bd5ca8e78682a2172314197","0x0fba475e92cfef19f7dbada8ec2cce4ad7bbc0d9","0xc3b0b061a05202d917b1914669c534d6246152e3","553633217993079584775086"
"0xd0f32f8afdd8986a93167fb60c88a027414af2bab3bc1a1e6e70cd9862dff438-75","28354783","1753775642","0xd0f32f8afdd8986a93167fb60c88a027414af2bab3bc1a1e6e70cd9862dff438","0xddd77e91c222e36d4bd5ca8e78682a2172314197","0x0fba475e92cfef19f7dbada8ec2cce4ad7bbc0d9","0xe7d40b70c4178c68df159221c4027e02178f1ff0","553633217993079584775086"
"0xd10a4d92197180728bb713af0686b9d24155727475305e4cfdbebc8a32693f0e-86","28339137","1753766258","0xd10a4d92197180728bb713af0686b9d24155727475305e4cfdbebc8a32693f0e","0xddd77e91c222e36d4bd5ca8e78682a2172314197","0x0fba475e92cfef19f7dbada8ec2cce4ad7bbc0d9","0xcf677c774b63806ddd945a41958025403806ae37","553633217993079584775086"
"0xd113c340f3cd4baab63d0af7fa73eb2d2d27b32189594e80ad3159622640796c-118","28394266","1753799463","0xd113c340f3cd4baab63d0af7fa73eb2d2d27b32189594e80ad3159622640796c","0xddd77e91c222e36d4bd5ca8e78682a2172314197","0x0fba475e92cfef19f7dbada8ec2cce4ad7bbc0d9","0x40a84229967479818310598213572fb80fbabc46","553633217993079584775086"
"0xd149946243e8fc2e09102fabb8c0dd2f486c57a68218ae92ce1aadf102f45704-3","28342170","1753768041","0xd149946243e8fc2e09102fabb8c0dd2f486c57a68218ae92ce1aadf102f45704","0xddd77e91c222e36d4bd5ca8e78682a2172314197","0x0fba475e92cfef19f7dbada8ec2cce4ad7bbc0d9","0x3d949df36301bc48d25739959ebbbd30fe637216","553633217993079584775086"
"0xd15799a00db5eaa4c2f20bc3d42a7aad2626732255ea2892b11a7d9985efcde3-107","28332036","1753761971","0xd15799a00db5eaa4c2f20bc3d42a7aad2626732255ea2892b11a7d9985efcde3","0xddd77e91c222e36d4bd5ca8e78682a2172314197","0x0fba475e92cfef19f7dbada8ec2cce4ad7bbc0d9","0xd772752fcb9f3e9094fdb5cf65868ccdf91ebfe1","553633217993079584775086"
"0xd16e6dda6129f69e3de1e50aa754feeb71d21274664df5ffb49accc2124b8896-30","28354610","1753775548","0xd16e6dda6129f69e3de1e50aa754feeb71d21274664df5ffb49accc2124b8896","0xddd77e91c222e36d4bd5ca8e78682a2172314197","0x0fba475e92cfef19f7dbada8ec2cce4ad7bbc0d9","0x2d8cb9a299ffafa64073ab9741153f3c812068e0","553633217993079584775086"
"0xd1769dde7dcbae8d032493d551b1addc6967723039befafa7ddb62cfaa1efa8f-355","28347887","1753771538","0xd1769dde7dcbae8d032493d551b1addc6967723039befafa7ddb62cfaa1efa8f","0xddd77e91c222e36d4bd5ca8e78682a2172314197","0x0fba475e92cfef19f7dbada8ec2cce4ad7bbc0d9","0x3122166b7ceee1071f37749db6a19fafcebf9919","553633217993079584775086"
"0xd194a98426a4f118b06685977a92302cb05e7e342ba0b070d085974d751c0252-214","28358030","1753777607","0xd194a98426a4f118b06685977a92302cb05e7e342ba0b070d085974d751c0252","0xddd77e91c222e36d4bd5ca8e78682a2172314197","0x0fba475e92cfef19f7dbada8ec2cce4ad7bbc0d9","0xa6e8c40dc269be0a4d880b9ed014a91bd897acf0","553633217993079584775086"
"0xd1bca44a59f8092ff776f43842a66a47aa54d0b80e2b7eb594748f1a02883b91-90","28340610","1753767122","0xd1bca44a59f8092ff776f43842a66a47aa54d0b80e2b7eb594748f1a02883b91","0xddd77e91c222e36d4bd5ca8e78682a2172314197","0x0fba475e92cfef19f7dbada8ec2cce4ad7bbc0d9","0x4cc50287b78c9e87db2f22e586e2cfa71e265e82","553633217993079584775086"
"0xd1faa77815640966308965efbd142c1f0b60f3c636f750fd6256ebb14bf4513d-205","28373802","1753787120","0xd1faa77815640966308965efbd142c1f0b60f3c636f750fd6256ebb14bf4513d","0xddd77e91c222e36d4bd5ca8e78682a2172314197","0x0fba475e92cfef19f7dbada8ec2cce4ad7bbc0d9","0x7980af1494b801895c45b84533596f3f58df152f","553633217993079584775086"
"0xd1fba5028c3b68f45ca5de0070846156f54266c48a5ab37dd9c3fd2574ed74e1-201","28365414","1753782043","0xd1fba5028c3b68f45ca5de0070846156f54266c48a5ab37dd9c3fd2574ed74e1","0xddd77e91c222e36d4bd5ca8e78682a2172314197","0x0fba475e92cfef19f7dbada8ec2cce4ad7bbc0d9","0x16dafbd15b1118c5e774f4d5862efc846d12aab7","553633217993079584775086"
"0xd23d907ab4b6e3e0065d8794231d08087da10ad2a9c063a1c497f12b056bccc2-24","28330249","1753760901","0xd23d907ab4b6e3e0065d8794231d08087da10ad2a9c063a1c497f12b056bccc2","0xddd77e91c222e36d4bd5ca8e78682a2172314197","0x0fba475e92cfef19f7dbada8ec2cce4ad7bbc0d9","0x4eb356afde58ddec6765eb877c492fcbecb629fc","553633217993079584775086"
"0xd262b4292203fd5831496d986f9905dc737ff803802c728d89fc2d6de3465f34-161","28379554","1753790603","0xd262b4292203fd5831496d986f9905dc737ff803802c728d89fc2d6de3465f34","0xddd77e91c222e36d4bd5ca8e78682a2172314197","0x0fba475e92cfef19f7dbada8ec2cce4ad7bbc0d9","0x7fc45725d99313f16a6fec2b2e2d2890b01b49bb","553633217993079584775086"
"0xd28b589ff02f71d21f176e1958a6fae87ed49fe6123fda9452c9afb6df146569-13","28348241","1753771760","0xd28b589ff02f71d21f176e1958a6fae87ed49fe6123fda9452c9afb6df146569","0xddd77e91c222e36d4bd5ca8e78682a2172314197","0x0fba475e92cfef19f7dbada8ec2cce4ad7bbc0d9","0x45861b0666a6647467e221360eb5a27c4e30e55f","553633217993079584775086"
"0xd291bb9f4e69a2a3bff7a3da3836ad06cd985e9ffe4f0d6cfffbf155e9cb32f4-774","28367654","1753783431","0xd291bb9f4e69a2a3bff7a3da3836ad06cd985e9ffe4f0d6cfffbf155e9cb32f4","0xddd77e91c222e36d4bd5ca8e78682a2172314197","0x0fba475e92cfef19f7dbada8ec2cce4ad7bbc0d9","0xfd0bf87bc9b49906f02903f494720e9c27349c4b","553633217993079584775086"
"0xd29b3da1ff9b85e03d6f56fb04a1ac99a527aee35072099e75875966052a4125-159","28334382","1753763392","0xd29b3da1ff9b85e03d6f56fb04a1ac99a527aee35072099e75875966052a4125","0xddd77e91c222e36d4bd5ca8e78682a2172314197","0x0fba475e92cfef19f7dbada8ec2cce4ad7bbc0d9","0x7083f0cba0da7e4048910765638cfaa2a397c830","553633217993079584775086"
"0xd29b8f3eb356cc9177b32ce98cce371441962095d237e897237c789e7342a86f-114","28353027","1753774604","0xd29b8f3eb356cc9177b32ce98cce371441962095d237e897237c789e7342a86f","0xddd77e91c222e36d4bd5ca8e78682a2172314197","0x0fba475e92cfef19f7dbada8ec2cce4ad7bbc0d9","0x2b60edac7a15c21ef5e9767b4fa560698b0e642a","553633217993079584775086"
"0xd2ad7c044ab0e1c6c0ee8577659c5abfdab196dde0f864d6fdfd75c4b5e491cb-30","28406721","1753807037","0xd2ad7c044ab0e1c6c0ee8577659c5abfdab196dde0f864d6fdfd75c4b5e491cb","0xddd77e91c222e36d4bd5ca8e78682a2172314197","0x0fba475e92cfef19f7dbada8ec2cce4ad7bbc0d9","0xc9ba00393fa27725d9126644ceaf28b5d29c2a1a","553633217993079584775086"
"0xd2bc19a892284ecff77db5193be256db501fc0976e1d0e92723b0b94ca002c53-134","28361669","1753779795","0xd2bc19a892284ecff77db5193be256db501fc0976e1d0e92723b0b94ca002c53","0xddd77e91c222e36d4bd5ca8e78682a2172314197","0x0fba475e92cfef19f7dbada8ec2cce4ad7bbc0d9","0xc78ffd708ba37c020e093d5d6e479dc74722be6c","553633217993079584775086"
"0xd2c05889859f08b35726b4cc6b080deda4e37f872c4bed3ba0e591aca7ccbbfc-102","28337553","1753765295","0xd2c05889859f08b35726b4cc6b080deda4e37f872c4bed3ba0e591aca7ccbbfc","0xddd77e91c222e36d4bd5ca8e78682a2172314197","0x0fba475e92cfef19f7dbada8ec2cce4ad7bbc0d9","0xd21b2b083d291f91e4f66416ff748782cfcef392","553633217993079584775086"
"0xd2cf646ca87bc8c9a32f3bb513623eccd2d8a76954b997bec7349cc5e9a7c46d-791","28345417","1753770041","0xd2cf646ca87bc8c9a32f3bb513623eccd2d8a76954b997bec7349cc5e9a7c46d","0xddd77e91c222e36d4bd5ca8e78682a2172314197","0x0fba475e92cfef19f7dbada8ec2cce4ad7bbc0d9","0xbeaee6127541faa19931dc4b00c5ad3e7dd01ff9","553633217993079584775086"
"0xd2e7754a8e3fcfb9824efddd46626dc4914526a0027e4bd1701c33370757fcd9-9","28374191","1753787362","0xd2e7754a8e3fcfb9824efddd46626dc4914526a0027e4bd1701c33370757fcd9","0xddd77e91c222e36d4bd5ca8e78682a2172314197","0x0fba475e92cfef19f7dbada8ec2cce4ad7bbc0d9","0x27170b42e9d40290a73daef5e9bcb2db561dba4e","553633217993079584775086"
"0xd331246c9cccd08ad43343f0d87f5441f46fb116775c954f01525977d74c7114-28","28396661","1753800902","0xd331246c9cccd08ad43343f0d87f5441f46fb116775c954f01525977d74c7114","0xddd77e91c222e36d4bd5ca8e78682a2172314197","0x0fba475e92cfef19f7dbada8ec2cce4ad7bbc0d9","0x8015f7bc1449f4f45c1d86db8231fe8dbb25e177","553633217993079584775086"
"0xd33156f024acce5823cdf5d37b1269754532ad5e9282a22bf7b4fa80dba10f63-154","28367446","1753783306","0xd33156f024acce5823cdf5d37b1269754532ad5e9282a22bf7b4fa80dba10f63","0xddd77e91c222e36d4bd5ca8e78682a2172314197","0x0fba475e92cfef19f7dbada8ec2cce4ad7bbc0d9","0x6ae5b022c5f0ffb90f7f881ee43311fbd1ea1b20","553633217993079584775086"
"0xd33c9295737fc56f65ab867158a4ed168fa1590d3ffa179cd1873c6f9d5d7cf0-12","28347878","1753771530","0xd33c9295737fc56f65ab867158a4ed168fa1590d3ffa179cd1873c6f9d5d7cf0","0xddd77e91c222e36d4bd5ca8e78682a2172314197","0x0fba475e92cfef19f7dbada8ec2cce4ad7bbc0d9","0x353b79a9c62a20263293865b3f301b18bb02671d","553633217993079584775086"
"0xd3652edc6e8b7fc72d6d238c8db5390bf149870d62ed37a552c9a8b048fa93f1-95","28364955","1753781778","0xd3652edc6e8b7fc72d6d238c8db5390bf149870d62ed37a552c9a8b048fa93f1","0xddd77e91c222e36d4bd5ca8e78682a2172314197","0x0fba475e92cfef19f7dbada8ec2cce4ad7bbc0d9","0xa381ee00a580bf95bc4a05b8baf520f2e1a4a36f","553633217993079584775086"
"0xd3777e55c4b18fb2c429c834e1b6d84a3cbba8f03b3342d2d8fedb4b2720e585-158","28336713","1753764800","0xd3777e55c4b18fb2c429c834e1b6d84a3cbba8f03b3342d2d8fedb4b2720e585","0xddd77e91c222e36d4bd5ca8e78682a2172314197","0x0fba475e92cfef19f7dbada8ec2cce4ad7bbc0d9","0x164f04f4f4e6e28803ed3503ffcfe72b7d8a6b26","553633217993079584775086"
"0xd38ff065b9b137535a500bc8c8c52fafe9011f28076e68442a4bd97aaf61c7ff-96","28338342","1753765750","0xd38ff065b9b137535a500bc8c8c52fafe9011f28076e68442a4bd97aaf61c7ff","0xddd77e91c222e36d4bd5ca8e78682a2172314197","0x0fba475e92cfef19f7dbada8ec2cce4ad7bbc0d9","0xb45fcf6e1dab1f15a21449d75f00eef34fa7cb5e","553633217993079584775086"
"0xd3a21be955dcaefbb11aa206d5833b5e6c67ad63b01cc3c644c94b09c424bf77-124","28394834","1753799806","0xd3a21be955dcaefbb11aa206d5833b5e6c67ad63b01cc3c644c94b09c424bf77","0xddd77e91c222e36d4bd5ca8e78682a2172314197","0x0fba475e92cfef19f7dbada8ec2cce4ad7bbc0d9","0xbbf8cafe6e7efc3ee5f735eca8042c554b96ed1b","553633217993079584775086"
"0xd3ae55e17b984db10c352a1d9b0464b8608c5cc82ec17e008d0e5434145d0bc0-59","28348722","1753772037","0xd3ae55e17b984db10c352a1d9b0464b8608c5cc82ec17e008d0e5434145d0bc0","0xddd77e91c222e36d4bd5ca8e78682a2172314197","0x0fba475e92cfef19f7dbada8ec2cce4ad7bbc0d9","0x2acab62902faded40d2d97de75dd93ee54735df5","553633217993079584775086"
"0xd3b887edd383545c9e04d8ca599c60ee8a53a2d1f72b460670058df9b6374c58-608","28378998","1753790273","0xd3b887edd383545c9e04d8ca599c60ee8a53a2d1f72b460670058df9b6374c58","0xddd77e91c222e36d4bd5ca8e78682a2172314197","0x0fba475e92cfef19f7dbada8ec2cce4ad7bbc0d9","0xaf162b8887f28727e33e4e4ccce12178ac8200da","553633217993079584775086"
"0xd3d669b0cb1447f6f3e19a48f2126c93289a8d58ebbcee3bf7527b60ec178da5-11","28352272","1753774139","0xd3d669b0cb1447f6f3e19a48f2126c93289a8d58ebbcee3bf7527b60ec178da5","0xddd77e91c222e36d4bd5ca8e78682a2172314197","0x0fba475e92cfef19f7dbada8ec2cce4ad7bbc0d9","0x003c690228a3a177b9fa8a660e1e23bc93eb2968","553633217993079584775086"
"0xd3df074488ad05bb1959da6aefb71af52dd690bbaa7b9acbf58fb2f6e9d41f6d-59","28362402","1753780248","0xd3df074488ad05bb1959da6aefb71af52dd690bbaa7b9acbf58fb2f6e9d41f6d","0xddd77e91c222e36d4bd5ca8e78682a2172314197","0x0fba475e92cfef19f7dbada8ec2cce4ad7bbc0d9","0xb3ef99e75b9e307e270542336b22d6b0d3a3726a","553633217993079584775086"
"0xd4038b7e80e385a4d49430773059c3b5ea678a2b51fc744a381716d9957cfb74-113","28377363","1753789295","0xd4038b7e80e385a4d49430773059c3b5ea678a2b51fc744a381716d9957cfb74","0xddd77e91c222e36d4bd5ca8e78682a2172314197","0x0fba475e92cfef19f7dbada8ec2cce4ad7bbc0d9","0x65e2dac025e7bb2c71d62ca131ec9265399a0233","553633217993079584775086"
"0xd40f18b9357bd3aeba41feff0f9f2ddf73c97104656eef1ddde9072cc15b9c3c-209","28350404","1753773029","0xd40f18b9357bd3aeba41feff0f9f2ddf73c97104656eef1ddde9072cc15b9c3c","0xddd77e91c222e36d4bd5ca8e78682a2172314197","0x0fba475e92cfef19f7dbada8ec2cce4ad7bbc0d9","0x66ed8ebfaa465fddce689dde80b653f752262f57","553633217993079584775086"
"0xd4132f5f39cff46d31fea0e35c5130d7059b8e61a38a25097d32cf69322be699-64","28342094","1753767994","0xd4132f5f39cff46d31fea0e35c5130d7059b8e61a38a25097d32cf69322be699","0xddd77e91c222e36d4bd5ca8e78682a2172314197","0x0fba475e92cfef19f7dbada8ec2cce4ad7bbc0d9","0xbbd8ac0323b2c605110bc787147e4654dd8e1414","553633217993079584775086"
"0xd41ac65cead21ecfc5987d2677d9c8b8965fdf78ef2a3139a36059d9bc97bfcc-38","28401120","1753803627","0xd41ac65cead21ecfc5987d2677d9c8b8965fdf78ef2a3139a36059d9bc97bfcc","0xddd77e91c222e36d4bd5ca8e78682a2172314197","0x0fba475e92cfef19f7dbada8ec2cce4ad7bbc0d9","0xd2dbad4aa9d5bb972d57275a15be3705661d2e61","553633217993079584775086"
"0xd41e6d6894b02a16a934b388fbd35db9dc50d159c78b598f669ca7f17d66733a-43","28376060","1753788493","0xd41e6d6894b02a16a934b388fbd35db9dc50d159c78b598f669ca7f17d66733a","0xddd77e91c222e36d4bd5ca8e78682a2172314197","0x0fba475e92cfef19f7dbada8ec2cce4ad7bbc0d9","0x8020f5f134ada0440c5016d94f711329d498f77c","553633217993079584775086"
"0xd41e8b9103ec5c7a3507ac738eb96f8e403fcb2f5b5e4bda6dbd923a2c586a92-148","28351635","1753773770","0xd41e8b9103ec5c7a3507ac738eb96f8e403fcb2f5b5e4bda6dbd923a2c586a92","0xddd77e91c222e36d4bd5ca8e78682a2172314197","0x0fba475e92cfef19f7dbada8ec2cce4ad7bbc0d9","0x14058948dbc76e2ba8b05841e7ddc504fc3e145a","553633217993079584775086"
"0xd4338376ff8f8a7bbbbfa2b4714793484e45fad2f82839dd4da5733c75b19808-57","28351670","1753773792","0xd4338376ff8f8a7bbbbfa2b4714793484e45fad2f82839dd4da5733c75b19808","0xddd77e91c222e36d4bd5ca8e78682a2172314197","0x0fba475e92cfef19f7dbada8ec2cce4ad7bbc0d9","0x78fe9ba692e0ee2f979ac90f11f4ef7ed79feec7","553633217993079584775086"
"0xd433c9e95a9e181248c0677e16fa24f3daf2ea3a2a11c7bd7d8bb4ed9d96947b-18","28376078","1753788504","0xd433c9e95a9e181248c0677e16fa24f3daf2ea3a2a11c7bd7d8bb4ed9d96947b","0xddd77e91c222e36d4bd5ca8e78682a2172314197","0x0fba475e92cfef19f7dbada8ec2cce4ad7bbc0d9","0x201140431f901e46653050c3b372ad8db31e82eb","553633217993079584775086"
"0xd43eb9f1c2575fc50527c92f3130e81f5f2e2f8669bbdea0bf356b68a6ac338e-127","28351580","1753773736","0xd43eb9f1c2575fc50527c92f3130e81f5f2e2f8669bbdea0bf356b68a6ac338e","0xddd77e91c222e36d4bd5ca8e78682a2172314197","0x0fba475e92cfef19f7dbada8ec2cce4ad7bbc0d9","0x494ba9725f5fc342ca1dad88e31e09d4124e049b","553633217993079584775086"
"0xd4542169609256ce513c4309242f135b75b8a2b20a8aed08a7a00f8671091f12-173","28352513","1753774289","0xd4542169609256ce513c4309242f135b75b8a2b20a8aed08a7a00f8671091f12","0xddd77e91c222e36d4bd5ca8e78682a2172314197","0x0fba475e92cfef19f7dbada8ec2cce4ad7bbc0d9","0x252ecb40ec126f96b968d716c6e02115541822cb","553633217993079584775086"
"0xd4583ac6226b57472ae5d0405dc39d966ae083e30204abface41f5f6e0dfcbae-108","28356343","1753776584","0xd4583ac6226b57472ae5d0405dc39d966ae083e30204abface41f5f6e0dfcbae","0xddd77e91c222e36d4bd5ca8e78682a2172314197","0x0fba475e92cfef19f7dbada8ec2cce4ad7bbc0d9","0x3dcb76e846151e992d97f932c3511805f175c31e","553633217993079584775086"
"0xd47ca0c8d47ef7ecde0a68d6752a42a12e66d565293d5d5203357f7d89149647-85","28339543","1753766506","0xd47ca0c8d47ef7ecde0a68d6752a42a12e66d565293d5d5203357f7d89149647","0xddd77e91c222e36d4bd5ca8e78682a2172314197","0x0fba475e92cfef19f7dbada8ec2cce4ad7bbc0d9","0xd1cf276cd98f566cf2096cbcf115db4903bb1f6c","553633217993079584775086"
"0xd480981626d17420eb0ec417a56ba762fa22e0558ac76b71dda62f9c298e7b3b-536","28137260","1753645105","0xd480981626d17420eb0ec417a56ba762fa22e0558ac76b71dda62f9c298e7b3b","0xddd77e91c222e36d4bd5ca8e78682a2172314197","0x0fba475e92cfef19f7dbada8ec2cce4ad7bbc0d9","0xf159571abed968c1f95825e4d3f5cbc66fba72d3","553633217993079584775086"
"0xd48e8d4ab771fd51eb412abd371809eaf9de8ab4da8bb284974c4057bfcf595f-176","28387654","1753795412","0xd48e8d4ab771fd51eb412abd371809eaf9de8ab4da8bb284974c4057bfcf595f","0xddd77e91c222e36d4bd5ca8e78682a2172314197","0x0fba475e92cfef19f7dbada8ec2cce4ad7bbc0d9","0x4a363a297e4fc0d2e52c13f7b1c09e44f31d645d","553633217993079584775086"
"0xd49ff2a608bf1d1dfb1670aafcb331dd8d7ed23f7c68280cd6d35f60f39fa28c-71","28137047","1753644986","0xd49ff2a608bf1d1dfb1670aafcb331dd8d7ed23f7c68280cd6d35f60f39fa28c","0xddd77e91c222e36d4bd5ca8e78682a2172314197","0x0fba475e92cfef19f7dbada8ec2cce4ad7bbc0d9","0x1436dfe0ca81b4afcc4415bf4f13a3102133ccac","553633217993079584775086"
"0xd4b43c824dfa5b03893bf19758584d99818940ba2469d73ae30d64d43de08db9-168","28366208","1753782550","0xd4b43c824dfa5b03893bf19758584d99818940ba2469d73ae30d64d43de08db9","0xddd77e91c222e36d4bd5ca8e78682a2172314197","0x0fba475e92cfef19f7dbada8ec2cce4ad7bbc0d9","0x3032213d8a8a0dcd286e4f44497ce6fd30d0469f","553633217993079584775086"
"0xd4c83ee5d11c53a5ed8712797c7d089690bf57cf3fabb7f4c8d85a50ab726c49-113","28405227","1753806114","0xd4c83ee5d11c53a5ed8712797c7d089690bf57cf3fabb7f4c8d85a50ab726c49","0xddd77e91c222e36d4bd5ca8e78682a2172314197","0x0fba475e92cfef19f7dbada8ec2cce4ad7bbc0d9","0x29043157e6608754c7e59b2f799eb032c80aa4fc","553633217993079584775086"
"0xd4e854d11870878ffc5abcbde77170a7cfc9be971f22f6bdfe9dae386ded2a0b-117","28346759","1753770843","0xd4e854d11870878ffc5abcbde77170a7cfc9be971f22f6bdfe9dae386ded2a0b","0xddd77e91c222e36d4bd5ca8e78682a2172314197","0x0fba475e92cfef19f7dbada8ec2cce4ad7bbc0d9","0xf05181360129ff94ea193298c939a444e87ffbbd","553633217993079584775086"
"0xd4fa24a030f98381e7c6bced8f6841afb7c809d2ee512d14fab498cef94da24a-52","28130231","1753640879","0xd4fa24a030f98381e7c6bced8f6841afb7c809d2ee512d14fab498cef94da24a","0xddd77e91c222e36d4bd5ca8e78682a2172314197","0x0fba475e92cfef19f7dbada8ec2cce4ad7bbc0d9","0xa70c4a15bf088b0c50d28de469239305a35b20db","553633217993079584775086"
"0xd4fadb2a01427a71aa65a3767d8b16ab38b11b0d77313edfdc80ac62d2ed1123-121","28394076","1753799356","0xd4fadb2a01427a71aa65a3767d8b16ab38b11b0d77313edfdc80ac62d2ed1123","0xddd77e91c222e36d4bd5ca8e78682a2172314197","0x0fba475e92cfef19f7dbada8ec2cce4ad7bbc0d9","0xed6dd3de72a06b4611c6863bb4863ec4d3f9eaac","553633217993079584775086"
"0xd4fcb7612284eb628688308c61912064f759f5a1ac39258b67332ab21bcc954c-38","28351473","1753773673","0xd4fcb7612284eb628688308c61912064f759f5a1ac39258b67332ab21bcc954c","0xddd77e91c222e36d4bd5ca8e78682a2172314197","0x0fba475e92cfef19f7dbada8ec2cce4ad7bbc0d9","0xfe091ea7fa4de36ec8ed9eda71d086b4d8b3c1a4","553633217993079584775086"
"0xd500d8e0c9db4b08d5ac9f4425c1c3377182130e57f759de83750a099853351c-35","28342597","1753768300","0xd500d8e0c9db4b08d5ac9f4425c1c3377182130e57f759de83750a099853351c","0xddd77e91c222e36d4bd5ca8e78682a2172314197","0x0fba475e92cfef19f7dbada8ec2cce4ad7bbc0d9","0x9d5d10f92e601aa7605d2fae7dd6904a587f6cdd","553633217993079584775086"
"0xd50ea173928fddd3f1188075b0aed748b79ffcd8b807213a0a10eb7623b39914-239","28366131","1753782507","0xd50ea173928fddd3f1188075b0aed748b79ffcd8b807213a0a10eb7623b39914","0xddd77e91c222e36d4bd5ca8e78682a2172314197","0x0fba475e92cfef19f7dbada8ec2cce4ad7bbc0d9","0xda6f34e899dce3c43ad97d7d5b155fb3033aa1fc","553633217993079584775086"
"0xd5321bd35cf1952862e33b307e71ad5ab42138c67f9430ad11d3257a3aa80ed8-38","28372920","1753786581","0xd5321bd35cf1952862e33b307e71ad5ab42138c67f9430ad11d3257a3aa80ed8","0xddd77e91c222e36d4bd5ca8e78682a2172314197","0x0fba475e92cfef19f7dbada8ec2cce4ad7bbc0d9","0x9b5ee760aa57d6d885274c863d406d4f8dc8358a","553633217993079584775086"
"0xd54d3636b35ee6f486b770df1cd0f91da10adeb31070494254e9481c4f35b155-737","28361419","1753779654","0xd54d3636b35ee6f486b770df1cd0f91da10adeb31070494254e9481c4f35b155","0xddd77e91c222e36d4bd5ca8e78682a2172314197","0x0fba475e92cfef19f7dbada8ec2cce4ad7bbc0d9","0x5c1400db3994a25be52787415074a50379f60f6f","553633217993079584775086"
"0xd590fb1a52d4af4ef3bffa34f974e14cbbd8aee9d28debd99d5bc0397a3a9f65-73","28355577","1753776125","0xd590fb1a52d4af4ef3bffa34f974e14cbbd8aee9d28debd99d5bc0397a3a9f65","0xddd77e91c222e36d4bd5ca8e78682a2172314197","0x0fba475e92cfef19f7dbada8ec2cce4ad7bbc0d9","0xac18cfeb88904595e98b8d0a9cc6f88f581daf3f","553633217993079584775086"
"0xd59485d967cd3610607b998859e542d6b34d3c8c0886a02f6a7150763e3e5239-127","28333166","1753762644","0xd59485d967cd3610607b998859e542d6b34d3c8c0886a02f6a7150763e3e5239","0xddd77e91c222e36d4bd5ca8e78682a2172314197","0x0fba475e92cfef19f7dbada8ec2cce4ad7bbc0d9","0xbfc40c5738e5336971ab0b5310a9c1a934b7021b","553633217993079584775086"
"0xd5a7e86e4b787591262908869ab272fad798c389a5bae40eb9469f285de45009-125","28377046","1753789098","0xd5a7e86e4b787591262908869ab272fad798c389a5bae40eb9469f285de45009","0xddd77e91c222e36d4bd5ca8e78682a2172314197","0x0fba475e92cfef19f7dbada8ec2cce4ad7bbc0d9","0x7e5dbb6357765f0cf6a3801b94185a6eaa4e8f3a","553633217993079584775086"
"0xd5be53a199c93c6f85daea15b33277b18533b1c67f0af1a1dbaf094620d0413c-78","28130198","1753640861","0xd5be53a199c93c6f85daea15b33277b18533b1c67f0af1a1dbaf094620d0413c","0xddd77e91c222e36d4bd5ca8e78682a2172314197","0x0fba475e92cfef19f7dbada8ec2cce4ad7bbc0d9","0x7785b6a3e77c878b24166c606f3d43b0541167b5","553633217993079584775086"
"0xd60d73fcd6ff776846b908a19c417e6c68f879cb9d05a7f0d2f2905b3551af10-18","28331508","1753761675","0xd60d73fcd6ff776846b908a19c417e6c68f879cb9d05a7f0d2f2905b3551af10","0xddd77e91c222e36d4bd5ca8e78682a2172314197","0x0fba475e92cfef19f7dbada8ec2cce4ad7bbc0d9","0x3e6567f34fc149362bef04427987a47e850ce074","553633217993079584775086"
"0xd64052f7ed8b5a74b24cc894dbdb9b6aedd9b43ddf48b729b379c1d97832b60f-157","28347842","1753771503","0xd64052f7ed8b5a74b24cc894dbdb9b6aedd9b43ddf48b729b379c1d97832b60f","0xddd77e91c222e36d4bd5ca8e78682a2172314197","0x0fba475e92cfef19f7dbada8ec2cce4ad7bbc0d9","0xb3f1f778a4fd139595a8011c15eab162876035ef","553633217993079584775086"
"0xd656947e1cc9205346e621a9d7a645e56874a334f6300684a3fdcfc0e6a818d1-86","28389449","1753796523","0xd656947e1cc9205346e621a9d7a645e56874a334f6300684a3fdcfc0e6a818d1","0xddd77e91c222e36d4bd5ca8e78682a2172314197","0x0fba475e92cfef19f7dbada8ec2cce4ad7bbc0d9","0xd7e12e9508a58d2104d015e36473a418905dd8c3","553633217993079584775086"
"0xd67c7ab64dc798d5b443ddba6786cd9e3411b21086aa3a4fbdf21c0753042bc9-152","28342242","1753768077","0xd67c7ab64dc798d5b443ddba6786cd9e3411b21086aa3a4fbdf21c0753042bc9","0xddd77e91c222e36d4bd5ca8e78682a2172314197","0x0fba475e92cfef19f7dbada8ec2cce4ad7bbc0d9","0xbb3ff27ebd046a2a3367c5f2f849a8b6d14972b6","553633217993079584775086"
"0xd689359b69a8e07c997443aa2dac2f7495403ec77d7d39574998a45e05c2d2b3-70","28399147","1753802413","0xd689359b69a8e07c997443aa2dac2f7495403ec77d7d39574998a45e05c2d2b3","0xddd77e91c222e36d4bd5ca8e78682a2172314197","0x0fba475e92cfef19f7dbada8ec2cce4ad7bbc0d9","0xefbb1877c61210ff876e6f4b62e7b64bcc7f700d","553633217993079584775086"
"0xd6a966b87062f0818fd4ac08cac932251b06080931de127a6beadd3feeafd9ec-60","28391834","1753797997","0xd6a966b87062f0818fd4ac08cac932251b06080931de127a6beadd3feeafd9ec","0xddd77e91c222e36d4bd5ca8e78682a2172314197","0x0fba475e92cfef19f7dbada8ec2cce4ad7bbc0d9","0x0b699699ca8d136f670e49439e76dfe724448765","553633217993079584775086"
"0xd6ec41eb83e2ed92875db7eb33004d8edb61f8cc5db58f64253b6914c89dc547-8","28340043","1753766796","0xd6ec41eb83e2ed92875db7eb33004d8edb61f8cc5db58f64253b6914c89dc547","0xddd77e91c222e36d4bd5ca8e78682a2172314197","0x0fba475e92cfef19f7dbada8ec2cce4ad7bbc0d9","0xbb4d7477a43e26328cf4cb811dcd6d03e6965786","553633217993079584775086"
"0xd6fc4aa786a62457094afb2ff9860779c5122aced1b7e8170ee585aaf12e7c7f-102","28392036","1753798123","0xd6fc4aa786a62457094afb2ff9860779c5122aced1b7e8170ee585aaf12e7c7f","0xddd77e91c222e36d4bd5ca8e78682a2172314197","0x0fba475e92cfef19f7dbada8ec2cce4ad7bbc0d9","0x1295de8a45d6c9da6686fe583b57c42aeef4185c","553633217993079584775086"
"0xd70a59772d423427ea03ea06dfbfd09d204d892b451737f6e459885cc57d837e-53","28130388","1753640966","0xd70a59772d423427ea03ea06dfbfd09d204d892b451737f6e459885cc57d837e","0xddd77e91c222e36d4bd5ca8e78682a2172314197","0x0fba475e92cfef19f7dbada8ec2cce4ad7bbc0d9","0xe6f78dd74361162049ece35ecaae9eedea020bc2","553633217993079584775086"
"0xd71bcba60b0342eecf65ea8cce5beb6d614a67c70f1c1baae985b55a97f891bc-55","28337560","1753765299","0xd71bcba60b0342eecf65ea8cce5beb6d614a67c70f1c1baae985b55a97f891bc","0xddd77e91c222e36d4bd5ca8e78682a2172314197","0x0fba475e92cfef19f7dbada8ec2cce4ad7bbc0d9","0xf2c65b4ffcab0b607641b57299d7a2a86239b725","553633217993079584775086"
"0xd72212dd7e1ac3ca4d90a741705c2b272d30af07ed5ec6ec6b55558f3ae7e543-25","28356882","1753776905","0xd72212dd7e1ac3ca4d90a741705c2b272d30af07ed5ec6ec6b55558f3ae7e543","0xddd77e91c222e36d4bd5ca8e78682a2172314197","0x0fba475e92cfef19f7dbada8ec2cce4ad7bbc0d9","0x41344388ed7e46e3a65744020edfa4356ee68962","553633217993079584775086"
"0xd729b2553f312d41b63e9d94e12045645e5f91ff0380598412b0c9722e1d8d9a-175","28352500","1753774282","0xd729b2553f312d41b63e9d94e12045645e5f91ff0380598412b0c9722e1d8d9a","0xddd77e91c222e36d4bd5ca8e78682a2172314197","0x0fba475e92cfef19f7dbada8ec2cce4ad7bbc0d9","0x60bc816f98e59198db83f0b2f15424f1bc7942ac","553633217993079584775086"
"0xd72d2d4f3438d835ecff10c6af08b0f9e36c31f9f4f7c8c033cd7af97f58b412-86","28365515","1753782118","0xd72d2d4f3438d835ecff10c6af08b0f9e36c31f9f4f7c8c033cd7af97f58b412","0xddd77e91c222e36d4bd5ca8e78682a2172314197","0x0fba475e92cfef19f7dbada8ec2cce4ad7bbc0d9","0xe2d8fab30b37e0836fde9b7849e3ad00d73761bb","553633217993079584775086"
"0xd73dc2a1774916d38421b8f5289dc018d4ffba8c115dfc083e61345f21e23dc0-103","28132220","1753642078","0xd73dc2a1774916d38421b8f5289dc018d4ffba8c115dfc083e61345f21e23dc0","0xddd77e91c222e36d4bd5ca8e78682a2172314197","0x0fba475e92cfef19f7dbada8ec2cce4ad7bbc0d9","0x07a18a7d9d8f257b9a82bb72c3898a92754e86e1","553633217993079584775086"
"0xd752cc1b8fbc7cd82c36e60d29b5530c504aa1157cdf5839072103f450c74017-197","28335320","1753763967","0xd752cc1b8fbc7cd82c36e60d29b5530c504aa1157cdf5839072103f450c74017","0xddd77e91c222e36d4bd5ca8e78682a2172314197","0x0fba475e92cfef19f7dbada8ec2cce4ad7bbc0d9","0x7e07aecb9caf967c449012f5e96d9baa50ed5996","553633217993079584775086"
"0xd779f321b832faa6aa06f2b694856744e4bc445731661f3ca2095a2cab40fcec-38","28378156","1753789764","0xd779f321b832faa6aa06f2b694856744e4bc445731661f3ca2095a2cab40fcec","0xddd77e91c222e36d4bd5ca8e78682a2172314197","0x0fba475e92cfef19f7dbada8ec2cce4ad7bbc0d9","0xb6cc1269725066bb0b0820cb6f4265359e752ca2","553633217993079584775086"
"0xd77d96f15f8a557d2df1741a7c10c683d37243d4dc961a18aea3927fc1794197-677","28367733","1753783481","0xd77d96f15f8a557d2df1741a7c10c683d37243d4dc961a18aea3927fc1794197","0xddd77e91c222e36d4bd5ca8e78682a2172314197","0x0fba475e92cfef19f7dbada8ec2cce4ad7bbc0d9","0xfccd3165c9b3d491214128ad193ae786b1a846d6","553633217993079584775086"
"0xd78900e56e7cc614e441c7bff87abc4b34daac171768a587edcad54daf78a0a4-7","28369533","1753784557","0xd78900e56e7cc614e441c7bff87abc4b34daac171768a587edcad54daf78a0a4","0xddd77e91c222e36d4bd5ca8e78682a2172314197","0x0fba475e92cfef19f7dbada8ec2cce4ad7bbc0d9","0x38335ec698aad8730f76251072d24c19f7daa4fe","553633217993079584775086"
"0xd7a019fce90b83c7ee8f86ff1cc292d8cec9a0b595bf99280f254c3149f902a5-9","28375659","1753788264","0xd7a019fce90b83c7ee8f86ff1cc292d8cec9a0b595bf99280f254c3149f902a5","0xddd77e91c222e36d4bd5ca8e78682a2172314197","0x0fba475e92cfef19f7dbada8ec2cce4ad7bbc0d9","0x5fe58db3fb96991ca5a0b853c5f39d150532ac0e","553633217993079584775086"
"0xd7a4768e1af3e067657e88dc35349336fe44c95d4914bea77a80c1ab6765e45f-51","28378033","1753789689","0xd7a4768e1af3e067657e88dc35349336fe44c95d4914bea77a80c1ab6765e45f","0xddd77e91c222e36d4bd5ca8e78682a2172314197","0x0fba475e92cfef19f7dbada8ec2cce4ad7bbc0d9","0x3ed432f0803422eadea671a92e55e3e464dbc8c9","553633217993079584775086"
"0xd7af5912c8ab8f42fc857881962faf9b1cf1e0d4954b4db47c62e528d24e021a-65","28392473","1753798375","0xd7af5912c8ab8f42fc857881962faf9b1cf1e0d4954b4db47c62e528d24e021a","0xddd77e91c222e36d4bd5ca8e78682a2172314197","0x0fba475e92cfef19f7dbada8ec2cce4ad7bbc0d9","0xfdb1bd681e7d4925b6ee3b18c0b828cc1857740f","553633217993079584775086"
"0xd7d98815d1bce22a48e365302ad30d21d55eb9720f88e6e7b817fae94b807088-42","28335384","1753764001","0xd7d98815d1bce22a48e365302ad30d21d55eb9720f88e6e7b817fae94b807088","0xddd77e91c222e36d4bd5ca8e78682a2172314197","0x0fba475e92cfef19f7dbada8ec2cce4ad7bbc0d9","0xb6f1a35d816cffc52c0861557c02d3b3f5976872","553633217993079584775086"
"0xd7fc65d51b46f772aaca5226be1d63f18d7f85e63ef6de2abee60c57aee78158-94","28382303","1753792292","0xd7fc65d51b46f772aaca5226be1d63f18d7f85e63ef6de2abee60c57aee78158","0xddd77e91c222e36d4bd5ca8e78682a2172314197","0x0fba475e92cfef19f7dbada8ec2cce4ad7bbc0d9","0xb806f2c5ce933bffba64cb778a4abb20ebfa8fd0","553633217993079584775086"
"0xd80891c6a206daad4a188ad960fe08b4884aa9e28cb2ad33e46ef815375920f1-88","28375725","1753788304","0xd80891c6a206daad4a188ad960fe08b4884aa9e28cb2ad33e46ef815375920f1","0xddd77e91c222e36d4bd5ca8e78682a2172314197","0x0fba475e92cfef19f7dbada8ec2cce4ad7bbc0d9","0x26758e778772fd9b0a28d1433bd208f7b8ea7135","553633217993079584775086"
"0xd80d36ba7ec97b54dc4d62a472151d15b27205ea82ef16cc75c09b82803b0168-238","28381276","1753791655","0xd80d36ba7ec97b54dc4d62a472151d15b27205ea82ef16cc75c09b82803b0168","0xddd77e91c222e36d4bd5ca8e78682a2172314197","0x0fba475e92cfef19f7dbada8ec2cce4ad7bbc0d9","0xb617b20321664c1e3b976eebf92b20b4a4b2cfe6","553633217993079584775086"
"0xd834dc7e20de708e13d471da038ea3f71801fa3e61c372b502daa7822439d9c4-114","28361707","1753779821","0xd834dc7e20de708e13d471da038ea3f71801fa3e61c372b502daa7822439d9c4","0xddd77e91c222e36d4bd5ca8e78682a2172314197","0x0fba475e92cfef19f7dbada8ec2cce4ad7bbc0d9","0x4e5ad9ab8df007c13d43ec675391007c9db9a22c","553633217993079584775086"
"0xd83cf7f8630329d39e0c2e8711fb08624a9a06cfae29bb488f2bcbc6d90e5f71-560","28129505","1753640449","0xd83cf7f8630329d39e0c2e8711fb08624a9a06cfae29bb488f2bcbc6d90e5f71","0xddd77e91c222e36d4bd5ca8e78682a2172314197","0x0fba475e92cfef19f7dbada8ec2cce4ad7bbc0d9","0xd150fb8ccc2528bbb2baa69a4e45c337f8a14915","553633217993079584775086"
"0xd855455ea29a3c9ccfe61572b2cfa94ff59b3dbccb71e033ebeacff7a7b8a6d7-33","28332337","1753762155","0xd855455ea29a3c9ccfe61572b2cfa94ff59b3dbccb71e033ebeacff7a7b8a6d7","0xddd77e91c222e36d4bd5ca8e78682a2172314197","0x0fba475e92cfef19f7dbada8ec2cce4ad7bbc0d9","0x2cfed2c9cc660f0527f3d85fd5dba77b60840a4c","553633217993079584775086"
"0xd85d0ec91878b5bd9c6194dd356bee0fbe0b32d3eff0a3b0dc4bc0bdeadfe2db-33","28363935","1753781188","0xd85d0ec91878b5bd9c6194dd356bee0fbe0b32d3eff0a3b0dc4bc0bdeadfe2db","0xddd77e91c222e36d4bd5ca8e78682a2172314197","0x0fba475e92cfef19f7dbada8ec2cce4ad7bbc0d9","0xad2a24919a88a3157123ae051e739c0389c67fc5","553633217993079584775086"
"0xd861415abbccf9fbc4d1a48f61261f2d8b9f08ed77cc6c58f19fa7131cb0f603-122","28353760","1753775035","0xd861415abbccf9fbc4d1a48f61261f2d8b9f08ed77cc6c58f19fa7131cb0f603","0xddd77e91c222e36d4bd5ca8e78682a2172314197","0x0fba475e92cfef19f7dbada8ec2cce4ad7bbc0d9","0x592b6c7048256de281449d307f719a4b5c39c699","553633217993079584775086"
"0xd87db8a3b6a09e53dd1bb31c68fe5c783fcfa49605481feacb7dbb8632a9af0a-506","28337246","1753765121","0xd87db8a3b6a09e53dd1bb31c68fe5c783fcfa49605481feacb7dbb8632a9af0a","0xddd77e91c222e36d4bd5ca8e78682a2172314197","0x0fba475e92cfef19f7dbada8ec2cce4ad7bbc0d9","0x4ea212c2d23ea80c0d90cca0fe5ec8a0a81d4ae5","553633217993079584775086"
"0xd898e4a561eeeaf358b467b9f8740326315ea1ddc23da7d88aaeed2e0f5e6db9-729","28390595","1753797229","0xd898e4a561eeeaf358b467b9f8740326315ea1ddc23da7d88aaeed2e0f5e6db9","0xddd77e91c222e36d4bd5ca8e78682a2172314197","0x0fba475e92cfef19f7dbada8ec2cce4ad7bbc0d9","0x0b9ef8fbfc5d011729036baf37aedde07b159ce8","553633217993079584775086"
"0xd89d06a508d21136eb2f64bdeae297964e5d9f63e4dad603f85e2a625e3dc8f7-87","28365683","1753782228","0xd89d06a508d21136eb2f64bdeae297964e5d9f63e4dad603f85e2a625e3dc8f7","0xddd77e91c222e36d4bd5ca8e78682a2172314197","0x0fba475e92cfef19f7dbada8ec2cce4ad7bbc0d9","0xbd166a5ac57d267f2da194526ba4be5f6e45dbe1","553633217993079584775086"
"0xd8ae3b871cbd3d4f950350ca14a03a077d466a238cc25b705435793353658151-3","28348724","1753772038","0xd8ae3b871cbd3d4f950350ca14a03a077d466a238cc25b705435793353658151","0xddd77e91c222e36d4bd5ca8e78682a2172314197","0x0fba475e92cfef19f7dbada8ec2cce4ad7bbc0d9","0x44a9f89a67f5fc14761d1bf43a387124dc1beba7","553633217993079584775086"
"0xd8b07508d2c36553cdc3ff561b66495ff24dd1f401ba5d70c93cd7763639d2b0-45","28374041","1753787264","0xd8b07508d2c36553cdc3ff561b66495ff24dd1f401ba5d70c93cd7763639d2b0","0xddd77e91c222e36d4bd5ca8e78682a2172314197","0x0fba475e92cfef19f7dbada8ec2cce4ad7bbc0d9","0xc8831e44b61888691d7e486bdc4781e3f0cdc631","553633217993079584775086"
"0xd8d30385e90d2d2c4122459fff445f0a1328842209553894b49b08d8e5941f55-189","28397127","1753801183","0xd8d30385e90d2d2c4122459fff445f0a1328842209553894b49b08d8e5941f55","0xddd77e91c222e36d4bd5ca8e78682a2172314197","0x0fba475e92cfef19f7dbada8ec2cce4ad7bbc0d9","0xac252fe91404b866ff2f0b0493f3066b56b887cb","553633217993079584775086"
"0xd906c5621d61591e0f3fc70c05062634c2f4fc79034fdf56c17b314408284865-66","28400229","1753803098","0xd906c5621d61591e0f3fc70c05062634c2f4fc79034fdf56c17b314408284865","0xddd77e91c222e36d4bd5ca8e78682a2172314197","0x0fba475e92cfef19f7dbada8ec2cce4ad7bbc0d9","0x34d99563533e3b8fd976a313819a01ecaca40949","553633217993079584775086"
"0xd921f69e94130f42934905d574e749915020bbd6d3b96aae6f060370419117cb-184","28348102","1753771673","0xd921f69e94130f42934905d574e749915020bbd6d3b96aae6f060370419117cb","0xddd77e91c222e36d4bd5ca8e78682a2172314197","0x0fba475e92cfef19f7dbada8ec2cce4ad7bbc0d9","0x5035a4d25a5d0dcea1800098d4a01b041a09f655","553633217993079584775086"
"0xd9752d1d95a56bf7dc30d075a66b6a3cd661541e0433d7e1263e8dbc65172ccf-9","28130461","1753641010","0xd9752d1d95a56bf7dc30d075a66b6a3cd661541e0433d7e1263e8dbc65172ccf","0xddd77e91c222e36d4bd5ca8e78682a2172314197","0x0fba475e92cfef19f7dbada8ec2cce4ad7bbc0d9","0x2241da4e2d6917225b7c95af9e0803f19950ad49","553633217993079584775086"
"0xd9936ecad21cde349582b2c8849a6bb0e7e368ada065bd936bcc72c9030b9c4d-186","28343832","1753769087","0xd9936ecad21cde349582b2c8849a6bb0e7e368ada065bd936bcc72c9030b9c4d","0xddd77e91c222e36d4bd5ca8e78682a2172314197","0x0fba475e92cfef19f7dbada8ec2cce4ad7bbc0d9","0xb269d7b52619806adb02f1652302510664972c25","553633217993079584775086"
"0xd9ab51ba65bf96af1d04e602f4a397d0287510cc7780c30f20fd385d6a435b71-181","28386876","1753794988","0xd9ab51ba65bf96af1d04e602f4a397d0287510cc7780c30f20fd385d6a435b71","0xddd77e91c222e36d4bd5ca8e78682a2172314197","0x0fba475e92cfef19f7dbada8ec2cce4ad7bbc0d9","0x77125b18ddd44603ad721aa7e67a77c6ed024a02","553633217993079584775086"
"0xd9afd939a0b317e22644df61b05dd541b12e2f7376c4ca4705cd8a3d370978f4-13","28364890","1753781740","0xd9afd939a0b317e22644df61b05dd541b12e2f7376c4ca4705cd8a3d370978f4","0xddd77e91c222e36d4bd5ca8e78682a2172314197","0x0fba475e92cfef19f7dbada8ec2cce4ad7bbc0d9","0xfcdb11a0817fc9955fc01ad35858a5d26fd7ff42","553633217993079584775086"
"0xd9b13155f13ec3da262aba9064c7f89afd9026deab0b626d0d2b6907a3b7ac67-356","28371851","1753785937","0xd9b13155f13ec3da262aba9064c7f89afd9026deab0b626d0d2b6907a3b7ac67","0xddd77e91c222e36d4bd5ca8e78682a2172314197","0x0fba475e92cfef19f7dbada8ec2cce4ad7bbc0d9","0x7f976f1de624d09b99fb5451e4715a5a9458dafb","553633217993079584775086"
"0xd9c00ae031ac2f77b6eeb72b14d9917fe6a68132773103cf9cea704cae35f177-241","28350074","1753772833","0xd9c00ae031ac2f77b6eeb72b14d9917fe6a68132773103cf9cea704cae35f177","0xddd77e91c222e36d4bd5ca8e78682a2172314197","0x0fba475e92cfef19f7dbada8ec2cce4ad7bbc0d9","0xedd6a72b373fdcfbf4009d9206cd790e3da98283","553633217993079584775086"
"0xd9ca3a901d2ac37e2822d6aa6379e916af383193a148cf5920b90ad9bfd903ff-166","28338253","1753765706","0xd9ca3a901d2ac37e2822d6aa6379e916af383193a148cf5920b90ad9bfd903ff","0xddd77e91c222e36d4bd5ca8e78682a2172314197","0x0fba475e92cfef19f7dbada8ec2cce4ad7bbc0d9","0x9680bf22230e3abbddd7fdc5b4910b3248cce2aa","553633217993079584775086"
"0xd9d021fd38d4577eaa3f826c8b3f36e37565fd6d7befc9cb67c78433f3b64e2e-144","28346857","1753770903","0xd9d021fd38d4577eaa3f826c8b3f36e37565fd6d7befc9cb67c78433f3b64e2e","0xddd77e91c222e36d4bd5ca8e78682a2172314197","0x0fba475e92cfef19f7dbada8ec2cce4ad7bbc0d9","0x9a085b3ff073a39ade93a8ff4a2d5321b64326ea","553633217993079584775086"
"0xd9f290ac114bcd166e19e1614119c666a72c77a8d1523fcd6201e582c5e7a799-4","28375199","1753787984","0xd9f290ac114bcd166e19e1614119c666a72c77a8d1523fcd6201e582c5e7a799","0xddd77e91c222e36d4bd5ca8e78682a2172314197","0x0fba475e92cfef19f7dbada8ec2cce4ad7bbc0d9","0x022cb846d762b06e7f968cbe3b7782df4882bf73","553633217993079584775086"
"0xda0505493fd3b73d35639f3c6629e56da6e12256e55ccefdb4f7d4e1331c8049-110","28397859","1753801624","0xda0505493fd3b73d35639f3c6629e56da6e12256e55ccefdb4f7d4e1331c8049","0xddd77e91c222e36d4bd5ca8e78682a2172314197","0x0fba475e92cfef19f7dbada8ec2cce4ad7bbc0d9","0xc723924d23656e50da36b8889486fae98510d818","553633217993079584775086"
"0xda05f5257d44dbb82aa9551504ef88e6936fe8a3406e9742439555333cc28408-83","28376056","1753788491","0xda05f5257d44dbb82aa9551504ef88e6936fe8a3406e9742439555333cc28408","0xddd77e91c222e36d4bd5ca8e78682a2172314197","0x0fba475e92cfef19f7dbada8ec2cce4ad7bbc0d9","0x9a387307f7508de113092bafc5cb4b3ae0706521","553633217993079584775086"
"0xda0a005483f3889e3b761c721ab8ef39a50a9a395075db0159d5b1aa35f9f23c-127","28390752","1753797328","0xda0a005483f3889e3b761c721ab8ef39a50a9a395075db0159d5b1aa35f9f23c","0xddd77e91c222e36d4bd5ca8e78682a2172314197","0x0fba475e92cfef19f7dbada8ec2cce4ad7bbc0d9","0xcb932721fa58ce372f1021b7448e57667806e491","553633217993079584775086"
"0xda1c37edc5e4ed6487e41e5270bfca12e03b3b625f623ae6b21113e926b5225f-145","28339132","1753766255","0xda1c37edc5e4ed6487e41e5270bfca12e03b3b625f623ae6b21113e926b5225f","0xddd77e91c222e36d4bd5ca8e78682a2172314197","0x0fba475e92cfef19f7dbada8ec2cce4ad7bbc0d9","0x850bcc44ac19eb76c19d0dafbef450e6f7715a4e","553633217993079584775086"
"0xda36daf2cfbd00d78d23acba54ec9fc4178fff09dd323ec506facc686d7235f5-19","28334648","1753763562","0xda36daf2cfbd00d78d23acba54ec9fc4178fff09dd323ec506facc686d7235f5","0xddd77e91c222e36d4bd5ca8e78682a2172314197","0x0fba475e92cfef19f7dbada8ec2cce4ad7bbc0d9","0xbbf505a4719cef08395c32b4bc2eb853443b217d","553633217993079584775086"
"0xda504be336c7ab3878f9a348e1c156876b0d4d7d03b51993acbfc195a243ff7f-91","28352359","1753774203","0xda504be336c7ab3878f9a348e1c156876b0d4d7d03b51993acbfc195a243ff7f","0xddd77e91c222e36d4bd5ca8e78682a2172314197","0x0fba475e92cfef19f7dbada8ec2cce4ad7bbc0d9","0x7209fe0bfb3b793da5b363aeeb952ee62598a475","553633217993079584775086"
"0xdaa653bff02a1246d4a5200c101b7048af430f429854709c3cf10333999723c0-193","28349002","1753772189","0xdaa653bff02a1246d4a5200c101b7048af430f429854709c3cf10333999723c0","0xddd77e91c222e36d4bd5ca8e78682a2172314197","0x0fba475e92cfef19f7dbada8ec2cce4ad7bbc0d9","0x70fbeb4b403539d246666955a077103d6ffd0e3b","553633217993079584775086"
"0xdabb7a6eb9b65bc5425eae113797fca33281528f93647d44459e62e642accb8c-633","28389065","1753796266","0xdabb7a6eb9b65bc5425eae113797fca33281528f93647d44459e62e642accb8c","0xddd77e91c222e36d4bd5ca8e78682a2172314197","0x0fba475e92cfef19f7dbada8ec2cce4ad7bbc0d9","0xc242df014d783b94ac97028d1ecc660715a95eb9","553633217993079584775086"
"0xdac223860641b351e5b5a6e2364ef264a3264a818794a88410d1238d7c6e6b02-138","28384439","1753793575","0xdac223860641b351e5b5a6e2364ef264a3264a818794a88410d1238d7c6e6b02","0xddd77e91c222e36d4bd5ca8e78682a2172314197","0x0fba475e92cfef19f7dbada8ec2cce4ad7bbc0d9","0xc0acd84830904a970cd2ddd17baef4baa65a63d7","553633217993079584775086"
"0xdad49876c159932d37dadf50903f3db633bd3ddda43b2d5d525abe67bad63701-734","28344894","1753769720","0xdad49876c159932d37dadf50903f3db633bd3ddda43b2d5d525abe67bad63701","0xddd77e91c222e36d4bd5ca8e78682a2172314197","0x0fba475e92cfef19f7dbada8ec2cce4ad7bbc0d9","0xed27eaf3e1bc070a5981c5aa3992792e561f77ac","553633217993079584775086"
"0xdae9362a092cbc931c75db78b353d1149ee35d3735799c7540efe3e9c5befea7-153","28371268","1753785583","0xdae9362a092cbc931c75db78b353d1149ee35d3735799c7540efe3e9c5befea7","0xddd77e91c222e36d4bd5ca8e78682a2172314197","0x0fba475e92cfef19f7dbada8ec2cce4ad7bbc0d9","0x9f37ed367c04b41d38ca3453e7bfbcaecbb71cf8","553633217993079584775086"
"0xdaeb18b2bc049e4892b863835bd59ccf8ef1e7bb8201f00c1d8eb04f1d6311f3-10","28129474","1753640430","0xdaeb18b2bc049e4892b863835bd59ccf8ef1e7bb8201f00c1d8eb04f1d6311f3","0xddd77e91c222e36d4bd5ca8e78682a2172314197","0x0fba475e92cfef19f7dbada8ec2cce4ad7bbc0d9","0x9e38db3ed092a241ae7600b51542bd1f71f4a820","553633217993079584775086"
"0xdb043a1900b186f8244d0ec6189fd939f3d4a257158fff1e11260313693573cc-91","28387185","1753795163","0xdb043a1900b186f8244d0ec6189fd939f3d4a257158fff1e11260313693573cc","0xddd77e91c222e36d4bd5ca8e78682a2172314197","0x0fba475e92cfef19f7dbada8ec2cce4ad7bbc0d9","0xcc18c43751505d22adb8f96d19fa3eaed0f233aa","553633217993079584775086"
"0xdb10f606ad64411719d89be01543bfb067a056c236af8bf3a7e86ff9da424c17-108","28359142","1753778288","0xdb10f606ad64411719d89be01543bfb067a056c236af8bf3a7e86ff9da424c17","0xddd77e91c222e36d4bd5ca8e78682a2172314197","0x0fba475e92cfef19f7dbada8ec2cce4ad7bbc0d9","0x3484a6a12409902379db26c9b56d52592ae25727","553633217993079584775086"
"0xdb18f2207e4138083d8ceab3c43c5d58e63b79f6ad8c305df0c664eb3bd5750b-93","28381773","1753791958","0xdb18f2207e4138083d8ceab3c43c5d58e63b79f6ad8c305df0c664eb3bd5750b","0xddd77e91c222e36d4bd5ca8e78682a2172314197","0x0fba475e92cfef19f7dbada8ec2cce4ad7bbc0d9","0xaf6d5446c0729da929829fa8f334f1b017238cb8","553633217993079584775086"
"0xdb3766df7436697258e1818701292f542a6e69ca42bfa0089caa3e6a8acf9742-112","28342595","1753768299","0xdb3766df7436697258e1818701292f542a6e69ca42bfa0089caa3e6a8acf9742","0xddd77e91c222e36d4bd5ca8e78682a2172314197","0x0fba475e92cfef19f7dbada8ec2cce4ad7bbc0d9","0xa9737c499c71db8ca7a964a8fd3f31a87d54590d","553633217993079584775086"
"0xdb44a58ace22b04a56eab60a27f568088b12e32b81624b7d82c398a1fe48bd30-139","28387066","1753795097","0xdb44a58ace22b04a56eab60a27f568088b12e32b81624b7d82c398a1fe48bd30","0xddd77e91c222e36d4bd5ca8e78682a2172314197","0x0fba475e92cfef19f7dbada8ec2cce4ad7bbc0d9","0xb7c258260f88aec22ff13393137e877add86ed96","553633217993079584775086"
"0xdb67fecdf0eaeffbcf3441ca6daeb1fe157fa6ebff470329a2231aa98a9f01b2-10","28331310","1753761551","0xdb67fecdf0eaeffbcf3441ca6daeb1fe157fa6ebff470329a2231aa98a9f01b2","0xddd77e91c222e36d4bd5ca8e78682a2172314197","0x0fba475e92cfef19f7dbada8ec2cce4ad7bbc0d9","0x7f0efa2c505abb5c313acfc28f932150cd89cff8","553633217993079584775086"
"0xdb6b180fd81ac5a1afd214e8c27ed57ff05f1b71e3d59da081e5c0cde6d41dd0-133","28356108","1753776453","0xdb6b180fd81ac5a1afd214e8c27ed57ff05f1b71e3d59da081e5c0cde6d41dd0","0xddd77e91c222e36d4bd5ca8e78682a2172314197","0x0fba475e92cfef19f7dbada8ec2cce4ad7bbc0d9","0xb10c560db393463cdbea2cf48e2d7b00dfb2d428","553633217993079584775086"
"0xdbca7240f72c64b59eaa4ac6998a457a78645fe38d310e8b68f74b76d9d43a17-720","28354871","1753775700","0xdbca7240f72c64b59eaa4ac6998a457a78645fe38d310e8b68f74b76d9d43a17","0xddd77e91c222e36d4bd5ca8e78682a2172314197","0x0fba475e92cfef19f7dbada8ec2cce4ad7bbc0d9","0x96413c024730bb60174ee23d0672d26a256e276e","553633217993079584775086"
"0xdbf8daf68750d3411eba53bad39cd025cc9a32dc38852dccaaecfc12f60ba520-746","28325318","1753757901","0xdbf8daf68750d3411eba53bad39cd025cc9a32dc38852dccaaecfc12f60ba520","0xddd77e91c222e36d4bd5ca8e78682a2172314197","0x0fba475e92cfef19f7dbada8ec2cce4ad7bbc0d9","0x09a3d94cf09fbb101418a582df08122ea215fcc4","553633217993079584775086"
"0xdc0ea8ed3b0f27434e7795e552d42567629a7ebb9533278e27ba594ece34a765-196","28137925","1753645526","0xdc0ea8ed3b0f27434e7795e552d42567629a7ebb9533278e27ba594ece34a765","0xddd77e91c222e36d4bd5ca8e78682a2172314197","0x0fba475e92cfef19f7dbada8ec2cce4ad7bbc0d9","0x4e3aa774d62a8e901244caad362196f1e79d5c36","553633217993079584775086"
"0xdc0ef19213d2e39af61a881ab2350ce47065d36c74d8bb8753297f44f9a35898-7","28339232","1753766331","0xdc0ef19213d2e39af61a881ab2350ce47065d36c74d8bb8753297f44f9a35898","0xddd77e91c222e36d4bd5ca8e78682a2172314197","0x0fba475e92cfef19f7dbada8ec2cce4ad7bbc0d9","0x4c19a100a3d0b0ff17bb6ac98f26075698489399","553633217993079584775086"
"0xdc365bb680e521f90b3f0d8badc941c71015694d4b54242db74c661a3d96f98d-34","28339362","1753766407","0xdc365bb680e521f90b3f0d8badc941c71015694d4b54242db74c661a3d96f98d","0xddd77e91c222e36d4bd5ca8e78682a2172314197","0x0fba475e92cfef19f7dbada8ec2cce4ad7bbc0d9","0xffa31a9e5512a8541481d1dd9e294a126d8d1f5f","553633217993079584775086"
"0xdc3c442f9e4eeca7b51952591a82585dc795b209efb277a75c794047f914a5ee-5","28342907","1753768491","0xdc3c442f9e4eeca7b51952591a82585dc795b209efb277a75c794047f914a5ee","0xddd77e91c222e36d4bd5ca8e78682a2172314197","0x0fba475e92cfef19f7dbada8ec2cce4ad7bbc0d9","0x05a588ba793b64ae6b74a74fc86ee1c33f6c5742","553633217993079584775086"
"0xdc434722177a7e8fdf23c767149896f9dac889b658a8e3de441015f4778c6198-132","28336304","1753764572","0xdc434722177a7e8fdf23c767149896f9dac889b658a8e3de441015f4778c6198","0xddd77e91c222e36d4bd5ca8e78682a2172314197","0x0fba475e92cfef19f7dbada8ec2cce4ad7bbc0d9","0x9ec46b87c1c508cf8e40397969b6db40e0c743a1","553633217993079584775086"
"0xdc503b5be83e3a050152aacbed849219716302bdc77b34a3d1b8b07f3b43275c-170","28391439","1753797744","0xdc503b5be83e3a050152aacbed849219716302bdc77b34a3d1b8b07f3b43275c","0xddd77e91c222e36d4bd5ca8e78682a2172314197","0x0fba475e92cfef19f7dbada8ec2cce4ad7bbc0d9","0x69b3c8889b0a665689ffde6881899eddc67b88c6","553633217993079584775086"
"0xdc6800d415001385897d9c347bdb91da12dd4f72314de4676693f1b225213ac1-25","28343120","1753768628","0xdc6800d415001385897d9c347bdb91da12dd4f72314de4676693f1b225213ac1","0xddd77e91c222e36d4bd5ca8e78682a2172314197","0x0fba475e92cfef19f7dbada8ec2cce4ad7bbc0d9","0xca245a7930ff7b75a829befde877e600801bc7a2","553633217993079584775086"
"0xdcb64d1dba5b8360101b0eb7ab2e138e97de12da4d38cb0d2ac3c9adc71e8134-90","28333477","1753762821","0xdcb64d1dba5b8360101b0eb7ab2e138e97de12da4d38cb0d2ac3c9adc71e8134","0xddd77e91c222e36d4bd5ca8e78682a2172314197","0x0fba475e92cfef19f7dbada8ec2cce4ad7bbc0d9","0xcb535a2522fc34dcaf0b18636f7c424ae94a6a68","553633217993079584775086"
"0xdcbb5526e74f335be02b1b62c048628d30751ff36167d15f5463ac405c1f7c1b-47","28393304","1753798865","0xdcbb5526e74f335be02b1b62c048628d30751ff36167d15f5463ac405c1f7c1b","0xddd77e91c222e36d4bd5ca8e78682a2172314197","0x0fba475e92cfef19f7dbada8ec2cce4ad7bbc0d9","0xe78c1f11b69698baf6632c6b4f9260ce2df981a9","553633217993079584775086"
"0xdcc2071a6b97262b7a55df9b48388f12d6d205da89cbcde1d936a297a38d2dbe-102","28331719","1753761790","0xdcc2071a6b97262b7a55df9b48388f12d6d205da89cbcde1d936a297a38d2dbe","0xddd77e91c222e36d4bd5ca8e78682a2172314197","0x0fba475e92cfef19f7dbada8ec2cce4ad7bbc0d9","0xb38080f2b5e7dcdf1182b91916b5f406f6457f91","553633217993079584775086"
"0xdcc5fad43aee69df4b0bfade5223d7448d82b78af51a81340e9dec0da029b391-18","28351115","1753773455","0xdcc5fad43aee69df4b0bfade5223d7448d82b78af51a81340e9dec0da029b391","0xddd77e91c222e36d4bd5ca8e78682a2172314197","0x0fba475e92cfef19f7dbada8ec2cce4ad7bbc0d9","0x464531265cee52c3ad913bec867cc6270f56d58f","553633217993079584775086"
"0xdce46111c3aa552d5363aac4050cd8542a75fe0d7b95e0cfcdadb9271687e574-127","28336064","1753764416","0xdce46111c3aa552d5363aac4050cd8542a75fe0d7b95e0cfcdadb9271687e574","0xddd77e91c222e36d4bd5ca8e78682a2172314197","0x0fba475e92cfef19f7dbada8ec2cce4ad7bbc0d9","0xd9fdfea5960b4210db3ecba4a0fb300ee69c5172","553633217993079584775086"
"0xdce4cd550731b506e991c6940376afc2eed4a7d7d17a0261edf337d2f4098800-83","28378221","1753789803","0xdce4cd550731b506e991c6940376afc2eed4a7d7d17a0261edf337d2f4098800","0xddd77e91c222e36d4bd5ca8e78682a2172314197","0x0fba475e92cfef19f7dbada8ec2cce4ad7bbc0d9","0x57ff3cda850bb3fd518541412dff6bd0ba9424aa","553633217993079584775086"
"0xdd00c5d8f1eda90d9fd24b83ed07ecc752e7b449ca83e39edfb37595c697c5fa-688","28393379","1753798921","0xdd00c5d8f1eda90d9fd24b83ed07ecc752e7b449ca83e39edfb37595c697c5fa","0xddd77e91c222e36d4bd5ca8e78682a2172314197","0x0fba475e92cfef19f7dbada8ec2cce4ad7bbc0d9","0x08d512d6f0694403b016a0cefb8268de8b0a6ef8","553633217993079584775086"
"0xdd1526495e440cab15a102c5920bb4caf3bda53275d3b0bb723270c1584a2c2c-121","28344815","1753769674","0xdd1526495e440cab15a102c5920bb4caf3bda53275d3b0bb723270c1584a2c2c","0xddd77e91c222e36d4bd5ca8e78682a2172314197","0x0fba475e92cfef19f7dbada8ec2cce4ad7bbc0d9","0xabf3e857b04b668b71e65ee343f0dbe97647b7fc","553633217993079584775086"
"0xdd26c32f5529cf4c8bd93377784279cdce10b99c812a860db6b669b78c5bd448-125","28387292","1753795222","0xdd26c32f5529cf4c8bd93377784279cdce10b99c812a860db6b669b78c5bd448","0xddd77e91c222e36d4bd5ca8e78682a2172314197","0x0fba475e92cfef19f7dbada8ec2cce4ad7bbc0d9","0xd65243d6faad30ed24b71ed9e75472819984f2d3","553633217993079584775086"
"0xdd2be9a09a4abebc92432c11ea9b9e6e76eb5ad9d1b88a73ac6869bf43f684de-195","28371659","1753785816","0xdd2be9a09a4abebc92432c11ea9b9e6e76eb5ad9d1b88a73ac6869bf43f684de","0xddd77e91c222e36d4bd5ca8e78682a2172314197","0x0fba475e92cfef19f7dbada8ec2cce4ad7bbc0d9","0xdfba83ed47c8dfddb17365a5762bb54eef82f87d","553633217993079584775086"
"0xdd3f1b0f25b2f26b49f5657bd232a27a42d06d0ac6e113eed9321a3726cc17eb-545","28342685","1753768360","0xdd3f1b0f25b2f26b49f5657bd232a27a42d06d0ac6e113eed9321a3726cc17eb","0xddd77e91c222e36d4bd5ca8e78682a2172314197","0x0fba475e92cfef19f7dbada8ec2cce4ad7bbc0d9","0xaf436136a4ebdb1f7136bd97cd4787590f5ae9a4","553633217993079584775086"
"0xdd482e147a6e23448023ca2b8a65ecee28a699d2785f72d3e9ce668c3d8261cd-59","28334334","1753763363","0xdd482e147a6e23448023ca2b8a65ecee28a699d2785f72d3e9ce668c3d8261cd","0xddd77e91c222e36d4bd5ca8e78682a2172314197","0x0fba475e92cfef19f7dbada8ec2cce4ad7bbc0d9","0x88f9b648c7d7ead81a42a269e4ea2de27df232f7","553633217993079584775086"
"0xdd51513150fbbc854eac9dc5a66d6e330bcc2afeb77ad62fb745127c255d4431-611","28340910","1753767307","0xdd51513150fbbc854eac9dc5a66d6e330bcc2afeb77ad62fb745127c255d4431","0xddd77e91c222e36d4bd5ca8e78682a2172314197","0x0fba475e92cfef19f7dbada8ec2cce4ad7bbc0d9","0x10beefd08d5093194d968af616008fecac847bcb","553633217993079584775086"
"0xdd5647cd7e67d705b07192ad6e1420a3b90b30c3448ffc14231eb5545adc3b30-66","28398917","1753802265","0xdd5647cd7e67d705b07192ad6e1420a3b90b30c3448ffc14231eb5545adc3b30","0xddd77e91c222e36d4bd5ca8e78682a2172314197","0x0fba475e92cfef19f7dbada8ec2cce4ad7bbc0d9","0xb1334daf4c0c585f71eb083dba24805dab90a1a0","553633217993079584775086"
"0xdd5758287d3123ac0dade7fbfb09e7666723312945e129c866bfc60b59e08965-29","28374949","1753787843","0xdd5758287d3123ac0dade7fbfb09e7666723312945e129c866bfc60b59e08965","0xddd77e91c222e36d4bd5ca8e78682a2172314197","0x0fba475e92cfef19f7dbada8ec2cce4ad7bbc0d9","0x30f2279bb90624f4e3d0b910078635ebe0c30193","553633217993079584775086"
"0xdd9ce1ebf12fffedb51f0fe1402303d3b63b402038b1079f1885f37869ca86a2-51","28394302","1753799484","0xdd9ce1ebf12fffedb51f0fe1402303d3b63b402038b1079f1885f37869ca86a2","0xddd77e91c222e36d4bd5ca8e78682a2172314197","0x0fba475e92cfef19f7dbada8ec2cce4ad7bbc0d9","0x2ae8fb64a633c03cc67a783267d0c8004607546e","553633217993079584775086"
"0xddc4ea715c247ea1ef6786de9db4c077a721441380a19ecfc8a6fe4bb86e9119-44","28374980","1753787861","0xddc4ea715c247ea1ef6786de9db4c077a721441380a19ecfc8a6fe4bb86e9119","0xddd77e91c222e36d4bd5ca8e78682a2172314197","0x0fba475e92cfef19f7dbada8ec2cce4ad7bbc0d9","0x88fca3b5f807816daa20850a5e950c983ec863fc","553633217993079584775086"
"0xddd1f9e575b245bd1070c22ac9d0b4a7b3412c18a7eff45a8e2af4174f84d92b-195","28366701","1753782853","0xddd1f9e575b245bd1070c22ac9d0b4a7b3412c18a7eff45a8e2af4174f84d92b","0xddd77e91c222e36d4bd5ca8e78682a2172314197","0x0fba475e92cfef19f7dbada8ec2cce4ad7bbc0d9","0xca80ea3ad9d766d87ff57a0303cae890f86eb7ec","553633217993079584775086"
"0xddff75e82d699de795faec55d7d218d1dbda9962e46b5ac04e90844577eebde5-155","28341822","1753767839","0xddff75e82d699de795faec55d7d218d1dbda9962e46b5ac04e90844577eebde5","0xddd77e91c222e36d4bd5ca8e78682a2172314197","0x0fba475e92cfef19f7dbada8ec2cce4ad7bbc0d9","0xcbbb59336040f2be5e1d4f6af60773a47ef2264e","553633217993079584775086"
"0xde33631afe496d9e18b61a1713a294ffb30c83867ee3101a93d5b19f5aae4a1b-354","28346455","1753770664","0xde33631afe496d9e18b61a1713a294ffb30c83867ee3101a93d5b19f5aae4a1b","0xddd77e91c222e36d4bd5ca8e78682a2172314197","0x0fba475e92cfef19f7dbada8ec2cce4ad7bbc0d9","0xa0759893488c3965ed27c52c5f9dfa7bb1e9e3db","553633217993079584775086"
"0xde93ec7455b718b11eb52d24b529fc38e1519c65c34c0e8ce5313665cddd9521-54","28346575","1753770738","0xde93ec7455b718b11eb52d24b529fc38e1519c65c34c0e8ce5313665cddd9521","0xddd77e91c222e36d4bd5ca8e78682a2172314197","0x0fba475e92cfef19f7dbada8ec2cce4ad7bbc0d9","0xc717f7ac1550d0aa2b0319ba3f39499cf2cc618a","553633217993079584775086"
"0xdec616a610d3ff314c97c5b546608adf7fdc932f71601f3d4803169f980906e3-90","28129972","1753640711","0xdec616a610d3ff314c97c5b546608adf7fdc932f71601f3d4803169f980906e3","0xddd77e91c222e36d4bd5ca8e78682a2172314197","0x0fba475e92cfef19f7dbada8ec2cce4ad7bbc0d9","0x7039b8e9055bca6b4a41950d21330b44964346a5","553633217993079584775086"
"0xded12f610000175a937ea31c0d8b3a8b173d565d1bdfc13d4eecd43bbfb59eb9-61","28371757","1753785876","0xded12f610000175a937ea31c0d8b3a8b173d565d1bdfc13d4eecd43bbfb59eb9","0xddd77e91c222e36d4bd5ca8e78682a2172314197","0x0fba475e92cfef19f7dbada8ec2cce4ad7bbc0d9","0xb026dc2c85badfaa3ab0e2fc9dbb77a814025009","553633217993079584775086"
"0xdf007054b6e518bbd1e185d67bea5cca1cb017970c40156e5ce0fdc15ef08b3c-65","28394832","1753799805","0xdf007054b6e518bbd1e185d67bea5cca1cb017970c40156e5ce0fdc15ef08b3c","0xddd77e91c222e36d4bd5ca8e78682a2172314197","0x0fba475e92cfef19f7dbada8ec2cce4ad7bbc0d9","0x0abd484b64060216336ae1ab3a328e324456bb27","553633217993079584775086"
"0xdf0cbd2310900f3ab8f7dc7128ab3615bba6536ba2f6236d9aa282e6b88d1f2c-107","28374531","1753787570","0xdf0cbd2310900f3ab8f7dc7128ab3615bba6536ba2f6236d9aa282e6b88d1f2c","0xddd77e91c222e36d4bd5ca8e78682a2172314197","0x0fba475e92cfef19f7dbada8ec2cce4ad7bbc0d9","0x8bd39b3db9be6044a03ea7cd11908d0e068aee18","553633217993079584775086"
"0xdf14c0223e89fdc9a791f937ed96672951c41c258a0941fe6936bdac01e478ba-37","28339099","1753766227","0xdf14c0223e89fdc9a791f937ed96672951c41c258a0941fe6936bdac01e478ba","0xddd77e91c222e36d4bd5ca8e78682a2172314197","0x0fba475e92cfef19f7dbada8ec2cce4ad7bbc0d9","0x9ea3ffcc40e725da125161161b9573bfeb70c715","553633217993079584775086"
"0xdf2fa0f144b179c66bd714ecc8e1633dbaf70f54bfae099a84f67f472ae364cc-148","28340223","1753766900","0xdf2fa0f144b179c66bd714ecc8e1633dbaf70f54bfae099a84f67f472ae364cc","0xddd77e91c222e36d4bd5ca8e78682a2172314197","0x0fba475e92cfef19f7dbada8ec2cce4ad7bbc0d9","0x51d72b376edcca66a4895c4a8effc21023e9cac2","553633217993079584775086"
"0xdf41b349370f2eff6dd651bdf1c49e41ba2d505fc610935f3a90507f4ea75f2e-25","28340563","1753767094","0xdf41b349370f2eff6dd651bdf1c49e41ba2d505fc610935f3a90507f4ea75f2e","0xddd77e91c222e36d4bd5ca8e78682a2172314197","0x0fba475e92cfef19f7dbada8ec2cce4ad7bbc0d9","0x38c68d29aa1db777d57f89784e8f755d924b70d2","553633217993079584775086"
"0xdf4436fbb88059a44196e38e35b97399c65b22041d94c6a4dac508db279032c9-35","28350136","1753772871","0xdf4436fbb88059a44196e38e35b97399c65b22041d94c6a4dac508db279032c9","0xddd77e91c222e36d4bd5ca8e78682a2172314197","0x0fba475e92cfef19f7dbada8ec2cce4ad7bbc0d9","0x59985b19d63fb191b9ef71b092b20330490a6989","553633217993079584775086"
"0xdf492b458e5228771140d78d286f6d3a5bd7c93058b2d64a9905fb6ae607b04c-14","28336022","1753764390","0xdf492b458e5228771140d78d286f6d3a5bd7c93058b2d64a9905fb6ae607b04c","0xddd77e91c222e36d4bd5ca8e78682a2172314197","0x0fba475e92cfef19f7dbada8ec2cce4ad7bbc0d9","0x4a7749dfbe8f6a877bb8d3ca5827626a6790e5e6","553633217993079584775086"
"0xdf4b6a72c697b3ce84220e7b84d42c51f689d8ddd495a86e97105a55b34fa062-64","28372919","1753786580","0xdf4b6a72c697b3ce84220e7b84d42c51f689d8ddd495a86e97105a55b34fa062","0xddd77e91c222e36d4bd5ca8e78682a2172314197","0x0fba475e92cfef19f7dbada8ec2cce4ad7bbc0d9","0x6140a05afb92b7119d6e30ffea3b96579ab38041","553633217993079584775086"
"0xdf4d8bf151f22e4a676f19eb8c183a04e086bc18e1063caac85a5d295c2e7beb-122","28338538","1753765875","0xdf4d8bf151f22e4a676f19eb8c183a04e086bc18e1063caac85a5d295c2e7beb","0xddd77e91c222e36d4bd5ca8e78682a2172314197","0x0fba475e92cfef19f7dbada8ec2cce4ad7bbc0d9","0x7ac3f3c6f53345ce76d251a46b58300215cb6546","553633217993079584775086"
"0xdf4dd9e3271a58c2d4bb36224d8f7fa559207cdf62eedaf5c0a353d43407c386-9","28137716","1753645387","0xdf4dd9e3271a58c2d4bb36224d8f7fa559207cdf62eedaf5c0a353d43407c386","0xddd77e91c222e36d4bd5ca8e78682a2172314197","0x0fba475e92cfef19f7dbada8ec2cce4ad7bbc0d9","0x849f8c54f863269b6e59dc47a548a946d0bd7fc5","553633217993079584775086"
"0xdf636ac817339799037f3f306c7c27d6cf39ea5c3aae18cb68b875b99e056af0-667","28398750","1753802159","0xdf636ac817339799037f3f306c7c27d6cf39ea5c3aae18cb68b875b99e056af0","0xddd77e91c222e36d4bd5ca8e78682a2172314197","0x0fba475e92cfef19f7dbada8ec2cce4ad7bbc0d9","0x8d5ce031ddfd51eaa98abf4f440e4c46e66dabbe","553633217993079584775086"
"0xdf91f3b28ed2fc4f959c1072d58eeb916f2b0a0cf96939c232470d4d574fb355-625","28370175","1753784940","0xdf91f3b28ed2fc4f959c1072d58eeb916f2b0a0cf96939c232470d4d574fb355","0xddd77e91c222e36d4bd5ca8e78682a2172314197","0x0fba475e92cfef19f7dbada8ec2cce4ad7bbc0d9","0x363ad18d8f7f000b60151517eae42457cf88060e","553633217993079584775086"
"0xdfaab42b1ad261662510a41d4b655ba136472f60e0be4f81c2ef41fac6630f10-92","28359551","1753778542","0xdfaab42b1ad261662510a41d4b655ba136472f60e0be4f81c2ef41fac6630f10","0xddd77e91c222e36d4bd5ca8e78682a2172314197","0x0fba475e92cfef19f7dbada8ec2cce4ad7bbc0d9","0x505a4591be8ac125d2e81d36629155b0b6980470","553633217993079584775086"
"0xdfccfb6e6bf4e29edf42befe5f8574f79ad381ebaae7112346b3579728a6ff04-129","28350076","1753772834","0xdfccfb6e6bf4e29edf42befe5f8574f79ad381ebaae7112346b3579728a6ff04","0xddd77e91c222e36d4bd5ca8e78682a2172314197","0x0fba475e92cfef19f7dbada8ec2cce4ad7bbc0d9","0xb93beeed41c430f49257475a5b4b50c16551f991","553633217993079584775086"
"0xdfd478e1c9dc107f52767330eefb23748c3b3e6f93ddfce462345cecb6cf7dce-5","28383905","1753793247","0xdfd478e1c9dc107f52767330eefb23748c3b3e6f93ddfce462345cecb6cf7dce","0xddd77e91c222e36d4bd5ca8e78682a2172314197","0x0fba475e92cfef19f7dbada8ec2cce4ad7bbc0d9","0xa562179e0b5d089276c2a16c1731f3e84dd8cdf1","553633217993079584775086"
"0xdff2fa86c879912dc11dcc61c0676d2d2d581929a3749f051f5daddcfc794e7a-76","28351274","1753773544","0xdff2fa86c879912dc11dcc61c0676d2d2d581929a3749f051f5daddcfc794e7a","0xddd77e91c222e36d4bd5ca8e78682a2172314197","0x0fba475e92cfef19f7dbada8ec2cce4ad7bbc0d9","0xfec6e15beeead1146d0d54895437aee223c6061c","553633217993079584775086"
"0xe009715fa966f903e57ca60fe38c7065599d9bdee2831e053c3d41539667e187-178","28404709","1753805804","0xe009715fa966f903e57ca60fe38c7065599d9bdee2831e053c3d41539667e187","0xddd77e91c222e36d4bd5ca8e78682a2172314197","0x0fba475e92cfef19f7dbada8ec2cce4ad7bbc0d9","0x0a4a64cf986f80d67690d6f6c30351971c269834","553633217993079584775086"
"0xe0101882cb9f9ed58692bbf2a6d1d5e0a7a908ec6894a4dc2c2c45a12a8db961-10","28369605","1753784602","0xe0101882cb9f9ed58692bbf2a6d1d5e0a7a908ec6894a4dc2c2c45a12a8db961","0xddd77e91c222e36d4bd5ca8e78682a2172314197","0x0fba475e92cfef19f7dbada8ec2cce4ad7bbc0d9","0xdd13a3e9e1c306bdfd90d4bc3875b1c5d86704a2","553633217993079584775086"
"0xe026cfd09d60c66ef1035ca9ffaa95462b8c6f468d9ad5c84ac0c1ab85cb1083-36","28398916","1753802265","0xe026cfd09d60c66ef1035ca9ffaa95462b8c6f468d9ad5c84ac0c1ab85cb1083","0xddd77e91c222e36d4bd5ca8e78682a2172314197","0x0fba475e92cfef19f7dbada8ec2cce4ad7bbc0d9","0x8b40c8ebd8193482191f7b9bce1c9e47d0df2732","553633217993079584775086"
"0xe02b327adb8d06c8cb123d74e56e53e64035a821802dc3fa84c111a7dd23d5db-164","28355467","1753776056","0xe02b327adb8d06c8cb123d74e56e53e64035a821802dc3fa84c111a7dd23d5db","0xddd77e91c222e36d4bd5ca8e78682a2172314197","0x0fba475e92cfef19f7dbada8ec2cce4ad7bbc0d9","0x909e2b636e330ac79836f6784caf98896a309b65","553633217993079584775086"
"0xe03eb741b08a903efb7bd43cee188d96736bb3bdb95ae596699b62ca61e51515-121","28343879","1753769115","0xe03eb741b08a903efb7bd43cee188d96736bb3bdb95ae596699b62ca61e51515","0xddd77e91c222e36d4bd5ca8e78682a2172314197","0x0fba475e92cfef19f7dbada8ec2cce4ad7bbc0d9","0x5b3e6fc68fe8fa18be962eb32af68e095db839ff","553633217993079584775086"
"0xe07644469a9a46380e861075712d9faeffe3e01ca5e4bb1ea757a208c3b32564-25","28383181","1753792819","0xe07644469a9a46380e861075712d9faeffe3e01ca5e4bb1ea757a208c3b32564","0xddd77e91c222e36d4bd5ca8e78682a2172314197","0x0fba475e92cfef19f7dbada8ec2cce4ad7bbc0d9","0xc13fa03ae508cae0458020c98f78133e33821bac","553633217993079584775086"
"0xe0850e526b6033db8ffc3b51c015209d92a1372ba8ff2c0a42eb3afb3ae69c85-8","28130237","1753640882","0xe0850e526b6033db8ffc3b51c015209d92a1372ba8ff2c0a42eb3afb3ae69c85","0xddd77e91c222e36d4bd5ca8e78682a2172314197","0x0fba475e92cfef19f7dbada8ec2cce4ad7bbc0d9","0x988162c50df5ab1d6eb403647750f3b41fcff140","553633217993079584775086"
"0xe0a41e349253f6d3d33616b4815f6de66d4087e4a8c7d5e2b33c20c63a211e8c-86","28376010","1753788465","0xe0a41e349253f6d3d33616b4815f6de66d4087e4a8c7d5e2b33c20c63a211e8c","0xddd77e91c222e36d4bd5ca8e78682a2172314197","0x0fba475e92cfef19f7dbada8ec2cce4ad7bbc0d9","0xa20ee9e513e822eb0657fcb1925a9f13f69047b2","553633217993079584775086"
"0xe0a6daf1e6ff366cddcb885344dfeba05a2db7518c2582ea6d782ecc23592495-36","28338043","1753765583","0xe0a6daf1e6ff366cddcb885344dfeba05a2db7518c2582ea6d782ecc23592495","0xddd77e91c222e36d4bd5ca8e78682a2172314197","0x0fba475e92cfef19f7dbada8ec2cce4ad7bbc0d9","0x50b03894e6d838d696f6e949361c74e13875a7aa","553633217993079584775086"
"0xe0c478644e9db44b5b01a2d8332c6b824297723ed5f2c92a65559a07dde202ad-253","28361660","1753779788","0xe0c478644e9db44b5b01a2d8332c6b824297723ed5f2c92a65559a07dde202ad","0xddd77e91c222e36d4bd5ca8e78682a2172314197","0x0fba475e92cfef19f7dbada8ec2cce4ad7bbc0d9","0xca1ce75774b8f7c9caa8b29ab76ece0cd39747c5","553633217993079584775086"
"0xe0f52210ed103d39816c3b8348be6b1c362ef4fbb1e8e27904d583a10f026896-11","28336869","1753764889","0xe0f52210ed103d39816c3b8348be6b1c362ef4fbb1e8e27904d583a10f026896","0xddd77e91c222e36d4bd5ca8e78682a2172314197","0x0fba475e92cfef19f7dbada8ec2cce4ad7bbc0d9","0x4b7a44b8abfdcb7c1f5769107f3592f70ddaa432","553633217993079584775086"
"0xe0fd9ad976a62a6ae42cabf5c6fdd16d379ccdec6cab32132dbf312fb3ed82ee-168","28377544","1753789402","0xe0fd9ad976a62a6ae42cabf5c6fdd16d379ccdec6cab32132dbf312fb3ed82ee","0xddd77e91c222e36d4bd5ca8e78682a2172314197","0x0fba475e92cfef19f7dbada8ec2cce4ad7bbc0d9","0xd70fcbbec493033de69333b8045338e59432a93e","553633217993079584775086"
"0xe1202754ef0e9685800b675056cbba8f0300b54ca01710c779527c28f27a9703-252","28392321","1753798292","0xe1202754ef0e9685800b675056cbba8f0300b54ca01710c779527c28f27a9703","0xddd77e91c222e36d4bd5ca8e78682a2172314197","0x0fba475e92cfef19f7dbada8ec2cce4ad7bbc0d9","0x076d568a59ddaa2a3e19747b384108a57d1d1095","553633217993079584775086"
"0xe1276372547f44999b50fd575ff9aca270c17ab86b3b964100a9a693f94807c3-19","28350217","1753772924","0xe1276372547f44999b50fd575ff9aca270c17ab86b3b964100a9a693f94807c3","0xddd77e91c222e36d4bd5ca8e78682a2172314197","0x0fba475e92cfef19f7dbada8ec2cce4ad7bbc0d9","0xf5d3a9b27274130ea858c17c3063e6001d87606f","553633217993079584775086"
"0xe12b4be278cb3ec1722b07ddcfff02ca0a9a71f1433c61358cdbc84b05ffe4cf-100","28366665","1753782835","0xe12b4be278cb3ec1722b07ddcfff02ca0a9a71f1433c61358cdbc84b05ffe4cf","0xddd77e91c222e36d4bd5ca8e78682a2172314197","0x0fba475e92cfef19f7dbada8ec2cce4ad7bbc0d9","0x51aadd7e88776cf8d7c5e874729ba201b3de6cc2","553633217993079584775086"
"0xe13707c3a80e974616748e33f66ac01a002fdac553fc5f18034ed07987b8bdea-54","28341306","1753767550","0xe13707c3a80e974616748e33f66ac01a002fdac553fc5f18034ed07987b8bdea","0xddd77e91c222e36d4bd5ca8e78682a2172314197","0x0fba475e92cfef19f7dbada8ec2cce4ad7bbc0d9","0xb9539a082fca454f5c5677850b80a10d42e7f80a","553633217993079584775086"
"0xe156f22239611e0f7eeb168029c0811d9c01697566c3deb01215a004d446262a-115","28378505","1753789974","0xe156f22239611e0f7eeb168029c0811d9c01697566c3deb01215a004d446262a","0xddd77e91c222e36d4bd5ca8e78682a2172314197","0x0fba475e92cfef19f7dbada8ec2cce4ad7bbc0d9","0x1790717fd5ce9fb9488fd3eaa83317bef6e6946c","553633217993079584775086"
"0xe15c0ff798a285ef71cb15da16be729bb7419c48a8c24173cc133cde9ecb2645-119","28372521","1753786323","0xe15c0ff798a285ef71cb15da16be729bb7419c48a8c24173cc133cde9ecb2645","0xddd77e91c222e36d4bd5ca8e78682a2172314197","0x0fba475e92cfef19f7dbada8ec2cce4ad7bbc0d9","0xffbb5685d26489f61af7d51ca3b62135b4e076de","553633217993079584775086"
"0xe164f1a37a464253bae3736c7b56888e1860a48aa1b1b546c2150038c568d215-241","28352333","1753774185","0xe164f1a37a464253bae3736c7b56888e1860a48aa1b1b546c2150038c568d215","0xddd77e91c222e36d4bd5ca8e78682a2172314197","0x0fba475e92cfef19f7dbada8ec2cce4ad7bbc0d9","0x626882caab9eeb69462b1e67fe28e465ef50dbb8","553633217993079584775086"
"0xe16f2d15e3fd3ea8683de8746d55ff4d4e729cd336063278b4e8b5e77a2f6f90-113","28407214","1753807346","0xe16f2d15e3fd3ea8683de8746d55ff4d4e729cd336063278b4e8b5e77a2f6f90","0xddd77e91c222e36d4bd5ca8e78682a2172314197","0x0fba475e92cfef19f7dbada8ec2cce4ad7bbc0d9","0x13540dc99b1de3ae666dd8e86163ffeb4f2c0160","553633217993079584775086"
"0xe173c851073a50d086282ca3747e762a34132b847a078123c7b1e883103aa540-685","28339216","1753766318","0xe173c851073a50d086282ca3747e762a34132b847a078123c7b1e883103aa540","0xddd77e91c222e36d4bd5ca8e78682a2172314197","0x0fba475e92cfef19f7dbada8ec2cce4ad7bbc0d9","0x42ae57f2978244d649d0050f8bed395bdc2f547d","553633217993079584775086"
"0xe17e5a4c3374a58d83f861e2a6d1b3a450aee5c3d8d1b93c0a99783cc14dee14-54","28392293","1753798276","0xe17e5a4c3374a58d83f861e2a6d1b3a450aee5c3d8d1b93c0a99783cc14dee14","0xddd77e91c222e36d4bd5ca8e78682a2172314197","0x0fba475e92cfef19f7dbada8ec2cce4ad7bbc0d9","0x5d7732f360e53e245ba01dc59d73329ab9a60b3c","553633217993079584775086"
"0xe1ac4879aeca57c1d4cfc665d7b266e2b2598a8bb7e9a259e9db6d252ae16ef0-128","28358319","1753777784","0xe1ac4879aeca57c1d4cfc665d7b266e2b2598a8bb7e9a259e9db6d252ae16ef0","0xddd77e91c222e36d4bd5ca8e78682a2172314197","0x0fba475e92cfef19f7dbada8ec2cce4ad7bbc0d9","0x0b182d8e8571ddcb335baf82970294f0112eee0a","553633217993079584775086"
"0xe1b31ea4f278c27cc0bca2151a74b6f2fbda309e91bba5ff185a2a7646c566ba-213","28360868","1753779334","0xe1b31ea4f278c27cc0bca2151a74b6f2fbda309e91bba5ff185a2a7646c566ba","0xddd77e91c222e36d4bd5ca8e78682a2172314197","0x0fba475e92cfef19f7dbada8ec2cce4ad7bbc0d9","0x483c89f1f134c8aba08955b5d5112be5424c4c16","553633217993079584775086"
"0xe1d3cd3c0e2ea0829abfa8a4874891212691663e7436c832b83c82f4160e8405-3","28340471","1753767043","0xe1d3cd3c0e2ea0829abfa8a4874891212691663e7436c832b83c82f4160e8405","0xddd77e91c222e36d4bd5ca8e78682a2172314197","0x0fba475e92cfef19f7dbada8ec2cce4ad7bbc0d9","0x08c7daed1fe1b7f3405d85898c97ae45a64d1a11","553633217993079584775086"
"0xe216e0b5e7474f0301b470bd13c6fd42559a9152a5f955f2ec110b782be12d39-46","28395371","1753800131","0xe216e0b5e7474f0301b470bd13c6fd42559a9152a5f955f2ec110b782be12d39","0xddd77e91c222e36d4bd5ca8e78682a2172314197","0x0fba475e92cfef19f7dbada8ec2cce4ad7bbc0d9","0x1c4a2b58bc29c6fcb75b3341492128662122c8aa","553633217993079584775086"
"0xe21a693a083046a7b5b0feabed94cbe9aec29478f78fcf8d81f7c7f286ac5dac-180","28363768","1753781086","0xe21a693a083046a7b5b0feabed94cbe9aec29478f78fcf8d81f7c7f286ac5dac","0xddd77e91c222e36d4bd5ca8e78682a2172314197","0x0fba475e92cfef19f7dbada8ec2cce4ad7bbc0d9","0x7bbce63a672b6044a8c333aa1635811f1f01c5be","553633217993079584775086"
"0xe225e7a6e6dc11275c0a44dab383112a144d3122011e03ebbd7c9d0a29eac6e9-127","28339240","1753766335","0xe225e7a6e6dc11275c0a44dab383112a144d3122011e03ebbd7c9d0a29eac6e9","0xddd77e91c222e36d4bd5ca8e78682a2172314197","0x0fba475e92cfef19f7dbada8ec2cce4ad7bbc0d9","0x4e2d05fe147aba9c739222337feb50539fe3c3df","553633217993079584775086"
"0xe24a40bd930605ae8f953764f5f857e91e73fc88f65f7d83d0fbe65c5cd1b7f6-220","28356657","1753776768","0xe24a40bd930605ae8f953764f5f857e91e73fc88f65f7d83d0fbe65c5cd1b7f6","0xddd77e91c222e36d4bd5ca8e78682a2172314197","0x0fba475e92cfef19f7dbada8ec2cce4ad7bbc0d9","0xc0cad110feba460b8c9267621be4eb63e5bd1969","553633217993079584775086"
"0xe2648c64082df5ecd60f6dd5c1608b825a1c6efc13f3e52fe8d0cf190cbf6cb3-21","28137299","1753645124","0xe2648c64082df5ecd60f6dd5c1608b825a1c6efc13f3e52fe8d0cf190cbf6cb3","0xddd77e91c222e36d4bd5ca8e78682a2172314197","0x0fba475e92cfef19f7dbada8ec2cce4ad7bbc0d9","0xb77c2623b85653897ec7fcb38e5a9a111cb4cb43","553633217993079584775086"
"0xe278d4ea1b9d39c754f3765b7b292b15c0d1977138be96c4b1372c77ef36b974-98","28332539","1753762275","0xe278d4ea1b9d39c754f3765b7b292b15c0d1977138be96c4b1372c77ef36b974","0xddd77e91c222e36d4bd5ca8e78682a2172314197","0x0fba475e92cfef19f7dbada8ec2cce4ad7bbc0d9","0x0820d3a285967bb752219730dc9d402b6897b8cc","553633217993079584775086"
"0xe2b6286c9b776857a4e3609f5cb80f6feabac7e1cbefc8178791403738a138a7-117","28371265","1753785581","0xe2b6286c9b776857a4e3609f5cb80f6feabac7e1cbefc8178791403738a138a7","0xddd77e91c222e36d4bd5ca8e78682a2172314197","0x0fba475e92cfef19f7dbada8ec2cce4ad7bbc0d9","0xfe31127a05c0ccbfdd4c20bad5fcb40ac84879e7","553633217993079584775086"
"0xe2c9d9bea339d7d50efd7d0172a091f011060c61636477ea2f1ff8e4f0d21e31-707","28390366","1753797074","0xe2c9d9bea339d7d50efd7d0172a091f011060c61636477ea2f1ff8e4f0d21e31","0xddd77e91c222e36d4bd5ca8e78682a2172314197","0x0fba475e92cfef19f7dbada8ec2cce4ad7bbc0d9","0x87dd967d2b57f9894bbf439d15b722e41592abb4","553633217993079584775086"
"0xe2ec769369f77442b67f85f3350e569c6e5e8e0eb225736801d214d260775dfc-3","28399579","1753802695","0xe2ec769369f77442b67f85f3350e569c6e5e8e0eb225736801d214d260775dfc","0xddd77e91c222e36d4bd5ca8e78682a2172314197","0x0fba475e92cfef19f7dbada8ec2cce4ad7bbc0d9","0x89cd41793d1a1d6f6746a2e5e34b769d129b3cd7","553633217993079584775086"
"0xe2f3863b3f57add3db2a7750b51cc785c0ec837034541b01d2d27a137de25a38-85","28350186","1753772904","0xe2f3863b3f57add3db2a7750b51cc785c0ec837034541b01d2d27a137de25a38","0xddd77e91c222e36d4bd5ca8e78682a2172314197","0x0fba475e92cfef19f7dbada8ec2cce4ad7bbc0d9","0x6a4f681a710aead7ff8d486442deb94333932c24","553633217993079584775086"
"0xe2f662b44cf001f648423cd481d980e38e7e07dcf47e27529b3ccab0e7b4657b-146","28337107","1753765032","0xe2f662b44cf001f648423cd481d980e38e7e07dcf47e27529b3ccab0e7b4657b","0xddd77e91c222e36d4bd5ca8e78682a2172314197","0x0fba475e92cfef19f7dbada8ec2cce4ad7bbc0d9","0x8b770465393d369a1b0c327d5f17269d7fdbb0a9","553633217993079584775086"
"0xe34d7a09467c1bf9af554b55e72e9ffdbee1ad45b0dec28b42208bd0cc6b6b57-133","28330840","1753761269","0xe34d7a09467c1bf9af554b55e72e9ffdbee1ad45b0dec28b42208bd0cc6b6b57","0xddd77e91c222e36d4bd5ca8e78682a2172314197","0x0fba475e92cfef19f7dbada8ec2cce4ad7bbc0d9","0x73dee6523e04d04c68fddaf794fa9f3041f60d8e","553633217993079584775086"
"0xe366de0f2787ed2750be88db293cc23b6b298f37ca309db6ae460b38a38fa0ce-31","28333777","1753763000","0xe366de0f2787ed2750be88db293cc23b6b298f37ca309db6ae460b38a38fa0ce","0xddd77e91c222e36d4bd5ca8e78682a2172314197","0x0fba475e92cfef19f7dbada8ec2cce4ad7bbc0d9","0xfd8e716694e95bdc116634dbb0a34afbbb3b01a6","553633217993079584775086"
"0xe3990b46808d4c6a0fc90ac9676d5b5ac7fb1052a91cbdfd5e484f2217a4d59f-48","28349688","1753772596","0xe3990b46808d4c6a0fc90ac9676d5b5ac7fb1052a91cbdfd5e484f2217a4d59f","0xddd77e91c222e36d4bd5ca8e78682a2172314197","0x0fba475e92cfef19f7dbada8ec2cce4ad7bbc0d9","0xffb9c33b8543f1a35bc03ed173dd66404ef22500","553633217993079584775086"
"0xe3e8172126f5eef5ac8c218076665101129e44a6f66b46eef59a359c540deb08-19","28137407","1753645189","0xe3e8172126f5eef5ac8c218076665101129e44a6f66b46eef59a359c540deb08","0xddd77e91c222e36d4bd5ca8e78682a2172314197","0x0fba475e92cfef19f7dbada8ec2cce4ad7bbc0d9","0x0f6c199b1470c5d80fb7aa758efbd305188054cc","553633217993079584775086"
"0xe3f249bbea17e8133d2b95dd0ab146a91f89fe2cc3d5acc14b6e7ef163ea795a-146","28342124","1753768011","0xe3f249bbea17e8133d2b95dd0ab146a91f89fe2cc3d5acc14b6e7ef163ea795a","0xddd77e91c222e36d4bd5ca8e78682a2172314197","0x0fba475e92cfef19f7dbada8ec2cce4ad7bbc0d9","0x6fea97a0c4c5d41cc657c8399aef27d347328d24","553633217993079584775086"
"0xe4149c50c413c74d94d2fa4e79dd441f71d9e7b3ca188e61d38ea8c56ec6343b-112","28349183","1753772291","0xe4149c50c413c74d94d2fa4e79dd441f71d9e7b3ca188e61d38ea8c56ec6343b","0xddd77e91c222e36d4bd5ca8e78682a2172314197","0x0fba475e92cfef19f7dbada8ec2cce4ad7bbc0d9","0x1688d83d9ad92d1a46386101ecec87ee3a78de86","553633217993079584775086"
"0xe45444967d6c359f2b0497d3145acf501b3d188a0eaacda8ea2a111bfb64c9ba-647","28406517","1753806900","0xe45444967d6c359f2b0497d3145acf501b3d188a0eaacda8ea2a111bfb64c9ba","0xddd77e91c222e36d4bd5ca8e78682a2172314197","0x0fba475e92cfef19f7dbada8ec2cce4ad7bbc0d9","0xb2c739234aba817ce3fd8903e766c2f3d0d602e6","553633217993079584775086"
"0xe46630fe86eecfc89de9e36cd0ce5416657fa2ce8f254bfaa15b804501edf1b1-66","28355482","1753776065","0xe46630fe86eecfc89de9e36cd0ce5416657fa2ce8f254bfaa15b804501edf1b1","0xddd77e91c222e36d4bd5ca8e78682a2172314197","0x0fba475e92cfef19f7dbada8ec2cce4ad7bbc0d9","0x62c450d7a00dec1ab86539d23dd317edc108298f","553633217993079584775086"
"0xe4a2218bdfad9a3a890778ef75c0a83b571ba883e08d5ac9721a3b5b1faec6cf-8","28403147","1753804883","0xe4a2218bdfad9a3a890778ef75c0a83b571ba883e08d5ac9721a3b5b1faec6cf","0xddd77e91c222e36d4bd5ca8e78682a2172314197","0x0fba475e92cfef19f7dbada8ec2cce4ad7bbc0d9","0xd77fb3178ae3465bbfc164a510d79a66acc170b1","553633217993079584775086"
"0xe4cbc69e1c274bd43ed1dec373a11627ffbdc9c11868be96015ac97d257d1dd2-37","28343906","1753769139","0xe4cbc69e1c274bd43ed1dec373a11627ffbdc9c11868be96015ac97d257d1dd2","0xddd77e91c222e36d4bd5ca8e78682a2172314197","0x0fba475e92cfef19f7dbada8ec2cce4ad7bbc0d9","0x80ef8c74f3c3a7457c605c554446d04e675a6cef","553633217993079584775086"
"0xe50c6829479c065551b6cfae085507661b12dffef109f7f6bb39619fe100fab2-24","28352613","1753774348","0xe50c6829479c065551b6cfae085507661b12dffef109f7f6bb39619fe100fab2","0xddd77e91c222e36d4bd5ca8e78682a2172314197","0x0fba475e92cfef19f7dbada8ec2cce4ad7bbc0d9","0x8e358111b9d81ce3f30122545cdcff09f2a28e4a","553633217993079584775086"
"0xe510f59a3aaf3b194d65657278644c271d48b0f65f7b612552e6a48394d23904-182","28376699","1753788875","0xe510f59a3aaf3b194d65657278644c271d48b0f65f7b612552e6a48394d23904","0xddd77e91c222e36d4bd5ca8e78682a2172314197","0x0fba475e92cfef19f7dbada8ec2cce4ad7bbc0d9","0x84a037fac0a9b6197a7fa5230bcfde3e0d8c5953","553633217993079584775086"
"0xe521656ca1025249281b714bdfe17cbae7eef3fe428a21c2db34b0fe5421fb55-432","28371114","1753785501","0xe521656ca1025249281b714bdfe17cbae7eef3fe428a21c2db34b0fe5421fb55","0xddd77e91c222e36d4bd5ca8e78682a2172314197","0x0fba475e92cfef19f7dbada8ec2cce4ad7bbc0d9","0x30bcf08751c88728eced424641d9b289676fffb0","553633217993079584775086"
"0xe5b787c8079b3844fe9ea4b81655a6c7c05ef9fa7c2994bcb2b6bf3107a38aa4-123","28350668","1753773190","0xe5b787c8079b3844fe9ea4b81655a6c7c05ef9fa7c2994bcb2b6bf3107a38aa4","0xddd77e91c222e36d4bd5ca8e78682a2172314197","0x0fba475e92cfef19f7dbada8ec2cce4ad7bbc0d9","0xd2917b7de60f02274e429f2ab27877876d37abff","553633217993079584775086"
"0xe5f2704ac826a9a2d2e772d29ef487cb102b4e7825666d8da00597474d872ef1-86","28391298","1753797659","0xe5f2704ac826a9a2d2e772d29ef487cb102b4e7825666d8da00597474d872ef1","0xddd77e91c222e36d4bd5ca8e78682a2172314197","0x0fba475e92cfef19f7dbada8ec2cce4ad7bbc0d9","0x74e37ae928d2dd029b45354b28c96e170ccf88a3","553633217993079584775086"
"0xe66db12ccde83cf70e35fe8f20aaa02e8b901f3234529f15ad9ff0f3c1e296f7-43","28360655","1753779204","0xe66db12ccde83cf70e35fe8f20aaa02e8b901f3234529f15ad9ff0f3c1e296f7","0xddd77e91c222e36d4bd5ca8e78682a2172314197","0x0fba475e92cfef19f7dbada8ec2cce4ad7bbc0d9","0x94b8e0b70dd27a386235d96f5b0a190629850ef9","553633217993079584775086"
"0xe67ce8531969176f7d17885d94828032439ae8dd96a020774faaf95bce52de6a-134","28392802","1753798563","0xe67ce8531969176f7d17885d94828032439ae8dd96a020774faaf95bce52de6a","0xddd77e91c222e36d4bd5ca8e78682a2172314197","0x0fba475e92cfef19f7dbada8ec2cce4ad7bbc0d9","0x8e83c4137c39ef36145bf5420bfebb810570a5eb","553633217993079584775086"
"0xe68eada43154ad11a9f21ad0f8172d24633b0a59511dc940c598b65e99d2afaa-270","28354278","1753775338","0xe68eada43154ad11a9f21ad0f8172d24633b0a59511dc940c598b65e99d2afaa","0xddd77e91c222e36d4bd5ca8e78682a2172314197","0x0fba475e92cfef19f7dbada8ec2cce4ad7bbc0d9","0xd33515e6450d50f5563c4603f1116a891f411943","553633217993079584775086"
"0xe6977c0bf29b6b9dca7879de029785495e397700a71ada3a7ba3ab0797bb13ff-147","28354734","1753775615","0xe6977c0bf29b6b9dca7879de029785495e397700a71ada3a7ba3ab0797bb13ff","0xddd77e91c222e36d4bd5ca8e78682a2172314197","0x0fba475e92cfef19f7dbada8ec2cce4ad7bbc0d9","0xeb40d9c3ca292cca23517182740827fd54c1a7d1","553633217993079584775086"
"0xe6b6a5db51a23d47023c738e9df94c8aec0d7ba78a05d2eac2ccf1eb88d2466e-47","28362402","1753780248","0xe6b6a5db51a23d47023c738e9df94c8aec0d7ba78a05d2eac2ccf1eb88d2466e","0xddd77e91c222e36d4bd5ca8e78682a2172314197","0x0fba475e92cfef19f7dbada8ec2cce4ad7bbc0d9","0x98cf1ae3ce574acb9b2990da1bfdbc5e45da37ab","553633217993079584775086"
"0xe6d2d432ede6d5adfd2e9d66683187ce883038ef61b98df1bfa3c53796acbc82-603","28337216","1753765102","0xe6d2d432ede6d5adfd2e9d66683187ce883038ef61b98df1bfa3c53796acbc82","0xddd77e91c222e36d4bd5ca8e78682a2172314197","0x0fba475e92cfef19f7dbada8ec2cce4ad7bbc0d9","0xe34dd152aa3286f8a65890dde572c9a9847b9f4c","553633217993079584775086"
"0xe6d95b0501ab9cfac48ee84401abb37df3829f78dfab108efed9feeacfc53073-117","28335852","1753764285","0xe6d95b0501ab9cfac48ee84401abb37df3829f78dfab108efed9feeacfc53073","0xddd77e91c222e36d4bd5ca8e78682a2172314197","0x0fba475e92cfef19f7dbada8ec2cce4ad7bbc0d9","0x46d6e8f0010d6282130a10b7d653f25ac1fb9691","553633217993079584775086"
"0xe6d9c9ee9a27bfe1e5931a713a13be16d6610d275f1130324dd8292f51df4dc0-116","28398410","1753801952","0xe6d9c9ee9a27bfe1e5931a713a13be16d6610d275f1130324dd8292f51df4dc0","0xddd77e91c222e36d4bd5ca8e78682a2172314197","0x0fba475e92cfef19f7dbada8ec2cce4ad7bbc0d9","0x04564b5f9848b3a8411d3b1c98681006f762eff8","553633217993079584775086"
"0xe6e12ed93bf53ebce5d7733577c0c37eeb6bc3b8fa6893f1d2b975276cc2f565-176","28365006","1753781809","0xe6e12ed93bf53ebce5d7733577c0c37eeb6bc3b8fa6893f1d2b975276cc2f565","0xddd77e91c222e36d4bd5ca8e78682a2172314197","0x0fba475e92cfef19f7dbada8ec2cce4ad7bbc0d9","0xca1e1960a366f97e42d039d2f8f9bdbb23cecc72","553633217993079584775086"
"0xe6eb267f7bb9dc1230836df619bf84c2d41b680fb23062368e4ae97238553ed5-168","28394081","1753799359","0xe6eb267f7bb9dc1230836df619bf84c2d41b680fb23062368e4ae97238553ed5","0xddd77e91c222e36d4bd5ca8e78682a2172314197","0x0fba475e92cfef19f7dbada8ec2cce4ad7bbc0d9","0xc967e691f0496202baa5c107eec36ba084a1a03d","553633217993079584775086"
"0xe6ef4173ef7d1a928fc20c6496cc5a791f3b769282ac4c07d76abec31b4f0b84-77","28335885","1753764301","0xe6ef4173ef7d1a928fc20c6496cc5a791f3b769282ac4c07d76abec31b4f0b84","0xddd77e91c222e36d4bd5ca8e78682a2172314197","0x0fba475e92cfef19f7dbada8ec2cce4ad7bbc0d9","0xdd8592034667a66fcd03dd1cc53a82c30ac1c94e","553633217993079584775086"
"0xe6f36bac7ecf92058c8a9c0d9d82bfadac67eb4279a1410a0cd5effc20ccda34-287","28391230","1753797623","0xe6f36bac7ecf92058c8a9c0d9d82bfadac67eb4279a1410a0cd5effc20ccda34","0xddd77e91c222e36d4bd5ca8e78682a2172314197","0x0fba475e92cfef19f7dbada8ec2cce4ad7bbc0d9","0xe08142ae7de3b9bdf9c9e97655dd84c9df847dab","553633217993079584775086"
"0xe6fbf1d23ed0485b8d3db6be15ae5b463cee90dd8a167f193b910688a9330685-54","28137896","1753645507","0xe6fbf1d23ed0485b8d3db6be15ae5b463cee90dd8a167f193b910688a9330685","0xddd77e91c222e36d4bd5ca8e78682a2172314197","0x0fba475e92cfef19f7dbada8ec2cce4ad7bbc0d9","0x2d1f23fdf321a1e9d089d2400e3c550e7c4c5ce5","553633217993079584775086"
"0xe6fca0c9002039f7edb224c54ff3101a52668d384a83d97da44ca641511013dc-37","28384522","1753793626","0xe6fca0c9002039f7edb224c54ff3101a52668d384a83d97da44ca641511013dc","0xddd77e91c222e36d4bd5ca8e78682a2172314197","0x0fba475e92cfef19f7dbada8ec2cce4ad7bbc0d9","0xd38559954e0363c789365a48e6226581615f690a","553633217993079584775086"
"0xe6fe2f66b6a3c4aa29d00c566e8ca73d947669098a231438614e1b3c3f201349-15","28129962","1753640706","0xe6fe2f66b6a3c4aa29d00c566e8ca73d947669098a231438614e1b3c3f201349","0xddd77e91c222e36d4bd5ca8e78682a2172314197","0x0fba475e92cfef19f7dbada8ec2cce4ad7bbc0d9","0xf5ede9501e8827ff9dc13a83dc967f9b7bef4024","553633217993079584775086"
"0xe73e77c2d18f045402d34404dce5073701650961d6f24e09ff9093cfc0e5e20d-92","28394066","1753799351","0xe73e77c2d18f045402d34404dce5073701650961d6f24e09ff9093cfc0e5e20d","0xddd77e91c222e36d4bd5ca8e78682a2172314197","0x0fba475e92cfef19f7dbada8ec2cce4ad7bbc0d9","0x48882cbcb9c3a95689624f774db27f636d54c1af","553633217993079584775086"
"0xe74fe58b8cf3799731835e6311e3c9aa2ab4ab503a536fae80007d7acc3e6225-8","28362170","1753780115","0xe74fe58b8cf3799731835e6311e3c9aa2ab4ab503a536fae80007d7acc3e6225","0xddd77e91c222e36d4bd5ca8e78682a2172314197","0x0fba475e92cfef19f7dbada8ec2cce4ad7bbc0d9","0x748a1626438952ba7cbe29c1e92ceb3a0822d82c","553633217993079584775086"
"0xe7998d9b755b49165a9d773f4576b0942a4239bdafd45d26620922387ec7b47c-699","28401256","1753803713","0xe7998d9b755b49165a9d773f4576b0942a4239bdafd45d26620922387ec7b47c","0xddd77e91c222e36d4bd5ca8e78682a2172314197","0x0fba475e92cfef19f7dbada8ec2cce4ad7bbc0d9","0x1ca0ac02c5af6cf48356c2405128631a16a5b217","553633217993079584775086"
"0xe79aab3429d7a5f81ee2e58154afbee69d7e93f88a76a60a71c74363e224ccac-98","28385972","1753794468","0xe79aab3429d7a5f81ee2e58154afbee69d7e93f88a76a60a71c74363e224ccac","0xddd77e91c222e36d4bd5ca8e78682a2172314197","0x0fba475e92cfef19f7dbada8ec2cce4ad7bbc0d9","0xc8cdbd834ac559fc5023fb2ed24bc4736d381762","553633217993079584775086"
"0xe7c49ef6ef5d5fe4819e582c895204735f71d6e084da196ce223dd36a03713cf-14","28353391","1753774821","0xe7c49ef6ef5d5fe4819e582c895204735f71d6e084da196ce223dd36a03713cf","0xddd77e91c222e36d4bd5ca8e78682a2172314197","0x0fba475e92cfef19f7dbada8ec2cce4ad7bbc0d9","0xda85b5a69a4e8adab9d07334c64e6717b75073a6","553633217993079584775086"
"0xe7d74f448ccc65f2003f14343b9726faed333d14af16956469533a089b466a64-98","28343225","1753768702","0xe7d74f448ccc65f2003f14343b9726faed333d14af16956469533a089b466a64","0xddd77e91c222e36d4bd5ca8e78682a2172314197","0x0fba475e92cfef19f7dbada8ec2cce4ad7bbc0d9","0x784ef860a461eb44fe3717bf5403ac0aa24e4e9a","553633217993079584775086"
"0xe8004e07c2644dd997f22f9f72738588098af20ba13629dcc7b1aa24e12b21e1-132","28343291","1753768744","0xe8004e07c2644dd997f22f9f72738588098af20ba13629dcc7b1aa24e12b21e1","0xddd77e91c222e36d4bd5ca8e78682a2172314197","0x0fba475e92cfef19f7dbada8ec2cce4ad7bbc0d9","0x4be541302cfdf12c36db75286d818172ad62f6f0","553633217993079584775086"
"0xe80fe5d62d7949f986a5083a1666f2ef2fcc58fa8e4c1b969c34b50d7f1c9cd6-138","28366497","1753782730","0xe80fe5d62d7949f986a5083a1666f2ef2fcc58fa8e4c1b969c34b50d7f1c9cd6","0xddd77e91c222e36d4bd5ca8e78682a2172314197","0x0fba475e92cfef19f7dbada8ec2cce4ad7bbc0d9","0x6b118b10641961c692bb25b21f822c1660a1cf99","553633217993079584775086"
"0xe82b087bd7253ae5dd5c7a7b94ea55436c6b9ec86ebf18257b872c746c169799-122","28339263","1753766346","0xe82b087bd7253ae5dd5c7a7b94ea55436c6b9ec86ebf18257b872c746c169799","0xddd77e91c222e36d4bd5ca8e78682a2172314197","0x0fba475e92cfef19f7dbada8ec2cce4ad7bbc0d9","0x6b41881c40c3745d4a10e866f2710797c00674f2","553633217993079584775086"
"0xe858e33f5515e1fa8bd740fce519a793081fa31ee3c9f05e1ff44e987d33db2d-115","28344739","1753769621","0xe858e33f5515e1fa8bd740fce519a793081fa31ee3c9f05e1ff44e987d33db2d","0xddd77e91c222e36d4bd5ca8e78682a2172314197","0x0fba475e92cfef19f7dbada8ec2cce4ad7bbc0d9","0xd0f59fd4d91296cb967ad4ec7b920c44252ff949","553633217993079584775086"
"0xe862636071d724569ad5895ccc257e025cd2a3dd35c5146d319a969b32147824-129","28390383","1753797082","0xe862636071d724569ad5895ccc257e025cd2a3dd35c5146d319a969b32147824","0xddd77e91c222e36d4bd5ca8e78682a2172314197","0x0fba475e92cfef19f7dbada8ec2cce4ad7bbc0d9","0x31e9bc7887cdb545a3acbda54f1ca7469b884622","553633217993079584775086"
"0xe86a9bdd86fb47a6c34940edcad3ba9d0fc97413736bbd288db3180df584066b-145","28351559","1753773723","0xe86a9bdd86fb47a6c34940edcad3ba9d0fc97413736bbd288db3180df584066b","0xddd77e91c222e36d4bd5ca8e78682a2172314197","0x0fba475e92cfef19f7dbada8ec2cce4ad7bbc0d9","0x9f793a5e68934d08350f1bb4cd507950b862b055","553633217993079584775086"
"0xe8a8fa06b0db79ed3959128b57c6ba40e4d721b0d4ff8f65224f2817527eb3aa-90","28383315","1753792898","0xe8a8fa06b0db79ed3959128b57c6ba40e4d721b0d4ff8f65224f2817527eb3aa","0xddd77e91c222e36d4bd5ca8e78682a2172314197","0x0fba475e92cfef19f7dbada8ec2cce4ad7bbc0d9","0x693455785af55a95c9f890f9443b803c4378c5b3","553633217993079584775086"
"0xe8bb8e74ba9d00997d8e6d0515c98e5265963484b33915436faac5c1c361aa00-19","28384712","1753793749","0xe8bb8e74ba9d00997d8e6d0515c98e5265963484b33915436faac5c1c361aa00","0xddd77e91c222e36d4bd5ca8e78682a2172314197","0x0fba475e92cfef19f7dbada8ec2cce4ad7bbc0d9","0xf606c7a53b0195184c61c4d4ecae01072f6fcf09","553633217993079584775086"
"0xe8dc16e27804f3244fb5883192623650f00614696c82a31fbf46f9d72b6be962-60","28349687","1753772596","0xe8dc16e27804f3244fb5883192623650f00614696c82a31fbf46f9d72b6be962","0xddd77e91c222e36d4bd5ca8e78682a2172314197","0x0fba475e92cfef19f7dbada8ec2cce4ad7bbc0d9","0xb7ef5958612db9923f8c034e1e6a5ad2207b5191","553633217993079584775086"
"0xe8e30d700932bfd56cdd90a1e6d209d933a74f70ca021d9bfa78f34c6e923685-101","28344600","1753769534","0xe8e30d700932bfd56cdd90a1e6d209d933a74f70ca021d9bfa78f34c6e923685","0xddd77e91c222e36d4bd5ca8e78682a2172314197","0x0fba475e92cfef19f7dbada8ec2cce4ad7bbc0d9","0x371cbd32b0aa149336ce619edc8aa79423279af6","553633217993079584775086"
"0xe8fb6a9dc1c414c85e47ea7c920c37dfa0e20f702f87ee67c65871b2c665c82e-106","28352452","1753774258","0xe8fb6a9dc1c414c85e47ea7c920c37dfa0e20f702f87ee67c65871b2c665c82e","0xddd77e91c222e36d4bd5ca8e78682a2172314197","0x0fba475e92cfef19f7dbada8ec2cce4ad7bbc0d9","0xc66506e45ef26c078c45230c08f64ba2772ed4d7","553633217993079584775086"
"0xe8fd8c890a4820c4d66d55b9c2290e632bc34246ee628962e1084626c3a2ee4c-121","28338853","1753766071","0xe8fd8c890a4820c4d66d55b9c2290e632bc34246ee628962e1084626c3a2ee4c","0xddd77e91c222e36d4bd5ca8e78682a2172314197","0x0fba475e92cfef19f7dbada8ec2cce4ad7bbc0d9","0x9d4fa9693055bd3b0495e87e2305de9dc89b17f5","553633217993079584775086"
"0xe9118f5d6aa585ca773f69e945f3354b7271b72c559dc1308714d912ea313f45-57","28357694","1753777407","0xe9118f5d6aa585ca773f69e945f3354b7271b72c559dc1308714d912ea313f45","0xddd77e91c222e36d4bd5ca8e78682a2172314197","0x0fba475e92cfef19f7dbada8ec2cce4ad7bbc0d9","0x7b3cd5b9ebbb7663ff667b45c7390134ae3a64cf","553633217993079584775086"
"0xe9183761f791eb1630d17e0bbe731df18587e8125bc707780ac2bbdb3ed154fa-39","28354800","1753775652","0xe9183761f791eb1630d17e0bbe731df18587e8125bc707780ac2bbdb3ed154fa","0xddd77e91c222e36d4bd5ca8e78682a2172314197","0x0fba475e92cfef19f7dbada8ec2cce4ad7bbc0d9","0xb8519c38cff20b633e653c59c758ee2e0f70307d","553633217993079584775086"
"0xe91953a8c1eef952b9984094c5de96335bc17050407241797820467c228fb27f-537","28385285","1753794065","0xe91953a8c1eef952b9984094c5de96335bc17050407241797820467c228fb27f","0xddd77e91c222e36d4bd5ca8e78682a2172314197","0x0fba475e92cfef19f7dbada8ec2cce4ad7bbc0d9","0x615b274fd1a404fe5f6c59f0b8310cc7f889a9cf","553633217993079584775086"
"0xe93f7c788aa72c3a90db6ff6049777c0f3abce0e2cdee264fe69ed92ff21a13e-648","28348360","1753771829","0xe93f7c788aa72c3a90db6ff6049777c0f3abce0e2cdee264fe69ed92ff21a13e","0xddd77e91c222e36d4bd5ca8e78682a2172314197","0x0fba475e92cfef19f7dbada8ec2cce4ad7bbc0d9","0xcdc2b0e08cd32db1d989234b9ce3029c04d0744a","553633217993079584775086"
"0xe9b106d3447868dcfcc0c0b6255c3abf27b7e9b179a3bc8f2e32674047bd866e-4","28377556","1753789408","0xe9b106d3447868dcfcc0c0b6255c3abf27b7e9b179a3bc8f2e32674047bd866e","0xddd77e91c222e36d4bd5ca8e78682a2172314197","0x0fba475e92cfef19f7dbada8ec2cce4ad7bbc0d9","0x84aad51b549ae26f4dc2fa4ee51edf9eb186cbf4","553633217993079584775086"
"0xe9c841cc89ac5547222413870fc8e5229221b4da56bbaa63e9c97ee613d4af5e-107","28399220","1753802457","0xe9c841cc89ac5547222413870fc8e5229221b4da56bbaa63e9c97ee613d4af5e","0xddd77e91c222e36d4bd5ca8e78682a2172314197","0x0fba475e92cfef19f7dbada8ec2cce4ad7bbc0d9","0xea8f344ba2e61421feb801b10d42a5933d5db5bb","553633217993079584775086"
"0xe9c907a393234bf7024ddc0b572eb01550f2fa9092ff00c34eb1634ede211e20-700","28341543","1753767681","0xe9c907a393234bf7024ddc0b572eb01550f2fa9092ff00c34eb1634ede211e20","0xddd77e91c222e36d4bd5ca8e78682a2172314197","0x0fba475e92cfef19f7dbada8ec2cce4ad7bbc0d9","0x5d1633c322ba12721fb6c88dd1e2d00aecba203d","553633217993079584775086"
"0xe9d0da3b61c4826c2c4546de886eabd4d04283b0b297636163f4e875edf54da8-79","28336140","1753764463","0xe9d0da3b61c4826c2c4546de886eabd4d04283b0b297636163f4e875edf54da8","0xddd77e91c222e36d4bd5ca8e78682a2172314197","0x0fba475e92cfef19f7dbada8ec2cce4ad7bbc0d9","0xcf85fbb4934f2a9ff4061154a482ea5e715d8f23","553633217993079584775086"
"0xe9dd05c097ee0b7d6e315244f7fbeff5a160f27519ef9b105fa2cb2c562a350a-130","28375668","1753788269","0xe9dd05c097ee0b7d6e315244f7fbeff5a160f27519ef9b105fa2cb2c562a350a","0xddd77e91c222e36d4bd5ca8e78682a2172314197","0x0fba475e92cfef19f7dbada8ec2cce4ad7bbc0d9","0x0c46ca41db8cd93c8602f68857525c7400b81c03","553633217993079584775086"
"0xe9e4754f2169efe96f20253946cf2a12ed31aa28c5f6bc19a382324255a6a12d-140","28392792","1753798558","0xe9e4754f2169efe96f20253946cf2a12ed31aa28c5f6bc19a382324255a6a12d","0xddd77e91c222e36d4bd5ca8e78682a2172314197","0x0fba475e92cfef19f7dbada8ec2cce4ad7bbc0d9","0x9aef0b6cb75c2b8aa77587f1f153bf87b773cf83","553633217993079584775086"
"0xe9e827a08d9f90f50096339d998441b621f4460cf79e404bf2bd78002e462f26-61","28357635","1753777368","0xe9e827a08d9f90f50096339d998441b621f4460cf79e404bf2bd78002e462f26","0xddd77e91c222e36d4bd5ca8e78682a2172314197","0x0fba475e92cfef19f7dbada8ec2cce4ad7bbc0d9","0x23f028df11978593ed637ceb17c98621d8db410e","553633217993079584775086"
"0xe9f1a7a036733a366439a8734d796612a21d38def1735cff17c103ec6c87c0cc-112","28405748","1753806438","0xe9f1a7a036733a366439a8734d796612a21d38def1735cff17c103ec6c87c0cc","0xddd77e91c222e36d4bd5ca8e78682a2172314197","0x0fba475e92cfef19f7dbada8ec2cce4ad7bbc0d9","0xb1e3aeaee93488935d98d222d75bb9131a75ef82","553633217993079584775086"
"0xe9f8618e1290d8da81feaec81b7d713c4825ed7727c690ede30604aeded3fab1-10","28330467","1753761027","0xe9f8618e1290d8da81feaec81b7d713c4825ed7727c690ede30604aeded3fab1","0xddd77e91c222e36d4bd5ca8e78682a2172314197","0x0fba475e92cfef19f7dbada8ec2cce4ad7bbc0d9","0x7d958651526fb95a885d508892e2bc4879258545","553633217993079584775086"
"0xea08daa2fdc68bea25c11fb10d32852000b3e539e6716f5cef23c067d9ecb9cb-37","28337764","1753765419","0xea08daa2fdc68bea25c11fb10d32852000b3e539e6716f5cef23c067d9ecb9cb","0xddd77e91c222e36d4bd5ca8e78682a2172314197","0x0fba475e92cfef19f7dbada8ec2cce4ad7bbc0d9","0x65e63698aa4ff2bc92c8344ebd05fe6ef8818cfb","553633217993079584775086"
"0xea10d415850538b5a439b64477dd9847b3c1a4fcd99b8256aef4eb07d512c02e-151","28360042","1753778823","0xea10d415850538b5a439b64477dd9847b3c1a4fcd99b8256aef4eb07d512c02e","0xddd77e91c222e36d4bd5ca8e78682a2172314197","0x0fba475e92cfef19f7dbada8ec2cce4ad7bbc0d9","0xc1113c9cc8f33d85ccf79aa6c45e5775282a4fb2","553633217993079584775086"
"0xea1d50651e26394222c5b63c7f1bb750afc0227f78674a971788eaf2e0dc3d67-258","28401964","1753804174","0xea1d50651e26394222c5b63c7f1bb750afc0227f78674a971788eaf2e0dc3d67","0xddd77e91c222e36d4bd5ca8e78682a2172314197","0x0fba475e92cfef19f7dbada8ec2cce4ad7bbc0d9","0x9f94caf730aefd46c982b854d048065a567521ee","553633217993079584775086"
"0xea20728e9d5dd25f4895ec6cdd62fdf8b75ffc326d5e078bbd1d752bfa01fa8b-18","28371075","1753785474","0xea20728e9d5dd25f4895ec6cdd62fdf8b75ffc326d5e078bbd1d752bfa01fa8b","0xddd77e91c222e36d4bd5ca8e78682a2172314197","0x0fba475e92cfef19f7dbada8ec2cce4ad7bbc0d9","0x65d7c871fd3580b2c3c7a3919802e4f65cd54d37","553633217993079584775086"
"0xea8d684d367e0e01da7c9bbad871e3d27cb94b02a71f994b54112f365d1c6bcb-27","28356456","1753776650","0xea8d684d367e0e01da7c9bbad871e3d27cb94b02a71f994b54112f365d1c6bcb","0xddd77e91c222e36d4bd5ca8e78682a2172314197","0x0fba475e92cfef19f7dbada8ec2cce4ad7bbc0d9","0xe1a850f26bc7a892fb1af8456dd787b3778b4ccb","553633217993079584775086"
"0xeaaed11c0ba558e6cd64bdbd21001091f76932d8cec2e47c660056af5c4e1d84-248","28352864","1753774504","0xeaaed11c0ba558e6cd64bdbd21001091f76932d8cec2e47c660056af5c4e1d84","0xddd77e91c222e36d4bd5ca8e78682a2172314197","0x0fba475e92cfef19f7dbada8ec2cce4ad7bbc0d9","0xdca1d4c04e9a53db37f1b89d55ef4cb4e97419be","553633217993079584775086"
"0xeac85d36388547a857eab963d740f77f6cc61cc583900f61e809b4912cd033fd-276","28374337","1753787449","0xeac85d36388547a857eab963d740f77f6cc61cc583900f61e809b4912cd033fd","0xddd77e91c222e36d4bd5ca8e78682a2172314197","0x0fba475e92cfef19f7dbada8ec2cce4ad7bbc0d9","0x9e311e9e818130f57a917ce01de8a5ef85e36922","553633217993079584775086"
"0xeaf32190b8803026e945fe76b29f8d32c85b78eb770cb9f54d8a165241f97fdf-96","28342379","1753768161","0xeaf32190b8803026e945fe76b29f8d32c85b78eb770cb9f54d8a165241f97fdf","0xddd77e91c222e36d4bd5ca8e78682a2172314197","0x0fba475e92cfef19f7dbada8ec2cce4ad7bbc0d9","0xf302c21325136a43f14021158aff15a38e2ff013","553633217993079584775086"
"0xeaf4ae4c3a5081e999d250d50c4bf5246a1fa4d74ab14cb23fb980706d628765-100","28385317","1753794081","0xeaf4ae4c3a5081e999d250d50c4bf5246a1fa4d74ab14cb23fb980706d628765","0xddd77e91c222e36d4bd5ca8e78682a2172314197","0x0fba475e92cfef19f7dbada8ec2cce4ad7bbc0d9","0x11d44252178c122802b893863be5fb5a859026db","553633217993079584775086"
"0xeb19f330f0c9f1e307a4d33125d9b3672dfdca94be20328173f92eb9ca235b6e-77","28338525","1753765868","0xeb19f330f0c9f1e307a4d33125d9b3672dfdca94be20328173f92eb9ca235b6e","0xddd77e91c222e36d4bd5ca8e78682a2172314197","0x0fba475e92cfef19f7dbada8ec2cce4ad7bbc0d9","0xa5128b6b0c10b210d0eda292085f5d26202a600b","553633217993079584775086"
"0xeb2acba0ce290d60c6d54870bf395bb5a3fa3cb73eeb88e9e9428d8b357bfcb4-72","28130563","1753641074","0xeb2acba0ce290d60c6d54870bf395bb5a3fa3cb73eeb88e9e9428d8b357bfcb4","0xddd77e91c222e36d4bd5ca8e78682a2172314197","0x0fba475e92cfef19f7dbada8ec2cce4ad7bbc0d9","0x9b7827024df20070f729d0acda879c9e25ad6e0b","553633217993079584775086"
"0xeb530a2a8f76cae751e09187d5cab6cb8bc6f11801a33bf0ba87804ae0b72dbf-18","28341511","1753767660","0xeb530a2a8f76cae751e09187d5cab6cb8bc6f11801a33bf0ba87804ae0b72dbf","0xddd77e91c222e36d4bd5ca8e78682a2172314197","0x0fba475e92cfef19f7dbada8ec2cce4ad7bbc0d9","0x47271fa917303f69a2069fb5f7be7b334481d692","553633217993079584775086"
"0xeba0a516e1fd32c9fb6d41242688110f5079b8b061b9f88b617338a2d349c58a-27","28360655","1753779204","0xeba0a516e1fd32c9fb6d41242688110f5079b8b061b9f88b617338a2d349c58a","0xddd77e91c222e36d4bd5ca8e78682a2172314197","0x0fba475e92cfef19f7dbada8ec2cce4ad7bbc0d9","0x3731911218d0efe78abba14b8a3ccc57110c8c1a","553633217993079584775086"
"0xebb385cbac78f6713e69333b5760e3bb24b078e1b6bf281878a268d989b088d7-61","28336098","1753764440","0xebb385cbac78f6713e69333b5760e3bb24b078e1b6bf281878a268d989b088d7","0xddd77e91c222e36d4bd5ca8e78682a2172314197","0x0fba475e92cfef19f7dbada8ec2cce4ad7bbc0d9","0xa6fc415e0515e904a8ad41fcae54cc70de801988","553633217993079584775086"
"0xebb7d9e661df8262a4f6fcc7361b2698be0856ff2b80641609984475cee7c812-3","28346504","1753770695","0xebb7d9e661df8262a4f6fcc7361b2698be0856ff2b80641609984475cee7c812","0xddd77e91c222e36d4bd5ca8e78682a2172314197","0x0fba475e92cfef19f7dbada8ec2cce4ad7bbc0d9","0xc182f2b5dfe746f1346cccde7b516bebe85e0954","553633217993079584775086"
"0xebb81430414d51af8ca49447251a5a8039450edabaf93f80ebf72e0332ed7683-45","28391721","1753797925","0xebb81430414d51af8ca49447251a5a8039450edabaf93f80ebf72e0332ed7683","0xddd77e91c222e36d4bd5ca8e78682a2172314197","0x0fba475e92cfef19f7dbada8ec2cce4ad7bbc0d9","0x69463d8cd29d477e9b8b72b393334577e5a5ac21","553633217993079584775086"
"0xec024c027d62f2a4f5c28c02dd154fdccd078fb187f487e80c3db22a191f26cd-72","28349865","1753772705","0xec024c027d62f2a4f5c28c02dd154fdccd078fb187f487e80c3db22a191f26cd","0xddd77e91c222e36d4bd5ca8e78682a2172314197","0x0fba475e92cfef19f7dbada8ec2cce4ad7bbc0d9","0x65fdcb838ebecc4f58648aff61e306806fbd705a","553633217993079584775086"
"0xec05ec5a428f74ba6e399c46bad50126dace2577417e7dd3f267048e4102012f-133","28379733","1753790723","0xec05ec5a428f74ba6e399c46bad50126dace2577417e7dd3f267048e4102012f","0xddd77e91c222e36d4bd5ca8e78682a2172314197","0x0fba475e92cfef19f7dbada8ec2cce4ad7bbc0d9","0xd500cb27ab6ec8c8193ec10b4ac4771354e6b33f","553633217993079584775086"
"0xec15b3c05f140a2fa31ad49064f0ed8ae6ce98652993a42899dc1fb2b74af03b-3","28352451","1753774258","0xec15b3c05f140a2fa31ad49064f0ed8ae6ce98652993a42899dc1fb2b74af03b","0xddd77e91c222e36d4bd5ca8e78682a2172314197","0x0fba475e92cfef19f7dbada8ec2cce4ad7bbc0d9","0xb137a15cf562264405e895bf88808313a7ddeee2","553633217993079584775086"
"0xec1a124491022bb80fa15e0113bb2c20b6036c5ce8768514faf3b9dce628d51b-3","28353525","1753774901","0xec1a124491022bb80fa15e0113bb2c20b6036c5ce8768514faf3b9dce628d51b","0xddd77e91c222e36d4bd5ca8e78682a2172314197","0x0fba475e92cfef19f7dbada8ec2cce4ad7bbc0d9","0x51fea7ae04a3be73521f9a68fd3ac1b04ef3bf24","553633217993079584775086"
"0xec1c0869cf3de4a60799d44f989f5fce7dd460d2cd6fe94f9a92add8411f4ed7-3","28138108","1753645639","0xec1c0869cf3de4a60799d44f989f5fce7dd460d2cd6fe94f9a92add8411f4ed7","0xddd77e91c222e36d4bd5ca8e78682a2172314197","0x0fba475e92cfef19f7dbada8ec2cce4ad7bbc0d9","0xe1ef7f5e9957a2cb1b50989cbe4ea49342e32f86","553633217993079584775086"
"0xec439e786c5e3ac77f255a5662db8a1efdf591e53296e6ae44b89bb33acea0d2-18","28343782","1753769057","0xec439e786c5e3ac77f255a5662db8a1efdf591e53296e6ae44b89bb33acea0d2","0xddd77e91c222e36d4bd5ca8e78682a2172314197","0x0fba475e92cfef19f7dbada8ec2cce4ad7bbc0d9","0x3b9394ed56e4a873c149548fbdcecfb0c5922f4b","553633217993079584775086"
"0xec49b42ee52d8a611070c100d31383d033180aece362a5f2beaa56d2d297a8a9-54","28398917","1753802265","0xec49b42ee52d8a611070c100d31383d033180aece362a5f2beaa56d2d297a8a9","0xddd77e91c222e36d4bd5ca8e78682a2172314197","0x0fba475e92cfef19f7dbada8ec2cce4ad7bbc0d9","0xc318d7e958828b4d78e24152df7f92ac19a107e9","553633217993079584775086"
"0xec8e2343df56ebe327b9bedcbf20d2ed3ba5a398de84675982df5d107679bfaa-31","28397790","1753801584","0xec8e2343df56ebe327b9bedcbf20d2ed3ba5a398de84675982df5d107679bfaa","0xddd77e91c222e36d4bd5ca8e78682a2172314197","0x0fba475e92cfef19f7dbada8ec2cce4ad7bbc0d9","0x2aac6077f049808d29d74ffec612ebbb2a52d4b9","553633217993079584775086"
"0xeca4a33c1b3b022027f1b42d1b61e61983d105f2cb868f347d277f5a5d3ccf6c-8","28362332","1753780206","0xeca4a33c1b3b022027f1b42d1b61e61983d105f2cb868f347d277f5a5d3ccf6c","0xddd77e91c222e36d4bd5ca8e78682a2172314197","0x0fba475e92cfef19f7dbada8ec2cce4ad7bbc0d9","0x217c17d7aeba49aa7d79aff30f1c9c2078f7124d","553633217993079584775086"
"0xecb77f4642ff8423198fe13c179d9844b7ee93fcc2d32deae84501f6825dd0b8-169","28394242","1753799451","0xecb77f4642ff8423198fe13c179d9844b7ee93fcc2d32deae84501f6825dd0b8","0xddd77e91c222e36d4bd5ca8e78682a2172314197","0x0fba475e92cfef19f7dbada8ec2cce4ad7bbc0d9","0x89255faac32c4e9ae2864d8be1cf86ed180fffca","553633217993079584775086"
"0xecdbe00b3d26f242cc73b790f028c088bebeb3e102f79a1adcfe6c091eb40288-31","28392493","1753798385","0xecdbe00b3d26f242cc73b790f028c088bebeb3e102f79a1adcfe6c091eb40288","0xddd77e91c222e36d4bd5ca8e78682a2172314197","0x0fba475e92cfef19f7dbada8ec2cce4ad7bbc0d9","0x0673e64cae39f69f22a360f7f0c2f66fa44a24ff","553633217993079584775086"
"0xecdcde79c28980323d8d553cf2b9d934e3faff25951273ec5081d91951537734-21","28369906","1753784778","0xecdcde79c28980323d8d553cf2b9d934e3faff25951273ec5081d91951537734","0xddd77e91c222e36d4bd5ca8e78682a2172314197","0x0fba475e92cfef19f7dbada8ec2cce4ad7bbc0d9","0xeefa7ea36c681ca8098f34b281576c9002b5ea34","553633217993079584775086"
"0xecdd58feac037414a34b688efef7571c610308e3129a1e3a53574f161a934bba-82","28130012","1753640740","0xecdd58feac037414a34b688efef7571c610308e3129a1e3a53574f161a934bba","0xddd77e91c222e36d4bd5ca8e78682a2172314197","0x0fba475e92cfef19f7dbada8ec2cce4ad7bbc0d9","0xd70c68c41b58fcf615aa610206b0eb7f9bcc8b7f","553633217993079584775086"
"0xecf706564cff4489dc4d399738c8214b5b1861b10773adc02cdf67faa71d241a-18","28375261","1753788031","0xecf706564cff4489dc4d399738c8214b5b1861b10773adc02cdf67faa71d241a","0xddd77e91c222e36d4bd5ca8e78682a2172314197","0x0fba475e92cfef19f7dbada8ec2cce4ad7bbc0d9","0x6772db11ca94741db656395cfa2f6c0f960494bd","553633217993079584775086"
"0xed021be286bc87d0c067a88c7f1b065c03afb328c8bee40612e57feb2ad80ca1-49","28347699","1753771400","0xed021be286bc87d0c067a88c7f1b065c03afb328c8bee40612e57feb2ad80ca1","0xddd77e91c222e36d4bd5ca8e78682a2172314197","0x0fba475e92cfef19f7dbada8ec2cce4ad7bbc0d9","0xe4d08e0afb494b273282705bcca2a03da23d513f","553633217993079584775086"
"0xed1add2c3d920dd2c8bb8cd1a629404c07c38a6866af66af8a1bca00c17dd5c8-796","28355597","1753776139","0xed1add2c3d920dd2c8bb8cd1a629404c07c38a6866af66af8a1bca00c17dd5c8","0xddd77e91c222e36d4bd5ca8e78682a2172314197","0x0fba475e92cfef19f7dbada8ec2cce4ad7bbc0d9","0x41dd662b9bad2f79da1bb46fcc2590fadf3e6afb","553633217993079584775086"
"0xed20f504f60183837ee28240a19ac7205c855fecb61578b1da06441272cda400-80","28342492","1753768233","0xed20f504f60183837ee28240a19ac7205c855fecb61578b1da06441272cda400","0xddd77e91c222e36d4bd5ca8e78682a2172314197","0x0fba475e92cfef19f7dbada8ec2cce4ad7bbc0d9","0x5476be9c9d2eea9b9eb22c33ea73b32ce0123f02","553633217993079584775086"
"0xed5a2d2a7a8eb6fece9c7c8fe5e91b6a61f9f08ab3c5fcd69391e71029f27c32-103","28129969","1753640709","0xed5a2d2a7a8eb6fece9c7c8fe5e91b6a61f9f08ab3c5fcd69391e71029f27c32","0xddd77e91c222e36d4bd5ca8e78682a2172314197","0x0fba475e92cfef19f7dbada8ec2cce4ad7bbc0d9","0xa1d0735970e6fe7f19f060b8b1f38052b33a9a07","553633217993079584775086"
"0xed5f927d6f41ee07bf7e429cf26db9dc73497e6400990bc88cd43b651f5feeda-4","28353006","1753774593","0xed5f927d6f41ee07bf7e429cf26db9dc73497e6400990bc88cd43b651f5feeda","0xddd77e91c222e36d4bd5ca8e78682a2172314197","0x0fba475e92cfef19f7dbada8ec2cce4ad7bbc0d9","0x6f425e87a67ac51ed961ea4629796feb13ec8e96","553633217993079584775086"
"0xed897d26db91adace749301ce2b28651e4c4cccee2aee0f9eb737269b2425f73-3","28405054","1753806010","0xed897d26db91adace749301ce2b28651e4c4cccee2aee0f9eb737269b2425f73","0xddd77e91c222e36d4bd5ca8e78682a2172314197","0x0fba475e92cfef19f7dbada8ec2cce4ad7bbc0d9","0x5e2748110a3815128638a2b5f3b6204b0647b857","553633217993079584775086"
"0xed9f59d917de8889083a63801a9e44994c8c3919aaf1018a1087ef7097b7d3bf-287","28341543","1753767681","0xed9f59d917de8889083a63801a9e44994c8c3919aaf1018a1087ef7097b7d3bf","0xddd77e91c222e36d4bd5ca8e78682a2172314197","0x0fba475e92cfef19f7dbada8ec2cce4ad7bbc0d9","0xdbdc2bf469830009c45a5779fcdbdc60c351c355","553633217993079584775086"
"0xeda63f8df767f2d21e2c02b00f7daf8dbad6b3fa26bcb8df9888ebd4c6b4e712-64","28401140","1753803640","0xeda63f8df767f2d21e2c02b00f7daf8dbad6b3fa26bcb8df9888ebd4c6b4e712","0xddd77e91c222e36d4bd5ca8e78682a2172314197","0x0fba475e92cfef19f7dbada8ec2cce4ad7bbc0d9","0xb051f745e03cdfefdf190acf74b5d2ce5569028e","553633217993079584775086"
"0xedb4d83e5ecd16771c2e45a88534b10aecf98a1e34b5642359e82a48b9a42375-20","28343666","1753768986","0xedb4d83e5ecd16771c2e45a88534b10aecf98a1e34b5642359e82a48b9a42375","0xddd77e91c222e36d4bd5ca8e78682a2172314197","0x0fba475e92cfef19f7dbada8ec2cce4ad7bbc0d9","0x60fbc829a7e312ad1a953b3dfd48c7ccc8dec015","553633217993079584775086"
"0xedba8258896267a785c9cf998eb6f1961140c678875f16bdb0e7ff1a32e1276d-119","28351693","1753773808","0xedba8258896267a785c9cf998eb6f1961140c678875f16bdb0e7ff1a32e1276d","0xddd77e91c222e36d4bd5ca8e78682a2172314197","0x0fba475e92cfef19f7dbada8ec2cce4ad7bbc0d9","0x548ef9c9dedb4922b9a6d423ddd1f7fe32bea02a","553633217993079584775086"
"0xedda43f17b7fd7b7d632c4d3aff6264cb81f2f050f7611b641afe06a159f9eb7-157","28368060","1753783675","0xedda43f17b7fd7b7d632c4d3aff6264cb81f2f050f7611b641afe06a159f9eb7","0xddd77e91c222e36d4bd5ca8e78682a2172314197","0x0fba475e92cfef19f7dbada8ec2cce4ad7bbc0d9","0x42ec13fc83bfa2a27d66bdd49f1fe010c012e645","553633217993079584775086"
"0xee10fe30197f21f8aa46414461366798bed19e8b5fe01590bbcce6a6a694deea-95","28349680","1753772592","0xee10fe30197f21f8aa46414461366798bed19e8b5fe01590bbcce6a6a694deea","0xddd77e91c222e36d4bd5ca8e78682a2172314197","0x0fba475e92cfef19f7dbada8ec2cce4ad7bbc0d9","0xc80fa6a5e1bb81c2da51fcfc04d3877c026cd17f","553633217993079584775086"
"0xee1e37ebe49174a28f0d8482b9f48a70a438c9eb57064350d4855ab5ab8fcbee-20","28357487","1753777281","0xee1e37ebe49174a28f0d8482b9f48a70a438c9eb57064350d4855ab5ab8fcbee","0xddd77e91c222e36d4bd5ca8e78682a2172314197","0x0fba475e92cfef19f7dbada8ec2cce4ad7bbc0d9","0xa821f7db48f8756f477b412ddb4fedddfdfd597e","553633217993079584775086"
"0xee3daf514c3d7b99ed36d1b13a3817b2a5a4adb08d479b04111cfb061809a544-101","28393598","1753799060","0xee3daf514c3d7b99ed36d1b13a3817b2a5a4adb08d479b04111cfb061809a544","0xddd77e91c222e36d4bd5ca8e78682a2172314197","0x0fba475e92cfef19f7dbada8ec2cce4ad7bbc0d9","0xef3db946a2fd669b7e280c2e6dac615f1cad4fe9","553633217993079584775086"
"0xee6de2b70d7b99929e804935e7237a52ce3c517e4ab5a9763cc17d8f9caf0b77-98","28351668","1753773791","0xee6de2b70d7b99929e804935e7237a52ce3c517e4ab5a9763cc17d8f9caf0b77","0xddd77e91c222e36d4bd5ca8e78682a2172314197","0x0fba475e92cfef19f7dbada8ec2cce4ad7bbc0d9","0x64025eb870ae360689193727c4ecb7d241ee0c54","553633217993079584775086"
"0xee9c4f00ff216289125536ff6caf2dc407fe2d44bb2740993fdbd1695e4e084e-529","28344722","1753769611","0xee9c4f00ff216289125536ff6caf2dc407fe2d44bb2740993fdbd1695e4e084e","0xddd77e91c222e36d4bd5ca8e78682a2172314197","0x0fba475e92cfef19f7dbada8ec2cce4ad7bbc0d9","0x388ef7e63b69ca7739d93698a98b2245c7f328d4","553633217993079584775086"
"0xeee0841edf4ef4e272787621567abda7c833edd55743cc5c10f337c5d19d2446-746","28363638","1753780993","0xeee0841edf4ef4e272787621567abda7c833edd55743cc5c10f337c5d19d2446","0xddd77e91c222e36d4bd5ca8e78682a2172314197","0x0fba475e92cfef19f7dbada8ec2cce4ad7bbc0d9","0xa9f2356198dcee79fa2231dee7c2a01b744b2fdd","553633217993079584775086"
"0xef173ccd5f800bf704af6f87f020d33b74595a91ffe3e9143769869b45d09cfe-3","28398424","1753801958","0xef173ccd5f800bf704af6f87f020d33b74595a91ffe3e9143769869b45d09cfe","0xddd77e91c222e36d4bd5ca8e78682a2172314197","0x0fba475e92cfef19f7dbada8ec2cce4ad7bbc0d9","0xeec6aae98c181182bf6c97bda4540ebda496d489","553633217993079584775086"
"0xef180ddd25924328eb5555ebd32a6eca2e75615fd693244d2e24fe00718be470-80","28334972","1753763755","0xef180ddd25924328eb5555ebd32a6eca2e75615fd693244d2e24fe00718be470","0xddd77e91c222e36d4bd5ca8e78682a2172314197","0x0fba475e92cfef19f7dbada8ec2cce4ad7bbc0d9","0x3c3a78bf3d0badd3b5f2ab43a83b26102afa046a","553633217993079584775086"
"0xef32253be2ae135b308c5d9141f36172dc200950d0bd3287a0dcde5df8e10024-136","28390641","1753797254","0xef32253be2ae135b308c5d9141f36172dc200950d0bd3287a0dcde5df8e10024","0xddd77e91c222e36d4bd5ca8e78682a2172314197","0x0fba475e92cfef19f7dbada8ec2cce4ad7bbc0d9","0x24fa5212deecada58afcd70c0f95a01b7247bb82","553633217993079584775086"
"0xef527908c317f9ed22fccbcf29bbf0d78b0836df108c0e84c976d13300a42028-98","28132888","1753642487","0xef527908c317f9ed22fccbcf29bbf0d78b0836df108c0e84c976d13300a42028","0xddd77e91c222e36d4bd5ca8e78682a2172314197","0x0fba475e92cfef19f7dbada8ec2cce4ad7bbc0d9","0x78c0d40831c5ba5666696cc30090f2697ab5b57e","553633217993079584775086"
"0xef5f220b8939de92572b6b9253242f7289b384f35484f844d220952a02051d32-94","28343535","1753768891","0xef5f220b8939de92572b6b9253242f7289b384f35484f844d220952a02051d32","0xddd77e91c222e36d4bd5ca8e78682a2172314197","0x0fba475e92cfef19f7dbada8ec2cce4ad7bbc0d9","0x6cfb82b73ad260196cdb5a897e31720c3198ec03","553633217993079584775086"
"0xef719fc2a7f671336b7fa9e85ce5ae20236fac44df3808a7f4ca1f56ef258f40-128","28358341","1753777795","0xef719fc2a7f671336b7fa9e85ce5ae20236fac44df3808a7f4ca1f56ef258f40","0xddd77e91c222e36d4bd5ca8e78682a2172314197","0x0fba475e92cfef19f7dbada8ec2cce4ad7bbc0d9","0xf1fee3eb145b08770f83833adc6d4792db74bc65","553633217993079584775086"
"0xef8e0a4a143edb916371fe1416ce4fbfbf370301b9497fd722c51930d4fe0c8b-174","28354796","1753775650","0xef8e0a4a143edb916371fe1416ce4fbfbf370301b9497fd722c51930d4fe0c8b","0xddd77e91c222e36d4bd5ca8e78682a2172314197","0x0fba475e92cfef19f7dbada8ec2cce4ad7bbc0d9","0x6f202f6bd808a411f1a19c0aabafdf0d9ac66c0d","553633217993079584775086"
"0xef95d0a2a92259c2d4a5c06e8b153c1c4fbed1da64c76db0721703789dbbf3c4-69","28332303","1753762134","0xef95d0a2a92259c2d4a5c06e8b153c1c4fbed1da64c76db0721703789dbbf3c4","0xddd77e91c222e36d4bd5ca8e78682a2172314197","0x0fba475e92cfef19f7dbada8ec2cce4ad7bbc0d9","0x7ab2cf13ce37afe73e01aa7be81b1619dcf1b9d5","553633217993079584775086"
"0xefa3156f6be7259881d7643239434ed5c4f78cbd24ec6ebbc0b99cb7c9df12f4-104","28394247","1753799453","0xefa3156f6be7259881d7643239434ed5c4f78cbd24ec6ebbc0b99cb7c9df12f4","0xddd77e91c222e36d4bd5ca8e78682a2172314197","0x0fba475e92cfef19f7dbada8ec2cce4ad7bbc0d9","0x0fb24e944ed63f87ec7846193e2791f03d686e1c","553633217993079584775086"
"0xefb4ad5cc5b977651c997a2b5079fe79fc774f5643e58fc0870703ec7c0446c2-161","28352420","1753774233","0xefb4ad5cc5b977651c997a2b5079fe79fc774f5643e58fc0870703ec7c0446c2","0xddd77e91c222e36d4bd5ca8e78682a2172314197","0x0fba475e92cfef19f7dbada8ec2cce4ad7bbc0d9","0x5d03649bcb67b40f085aca69e447d40fa55ef2b2","553633217993079584775086"
"0xefba0085e6c1fb5a381f0a6e87885a01e30a717aae4a43506f35b04b5114bc7a-124","28377286","1753789249","0xefba0085e6c1fb5a381f0a6e87885a01e30a717aae4a43506f35b04b5114bc7a","0xddd77e91c222e36d4bd5ca8e78682a2172314197","0x0fba475e92cfef19f7dbada8ec2cce4ad7bbc0d9","0xd1a4ef529b9d6682da7b6dcd8cb2cfe0a856928d","553633217993079584775086"
"0xefd9671064ff300cfa348a77f1697cf6a33e83558295ea1efcca0b9f16d1a492-134","28353189","1753774699","0xefd9671064ff300cfa348a77f1697cf6a33e83558295ea1efcca0b9f16d1a492","0xddd77e91c222e36d4bd5ca8e78682a2172314197","0x0fba475e92cfef19f7dbada8ec2cce4ad7bbc0d9","0xe9b12ccbf8d4acad3d3f902a9ecd6869ed2738d9","553633217993079584775086"
"0xefec110874fd1f4cdb7a57f9bfab895f42799c5f8a89499b163fde2bb8aacdbe-103","28365075","1753781850","0xefec110874fd1f4cdb7a57f9bfab895f42799c5f8a89499b163fde2bb8aacdbe","0xddd77e91c222e36d4bd5ca8e78682a2172314197","0x0fba475e92cfef19f7dbada8ec2cce4ad7bbc0d9","0x42392e46a5ef600d36782f69edd02d4e41d45e3d","553633217993079584775086"
"0xf01875d240156790481f6ea5c6d3a8e743e48af373b5162e89f9b722fb6ce1c0-49","28366737","1753782881","0xf01875d240156790481f6ea5c6d3a8e743e48af373b5162e89f9b722fb6ce1c0","0xddd77e91c222e36d4bd5ca8e78682a2172314197","0x0fba475e92cfef19f7dbada8ec2cce4ad7bbc0d9","0x3325d1b171f385ec7b1bab1d84f91439ca962c66","553633217993079584775086"
"0xf037aafab001c1a6d6757bed2f270624130bcce4d0a657be83a8e5180bc9326e-138","28353189","1753774699","0xf037aafab001c1a6d6757bed2f270624130bcce4d0a657be83a8e5180bc9326e","0xddd77e91c222e36d4bd5ca8e78682a2172314197","0x0fba475e92cfef19f7dbada8ec2cce4ad7bbc0d9","0xed6a29df7d9b7870e7f608cd071b01c7bccd387d","553633217993079584775086"
"0xf03989450de6f6e35f23d541812d84e5942b5e8365a652fe87e982caaf16a3cc-819","28334008","1753763141","0xf03989450de6f6e35f23d541812d84e5942b5e8365a652fe87e982caaf16a3cc","0xddd77e91c222e36d4bd5ca8e78682a2172314197","0x0fba475e92cfef19f7dbada8ec2cce4ad7bbc0d9","0x2035670a9abee7ca4b1133220a062e2108fed45c","553633217993079584775086"
"0xf05aee9cf23511c695c838d843bbea009e99a5dc63695c37edfd9066edc8cf09-96","28351326","1753773584","0xf05aee9cf23511c695c838d843bbea009e99a5dc63695c37edfd9066edc8cf09","0xddd77e91c222e36d4bd5ca8e78682a2172314197","0x0fba475e92cfef19f7dbada8ec2cce4ad7bbc0d9","0x955d0ea3b809a9fd8385ec726e33838ca000a4ac","553633217993079584775086"
"0xf0632b858c288cbaf3db95d2cd239eaced331de8eefa103857bb346ba1bd25de-70","28369905","1753784777","0xf0632b858c288cbaf3db95d2cd239eaced331de8eefa103857bb346ba1bd25de","0xddd77e91c222e36d4bd5ca8e78682a2172314197","0x0fba475e92cfef19f7dbada8ec2cce4ad7bbc0d9","0xefa7d771ba37bdc20cfb79438b59cf0e0a97c1ef","553633217993079584775086"
"0xf06840876de372635031ff50e569ef44e58bf418fdd5d4851b19230217f94289-86","28370797","1753785300","0xf06840876de372635031ff50e569ef44e58bf418fdd5d4851b19230217f94289","0xddd77e91c222e36d4bd5ca8e78682a2172314197","0x0fba475e92cfef19f7dbada8ec2cce4ad7bbc0d9","0x668a674c8808a8945663fa05f595701e1dab962d","553633217993079584775086"
"0xf06c9267d407351f19eafb7ee82f52d85b8985629c19566f3f17a51ec3605957-115","28377503","1753789380","0xf06c9267d407351f19eafb7ee82f52d85b8985629c19566f3f17a51ec3605957","0xddd77e91c222e36d4bd5ca8e78682a2172314197","0x0fba475e92cfef19f7dbada8ec2cce4ad7bbc0d9","0x4f21462dfe09b92e5da40c008e81bf38cf0fc120","553633217993079584775086"
"0xf0897383b9004c4136afce9534ec443d16b1b7a49ccf6c6ebc9254cc92aa8a73-31","28343258","1753768725","0xf0897383b9004c4136afce9534ec443d16b1b7a49ccf6c6ebc9254cc92aa8a73","0xddd77e91c222e36d4bd5ca8e78682a2172314197","0x0fba475e92cfef19f7dbada8ec2cce4ad7bbc0d9","0xe0bd8fbaf54a9d0c59372b378dc5252b660cbb4b","553633217993079584775086"
"0xf08caa68772c4dbf2404a280d214841934bcdccf3e25f5748cd6606bca978e5f-57","28349087","1753772236","0xf08caa68772c4dbf2404a280d214841934bcdccf3e25f5748cd6606bca978e5f","0xddd77e91c222e36d4bd5ca8e78682a2172314197","0x0fba475e92cfef19f7dbada8ec2cce4ad7bbc0d9","0x53d230ab3e6a627d58370b26606d469594b07091","553633217993079584775086"
"0xf09c6bbb1f2f43ed01a16cbcf6363ee23a2b6160eaaf5c436b9b5580a34a7a25-239","28372444","1753786283","0xf09c6bbb1f2f43ed01a16cbcf6363ee23a2b6160eaaf5c436b9b5580a34a7a25","0xddd77e91c222e36d4bd5ca8e78682a2172314197","0x0fba475e92cfef19f7dbada8ec2cce4ad7bbc0d9","0x22d3f6c615725899a8238a511020b097e30e8736","553633217993079584775086"
"0xf0aacfb1f0f54e1635356ca70f9a6af252f682e02d76e2beb7e143a5b846c0bd-225","28350074","1753772833","0xf0aacfb1f0f54e1635356ca70f9a6af252f682e02d76e2beb7e143a5b846c0bd","0xddd77e91c222e36d4bd5ca8e78682a2172314197","0x0fba475e92cfef19f7dbada8ec2cce4ad7bbc0d9","0x8e0601cc2afed24eca2cdf5672bbd9e89eafb01d","553633217993079584775086"
"0xf0b1bd6dbd035b01a06b234374f804b8c4c000526fbc3ad44cb2ecd8a70a5cd8-10","28362291","1753780181","0xf0b1bd6dbd035b01a06b234374f804b8c4c000526fbc3ad44cb2ecd8a70a5cd8","0xddd77e91c222e36d4bd5ca8e78682a2172314197","0x0fba475e92cfef19f7dbada8ec2cce4ad7bbc0d9","0x5b114b27e01099b38ceb782b2a113406916be454","553633217993079584775086"
"0xf0ce3ceeef5abaea3bfcbfadd3d0c0376b2d9f3b965ffb751e7ae418c929123d-217","28352333","1753774185","0xf0ce3ceeef5abaea3bfcbfadd3d0c0376b2d9f3b965ffb751e7ae418c929123d","0xddd77e91c222e36d4bd5ca8e78682a2172314197","0x0fba475e92cfef19f7dbada8ec2cce4ad7bbc0d9","0x66f00c98b0c84a9a04eb8cc164e7fe652fd2f3c2","553633217993079584775086"
"0xf0d01863f4d19639fc47f706edd1dc94c0ce79a010a9dd636358e25474adf930-175","28389554","1753796592","0xf0d01863f4d19639fc47f706edd1dc94c0ce79a010a9dd636358e25474adf930","0xddd77e91c222e36d4bd5ca8e78682a2172314197","0x0fba475e92cfef19f7dbada8ec2cce4ad7bbc0d9","0x049530b7abaa0c2f68a21bb7e8794c4f101d15d1","553633217993079584775086"
"0xf12e941228cf4927b2df96c78dc044f28d2d8a5c98f6133c080f439d09c563d5-26","28136961","1753644924","0xf12e941228cf4927b2df96c78dc044f28d2d8a5c98f6133c080f439d09c563d5","0xddd77e91c222e36d4bd5ca8e78682a2172314197","0x0fba475e92cfef19f7dbada8ec2cce4ad7bbc0d9","0x72f159f358de71e0c8433cc29c55f25823b149cd","553633217993079584775086"
"0xf19895fa63f8600ec26de38a4279dbd5afbab0b2ae222313005cc55c211d79f0-81","28396090","1753800554","0xf19895fa63f8600ec26de38a4279dbd5afbab0b2ae222313005cc55c211d79f0","0xddd77e91c222e36d4bd5ca8e78682a2172314197","0x0fba475e92cfef19f7dbada8ec2cce4ad7bbc0d9","0x3fcfb7cbd600b3901835d00464b1bd3c74c8c277","553633217993079584775086"
"0xf1a55ad00d6c1a2e0b40bbf8c075a991149052b40ff0923bb2569a771025e206-72","28344876","1753769704","0xf1a55ad00d6c1a2e0b40bbf8c075a991149052b40ff0923bb2569a771025e206","0xddd77e91c222e36d4bd5ca8e78682a2172314197","0x0fba475e92cfef19f7dbada8ec2cce4ad7bbc0d9","0x0751b5850fae64418e714d8a68961f5c34c05e9e","553633217993079584775086"
"0xf1eaec42128a527ba77550f2484661c19ca3b469623372d6a2af8d9892667a57-109","28350864","1753773307","0xf1eaec42128a527ba77550f2484661c19ca3b469623372d6a2af8d9892667a57","0xddd77e91c222e36d4bd5ca8e78682a2172314197","0x0fba475e92cfef19f7dbada8ec2cce4ad7bbc0d9","0x829233a644049281b5d3139512e65483526bc85d","553633217993079584775086"
"0xf1ec3bab4cee8b3153a599a403aabd8788b65d7f8419bbb9256b1c8da8b33f69-194","28364533","1753781539","0xf1ec3bab4cee8b3153a599a403aabd8788b65d7f8419bbb9256b1c8da8b33f69","0xddd77e91c222e36d4bd5ca8e78682a2172314197","0x0fba475e92cfef19f7dbada8ec2cce4ad7bbc0d9","0x9bf6d016687709f282a3909487118c42cabf9744","553633217993079584775086"
"0xf24b11c3274b3452076c3d951a970852ad19ff4f306c9058b5d9455abe646695-647","28354769","1753775635","0xf24b11c3274b3452076c3d951a970852ad19ff4f306c9058b5d9455abe646695","0xddd77e91c222e36d4bd5ca8e78682a2172314197","0x0fba475e92cfef19f7dbada8ec2cce4ad7bbc0d9","0xb61866c6d7e2303f21a0e2cfd8f5cfffd60cc861","553633217993079584775086"
"0xf258899d2a146afed5d70391c628a4997377f36ef92e185faee6807ce957522f-705","28338841","1753766065","0xf258899d2a146afed5d70391c628a4997377f36ef92e185faee6807ce957522f","0xddd77e91c222e36d4bd5ca8e78682a2172314197","0x0fba475e92cfef19f7dbada8ec2cce4ad7bbc0d9","0x28594bdf00e330aac67142d7753b2444f474651b","553633217993079584775086"
"0xf260619705c359674109912ecd21af4c902dd7d80641df18678065e2e97a7800-98","28355201","1753775897","0xf260619705c359674109912ecd21af4c902dd7d80641df18678065e2e97a7800","0xddd77e91c222e36d4bd5ca8e78682a2172314197","0x0fba475e92cfef19f7dbada8ec2cce4ad7bbc0d9","0xa51593f3e4584425590b49282bed40ccfe03d9a9","553633217993079584775086"
"0xf263110996e54676a47d21f6486bfacb7552223cc25bcefaf4a5374af24461d9-141","28333293","1753762717","0xf263110996e54676a47d21f6486bfacb7552223cc25bcefaf4a5374af24461d9","0xddd77e91c222e36d4bd5ca8e78682a2172314197","0x0fba475e92cfef19f7dbada8ec2cce4ad7bbc0d9","0xeb0a0e981202428600c013897c7571c64107e92d","553633217993079584775086"
"0xf28d91cf67193e62661855a278ff9e4668277dd8755e4e62812e75407c6d036c-63","28351470","1753773672","0xf28d91cf67193e62661855a278ff9e4668277dd8755e4e62812e75407c6d036c","0xddd77e91c222e36d4bd5ca8e78682a2172314197","0x0fba475e92cfef19f7dbada8ec2cce4ad7bbc0d9","0x7fbc5393c041574662b0c560671e64a4030937ff","553633217993079584775086"
"0xf28fb906936b4c9782accc858180b2d2165d8447e86bd92ea33f2b876cfba4ec-50","28384748","1753793767","0xf28fb906936b4c9782accc858180b2d2165d8447e86bd92ea33f2b876cfba4ec","0xddd77e91c222e36d4bd5ca8e78682a2172314197","0x0fba475e92cfef19f7dbada8ec2cce4ad7bbc0d9","0x2acebbdc9c0a1c729754ece232b1514d40e907cc","553633217993079584775086"
"0xf29a1d115d6a5060e201e8b3d9d7dfcdc39d31a6922789ea0da33a60047f4c94-24","28351530","1753773706","0xf29a1d115d6a5060e201e8b3d9d7dfcdc39d31a6922789ea0da33a60047f4c94","0xddd77e91c222e36d4bd5ca8e78682a2172314197","0x0fba475e92cfef19f7dbada8ec2cce4ad7bbc0d9","0xff4870874b7296ed2b2efa36fd6c9b26c3b1f04a","553633217993079584775086"
"0xf2dee0a74c99bdfdb3760863f15fd19fd1d1f466ac734601dd3b482760015645-82","28358665","1753777992","0xf2dee0a74c99bdfdb3760863f15fd19fd1d1f466ac734601dd3b482760015645","0xddd77e91c222e36d4bd5ca8e78682a2172314197","0x0fba475e92cfef19f7dbada8ec2cce4ad7bbc0d9","0x2a17ad17a0437d40ba383dde475df966167ce77f","553633217993079584775086"
"0xf2f7fdb0ffb434e539a114f00f274f2234f5d49df01b6e14bb4b7ff37b4d4cbc-112","28354844","1753775679","0xf2f7fdb0ffb434e539a114f00f274f2234f5d49df01b6e14bb4b7ff37b4d4cbc","0xddd77e91c222e36d4bd5ca8e78682a2172314197","0x0fba475e92cfef19f7dbada8ec2cce4ad7bbc0d9","0x6b1866b2ad5667e039f07195a783debf1c75f50e","553633217993079584775086"
"0xf31316133c300344cad5e83186122f42e88a1e670142096865827f1b7a853e9e-139","28339657","1753766579","0xf31316133c300344cad5e83186122f42e88a1e670142096865827f1b7a853e9e","0xddd77e91c222e36d4bd5ca8e78682a2172314197","0x0fba475e92cfef19f7dbada8ec2cce4ad7bbc0d9","0x8673b36cd43b52170c07041d13e6528f98b37c4a","553633217993079584775086"
"0xf31969684d9503196aa3cd9585a1237e7e647e9bdb6fd164b08e3001c4f490fb-72","28359551","1753778542","0xf31969684d9503196aa3cd9585a1237e7e647e9bdb6fd164b08e3001c4f490fb","0xddd77e91c222e36d4bd5ca8e78682a2172314197","0x0fba475e92cfef19f7dbada8ec2cce4ad7bbc0d9","0x5667f528f7e5af07370a4e3845c8e6880603bc50","553633217993079584775086"
"0xf3247a02cb78759a0026eddbf960d9d1de615a5c63c0d8b7db849b4c51bf334a-23","28344077","1753769229","0xf3247a02cb78759a0026eddbf960d9d1de615a5c63c0d8b7db849b4c51bf334a","0xddd77e91c222e36d4bd5ca8e78682a2172314197","0x0fba475e92cfef19f7dbada8ec2cce4ad7bbc0d9","0xfd90ece130319df169131ae4b89e04b3f7f239a3","553633217993079584775086"
"0xf355528925c2d9ee79bdad80eecd5604f20adcb98dd0961f542c69ed83c596c6-40","28372319","1753786207","0xf355528925c2d9ee79bdad80eecd5604f20adcb98dd0961f542c69ed83c596c6","0xddd77e91c222e36d4bd5ca8e78682a2172314197","0x0fba475e92cfef19f7dbada8ec2cce4ad7bbc0d9","0x4223a768aa23f9b124d351a2b146784078b132ed","553633217993079584775086"
"0xf36290b6573e3569e694a9222fc0b04d7e33b7688833bdac2618390481dd0ac5-852","28359494","1753778513","0xf36290b6573e3569e694a9222fc0b04d7e33b7688833bdac2618390481dd0ac5","0xddd77e91c222e36d4bd5ca8e78682a2172314197","0x0fba475e92cfef19f7dbada8ec2cce4ad7bbc0d9","0xfd8dbe32c1402fc5a25c2bd83208b3613b014619","553633217993079584775086"
"0xf36683f82482cf0687bf423c5bf0462e9ec5d9326de4211cc3c0283d9d89a423-7","28371855","1753785939","0xf36683f82482cf0687bf423c5bf0462e9ec5d9326de4211cc3c0283d9d89a423","0xddd77e91c222e36d4bd5ca8e78682a2172314197","0x0fba475e92cfef19f7dbada8ec2cce4ad7bbc0d9","0xa4d2e794f24f7c092c4cf594998dd306047aff44","553633217993079584775086"
"0xf3677d90f6cbe501bc4946a882fa0c55ed50f65e171d07e6968c1b97040007e4-110","28341765","1753767808","0xf3677d90f6cbe501bc4946a882fa0c55ed50f65e171d07e6968c1b97040007e4","0xddd77e91c222e36d4bd5ca8e78682a2172314197","0x0fba475e92cfef19f7dbada8ec2cce4ad7bbc0d9","0xc5c7559e4c812fe1406c8b4b66257fbb90c0f8aa","553633217993079584775086"
"0xf36f89cb180a7723de7d0201eb3ab751dce23756e654250af4bc4c832d0212de-39","28398626","1753802085","0xf36f89cb180a7723de7d0201eb3ab751dce23756e654250af4bc4c832d0212de","0xddd77e91c222e36d4bd5ca8e78682a2172314197","0x0fba475e92cfef19f7dbada8ec2cce4ad7bbc0d9","0x2593a94599ae713159eb0b2472a2e8c8e69bc456","553633217993079584775086"
"0xf378203154e56a3e2e74d23db9c9209959bfb010150b138ba1afd588c2b0907f-8","28371493","1753785715","0xf378203154e56a3e2e74d23db9c9209959bfb010150b138ba1afd588c2b0907f","0xddd77e91c222e36d4bd5ca8e78682a2172314197","0x0fba475e92cfef19f7dbada8ec2cce4ad7bbc0d9","0x9c5867bc7c1150478e65b1fb8ff5a342f2ad72ef","553633217993079584775086"
"0xf39faa69788d917313ef267af336348290d0dc50ab43bd787ec4ca1f64ca49da-145","28401305","1753803742","0xf39faa69788d917313ef267af336348290d0dc50ab43bd787ec4ca1f64ca49da","0xddd77e91c222e36d4bd5ca8e78682a2172314197","0x0fba475e92cfef19f7dbada8ec2cce4ad7bbc0d9","0xf3fcae941015f47d955fdcb7091a5d767e00cb63","553633217993079584775086"
"0xf3ac03116155dde919909e01da93f37c638e4df7228be800333d4d8c4b491c08-143","28339276","1753766357","0xf3ac03116155dde919909e01da93f37c638e4df7228be800333d4d8c4b491c08","0xddd77e91c222e36d4bd5ca8e78682a2172314197","0x0fba475e92cfef19f7dbada8ec2cce4ad7bbc0d9","0xeb45725f817b8ed79fc83bc2bd1a26ef08489024","553633217993079584775086"
"0xf3b5552f49df073ae4f6af5d12dbd776fbddeb6cb516f7aac306fabf717cb3d9-707","28391917","1753798054","0xf3b5552f49df073ae4f6af5d12dbd776fbddeb6cb516f7aac306fabf717cb3d9","0xddd77e91c222e36d4bd5ca8e78682a2172314197","0x0fba475e92cfef19f7dbada8ec2cce4ad7bbc0d9","0x6493a07de15f6cc9c8ee5c966e2819e57b37f28c","553633217993079584775086"
"0xf3b70c09c9c467b8a0198572e104973f3f11890b98749d34d4129c78f310dfc4-19","28386871","1753794985","0xf3b70c09c9c467b8a0198572e104973f3f11890b98749d34d4129c78f310dfc4","0xddd77e91c222e36d4bd5ca8e78682a2172314197","0x0fba475e92cfef19f7dbada8ec2cce4ad7bbc0d9","0x0a08a0785ce71e68faf2e4c5f90bd0e9533680de","553633217993079584775086"
"0xf3bbe05eb76d0373454a944849ffd97160b863a744a8ba1963f856cc0685d504-147","28395979","1753800496","0xf3bbe05eb76d0373454a944849ffd97160b863a744a8ba1963f856cc0685d504","0xddd77e91c222e36d4bd5ca8e78682a2172314197","0x0fba475e92cfef19f7dbada8ec2cce4ad7bbc0d9","0xf580c61c904b27ca4fbc484ae4554357e320c758","553633217993079584775086"
"0xf3c52f103ea8aaae7b35bef80b22bc621134755d041c3daad7f5fe24979d90ed-111","28130409","1753640979","0xf3c52f103ea8aaae7b35bef80b22bc621134755d041c3daad7f5fe24979d90ed","0xddd77e91c222e36d4bd5ca8e78682a2172314197","0x0fba475e92cfef19f7dbada8ec2cce4ad7bbc0d9","0x5bda48e321f8190a75266141ab78a6dd42dd35b0","553633217993079584775086"
"0xf3c69dfd6eb6b8c132def2dbbbad9a1d1f37c3b12346abfe1d72d7d7996fb7e5-68","28342695","1753768365","0xf3c69dfd6eb6b8c132def2dbbbad9a1d1f37c3b12346abfe1d72d7d7996fb7e5","0xddd77e91c222e36d4bd5ca8e78682a2172314197","0x0fba475e92cfef19f7dbada8ec2cce4ad7bbc0d9","0x64c4491db00c833c60cfbbedba153621589f9f4c","553633217993079584775086"
"0xf3ddd0e55e4716f8910e0acf91a6e91ef56c4afa194487df63f30b6c20dbb2ef-3","28137079","1753645002","0xf3ddd0e55e4716f8910e0acf91a6e91ef56c4afa194487df63f30b6c20dbb2ef","0xddd77e91c222e36d4bd5ca8e78682a2172314197","0x0fba475e92cfef19f7dbada8ec2cce4ad7bbc0d9","0x95880e64f905494aec81da5a2874183d97605951","553633217993079584775086"
"0xf4146e59a9780ece4e5f33afc9daec4d1e25c9cfef3ed2417e28cbbfd28da8ca-138","28349623","1753772555","0xf4146e59a9780ece4e5f33afc9daec4d1e25c9cfef3ed2417e28cbbfd28da8ca","0xddd77e91c222e36d4bd5ca8e78682a2172314197","0x0fba475e92cfef19f7dbada8ec2cce4ad7bbc0d9","0xe35a4ee8b711530284ec5d60bd6288585f346bf1","553633217993079584775086"
"0xf4629e576b8d53637b2498a9116c1d3bd3105f854022cf91dfad92c69b1af94e-58","28360170","1753778910","0xf4629e576b8d53637b2498a9116c1d3bd3105f854022cf91dfad92c69b1af94e","0xddd77e91c222e36d4bd5ca8e78682a2172314197","0x0fba475e92cfef19f7dbada8ec2cce4ad7bbc0d9","0x8e67c63e0bd9ed0d4349b31654be65e202e905ed","553633217993079584775086"
"0xf466bb3a57897b2c633ee4b3d21e430b3cdb0b6edc50f16d6d70f076fdaddcfe-3","28369949","1753784802","0xf466bb3a57897b2c633ee4b3d21e430b3cdb0b6edc50f16d6d70f076fdaddcfe","0xddd77e91c222e36d4bd5ca8e78682a2172314197","0x0fba475e92cfef19f7dbada8ec2cce4ad7bbc0d9","0x4d1de28770a1ec0d6965e364f16404ab3387b975","553633217993079584775086"
"0xf46edb1deb70396fdccff1cb24ab753e10b302260498c6e078c0cd778ac5d36d-64","28352050","1753774008","0xf46edb1deb70396fdccff1cb24ab753e10b302260498c6e078c0cd778ac5d36d","0xddd77e91c222e36d4bd5ca8e78682a2172314197","0x0fba475e92cfef19f7dbada8ec2cce4ad7bbc0d9","0xab939ff21e251473ec2d5c4f5452815579e60411","553633217993079584775086"
"0xf475ac628d0ab0c7997640c226222f10b2834e63cc36efb4eaa31a5322991c18-9","28362257","1753780161","0xf475ac628d0ab0c7997640c226222f10b2834e63cc36efb4eaa31a5322991c18","0xddd77e91c222e36d4bd5ca8e78682a2172314197","0x0fba475e92cfef19f7dbada8ec2cce4ad7bbc0d9","0x7bb762839ae46ee020c724ea66b0728f4e22c8bf","553633217993079584775086"
"0xf48ce2b716f9d0115329fd241d0ed73cfd07106ff796e67cde0dc3930068887a-114","28336622","1753764750","0xf48ce2b716f9d0115329fd241d0ed73cfd07106ff796e67cde0dc3930068887a","0xddd77e91c222e36d4bd5ca8e78682a2172314197","0x0fba475e92cfef19f7dbada8ec2cce4ad7bbc0d9","0x672da68a15ef7fcdbe20f231dbddbaa0f1f28b1c","553633217993079584775086"
"0xf490bdb87a5fa55b9c32c598b21839f2e820af8d6581920d6cd21bea2f1c3fb0-150","28368431","1753783895","0xf490bdb87a5fa55b9c32c598b21839f2e820af8d6581920d6cd21bea2f1c3fb0","0xddd77e91c222e36d4bd5ca8e78682a2172314197","0x0fba475e92cfef19f7dbada8ec2cce4ad7bbc0d9","0x6993506a77d5fcd9fbf721518ca806c3bfa16685","553633217993079584775086"
"0xf4aa03a8e6e59e6a3b5b3430df5af879a5f104166228254068fc00b6a4f12770-13","28374191","1753787362","0xf4aa03a8e6e59e6a3b5b3430df5af879a5f104166228254068fc00b6a4f12770","0xddd77e91c222e36d4bd5ca8e78682a2172314197","0x0fba475e92cfef19f7dbada8ec2cce4ad7bbc0d9","0x99a92f423e25cb7830bc98a7878b9159405c7f8c","553633217993079584775086"
"0xf4afa5573309f3a43d4347f15cc0ac33889a5211a3d1ff699ca32268b13a014c-100","28400899","1753803500","0xf4afa5573309f3a43d4347f15cc0ac33889a5211a3d1ff699ca32268b13a014c","0xddd77e91c222e36d4bd5ca8e78682a2172314197","0x0fba475e92cfef19f7dbada8ec2cce4ad7bbc0d9","0x0d69307d7d637e2f7196de74be4bdec0a1c25427","553633217993079584775086"
"0xf5126458214ab64473c39888882766570841f1bfe3f788c5471262fb948812e8-33","28330456","1753761021","0xf5126458214ab64473c39888882766570841f1bfe3f788c5471262fb948812e8","0xddd77e91c222e36d4bd5ca8e78682a2172314197","0x0fba475e92cfef19f7dbada8ec2cce4ad7bbc0d9","0x2cd330587443b589daeec562c323bcaca546de87","553633217993079584775086"
"0xf52f7cb8b6ac787da148cf48ccd32b194d9e2b60ccae7eb4e275f5afce0bebc0-233","28371845","1753785932","0xf52f7cb8b6ac787da148cf48ccd32b194d9e2b60ccae7eb4e275f5afce0bebc0","0xddd77e91c222e36d4bd5ca8e78682a2172314197","0x0fba475e92cfef19f7dbada8ec2cce4ad7bbc0d9","0xdf0b7c9b9ced89821d9d5514bbf8602e71ab61e9","553633217993079584775086"
"0xf53105fa24df237cb9841011bfc59dbabfc751bbc1d65a6c7a796d95e4642675-3","28343002","1753768548","0xf53105fa24df237cb9841011bfc59dbabfc751bbc1d65a6c7a796d95e4642675","0xddd77e91c222e36d4bd5ca8e78682a2172314197","0x0fba475e92cfef19f7dbada8ec2cce4ad7bbc0d9","0xb1691b45ccbc0e19fcbe7d6a9045ac4bae7f82eb","553633217993079584775086"
"0xf54ad1cc9111e34834d20a1beb8e13b266020d42ac18bb34bf2244325925ad8b-245","28369980","1753784822","0xf54ad1cc9111e34834d20a1beb8e13b266020d42ac18bb34bf2244325925ad8b","0xddd77e91c222e36d4bd5ca8e78682a2172314197","0x0fba475e92cfef19f7dbada8ec2cce4ad7bbc0d9","0x9c66ab08cc1fd9237f54d8dc751038ceab9c4cfd","553633217993079584775086"
"0xf55124e1f060a29d7b6ed8423ce4dff2ad29885eb25ed10f90128acd819fd50c-107","28368041","1753783659","0xf55124e1f060a29d7b6ed8423ce4dff2ad29885eb25ed10f90128acd819fd50c","0xddd77e91c222e36d4bd5ca8e78682a2172314197","0x0fba475e92cfef19f7dbada8ec2cce4ad7bbc0d9","0x133a80a7f94ab1792ae41e41ebf3d8b164458e8d","553633217993079584775086"
"0xf56871d003d22fb93eee5862bf064f2b78d2bc8921c99aae60a5a699caf49449-254","28353938","1753775133","0xf56871d003d22fb93eee5862bf064f2b78d2bc8921c99aae60a5a699caf49449","0xddd77e91c222e36d4bd5ca8e78682a2172314197","0x0fba475e92cfef19f7dbada8ec2cce4ad7bbc0d9","0x3018a6309a6111123084b48a5745218d852d762f","553633217993079584775086"
"0xf56b5040e4312e814d021f4a4938ed048a01bec0dc8685f3a42ec94fe137668f-11","28344975","1753769772","0xf56b5040e4312e814d021f4a4938ed048a01bec0dc8685f3a42ec94fe137668f","0xddd77e91c222e36d4bd5ca8e78682a2172314197","0x0fba475e92cfef19f7dbada8ec2cce4ad7bbc0d9","0xcee54e0873068ad72dd740ae808d048353fcea33","553633217993079584775086"
"0xf57c2932567b3d12215990002eb6d361b19fd491545a1c2b82acc1bad1ac90dd-80","28368445","1753783902","0xf57c2932567b3d12215990002eb6d361b19fd491545a1c2b82acc1bad1ac90dd","0xddd77e91c222e36d4bd5ca8e78682a2172314197","0x0fba475e92cfef19f7dbada8ec2cce4ad7bbc0d9","0x5ad9a2aa1286e615c95cc4be8e3845052ac4b844","553633217993079584775086"
"0xf59015b2aaa816ab7e6c4a55514787fff87217e12024f4c8f0c43040849e0545-33","28393520","1753799012","0xf59015b2aaa816ab7e6c4a55514787fff87217e12024f4c8f0c43040849e0545","0xddd77e91c222e36d4bd5ca8e78682a2172314197","0x0fba475e92cfef19f7dbada8ec2cce4ad7bbc0d9","0xb3f81ed2eb2f8c810f6e79047b1ca7da609cc570","553633217993079584775086"
"0xf5ca4d73118449b53f27d24b162c48b3c4f37ee62a2bc0c75268c9b54fbaec4b-547","28350510","1753773092","0xf5ca4d73118449b53f27d24b162c48b3c4f37ee62a2bc0c75268c9b54fbaec4b","0xddd77e91c222e36d4bd5ca8e78682a2172314197","0x0fba475e92cfef19f7dbada8ec2cce4ad7bbc0d9","0x8991fb72af79bc853ab58dab690579deae5fd22d","553633217993079584775086"
"0xf5ccd49c7f6d37def18b768273275284399426dd0c561c0682fda16586beea53-782","28366645","1753782823","0xf5ccd49c7f6d37def18b768273275284399426dd0c561c0682fda16586beea53","0xddd77e91c222e36d4bd5ca8e78682a2172314197","0x0fba475e92cfef19f7dbada8ec2cce4ad7bbc0d9","0x2eaf07b7eec52076535d301fd889afd6fa92e45b","553633217993079584775086"
"0xf5d1564c2ca06787b1991b9d4621cf14bbadff79d9b61590f3bdb3440f5c130e-93","28340865","1753767277","0xf5d1564c2ca06787b1991b9d4621cf14bbadff79d9b61590f3bdb3440f5c130e","0xddd77e91c222e36d4bd5ca8e78682a2172314197","0x0fba475e92cfef19f7dbada8ec2cce4ad7bbc0d9","0x9e746e697544e4c922bc651b34bcf730c289f1b2","553633217993079584775086"
"0xf61435dbb8836df9e332d5cf26231c97ad510fbf596e6452d4563501b790f226-55","28364972","1753781786","0xf61435dbb8836df9e332d5cf26231c97ad510fbf596e6452d4563501b790f226","0xddd77e91c222e36d4bd5ca8e78682a2172314197","0x0fba475e92cfef19f7dbada8ec2cce4ad7bbc0d9","0x298378cec837ed7cfe489d40acc4651fde1e465f","553633217993079584775086"
"0xf61c51ee26beb6093e5fb9a698cb49ea3951028a1dc255ec27ab89acb47821b9-3","28130241","1753640884","0xf61c51ee26beb6093e5fb9a698cb49ea3951028a1dc255ec27ab89acb47821b9","0xddd77e91c222e36d4bd5ca8e78682a2172314197","0x0fba475e92cfef19f7dbada8ec2cce4ad7bbc0d9","0xd0531dafd0b5e484a27ca9ae357b3b27a3c58625","553633217993079584775086"
"0xf622ddd2ad64b041ab2fef7e7136c65092877b4b4091d570c3a37ca334d6c2bd-47","28129867","1753640648","0xf622ddd2ad64b041ab2fef7e7136c65092877b4b4091d570c3a37ca334d6c2bd","0xddd77e91c222e36d4bd5ca8e78682a2172314197","0x0fba475e92cfef19f7dbada8ec2cce4ad7bbc0d9","0x0e25dff76ab5e0cadb69eef99b600bac12d725cf","553633217993079584775086"
"0xf624f7fc26791564a9d81bc96609af81416da7b16fcb1ecf56d922fcf92a5831-90","28374341","1753787451","0xf624f7fc26791564a9d81bc96609af81416da7b16fcb1ecf56d922fcf92a5831","0xddd77e91c222e36d4bd5ca8e78682a2172314197","0x0fba475e92cfef19f7dbada8ec2cce4ad7bbc0d9","0x759137a1f2b6aee2149c55260fbd993587ec7e3c","553633217993079584775086"
"0xf62a626e9d087637db9893b03bbada122b183e0fab1546411f11ad2ffe4f4df3-180","28332030","1753761968","0xf62a626e9d087637db9893b03bbada122b183e0fab1546411f11ad2ffe4f4df3","0xddd77e91c222e36d4bd5ca8e78682a2172314197","0x0fba475e92cfef19f7dbada8ec2cce4ad7bbc0d9","0xac7e496cab7166be2a60d36e06b029608800f3e5","553633217993079584775086"
"0xf634d00c56763d112619aebb9cb4b1d5537c307899be812ee769b82ed2c9fde2-63","28356908","1753776921","0xf634d00c56763d112619aebb9cb4b1d5537c307899be812ee769b82ed2c9fde2","0xddd77e91c222e36d4bd5ca8e78682a2172314197","0x0fba475e92cfef19f7dbada8ec2cce4ad7bbc0d9","0x27574bd359202febffb0520dbf0c584d234820fa","553633217993079584775086"
"0xf669f98fce5ad89c369f44965105d8ba3fca4d0aa8ad14dd1efeb154fabfa62d-44","28338392","1753765788","0xf669f98fce5ad89c369f44965105d8ba3fca4d0aa8ad14dd1efeb154fabfa62d","0xddd77e91c222e36d4bd5ca8e78682a2172314197","0x0fba475e92cfef19f7dbada8ec2cce4ad7bbc0d9","0xce5a049726bf8c615467bd9c956b6d39d04ae2a9","553633217993079584775086"
"0xf675d114813c9fe3890ad880b5de28c9958d588e3fe9edd7f0ad5482d4b4e26b-77","28351588","1753773742","0xf675d114813c9fe3890ad880b5de28c9958d588e3fe9edd7f0ad5482d4b4e26b","0xddd77e91c222e36d4bd5ca8e78682a2172314197","0x0fba475e92cfef19f7dbada8ec2cce4ad7bbc0d9","0x4ae961a7191f9eee6d41901dc3f6cc1e0204742d","553633217993079584775086"
"0xf67b90e2efd439475d2f801cc0a8e407b45f8711afa1893333d5ce853daad808-81","28370510","1753785131","0xf67b90e2efd439475d2f801cc0a8e407b45f8711afa1893333d5ce853daad808","0xddd77e91c222e36d4bd5ca8e78682a2172314197","0x0fba475e92cfef19f7dbada8ec2cce4ad7bbc0d9","0xeade3d64450bbc7025cd5b9e79f67753fefbade1","553633217993079584775086"
"0xf6d82fe7289e43549f8e7093be181a7b635c9b6d141556fc0f44e1cff43aeb40-203","28343407","1753768811","0xf6d82fe7289e43549f8e7093be181a7b635c9b6d141556fc0f44e1cff43aeb40","0xddd77e91c222e36d4bd5ca8e78682a2172314197","0x0fba475e92cfef19f7dbada8ec2cce4ad7bbc0d9","0xc379deb00b899ee86c4a9d60109fa87cb1dd738e","553633217993079584775086"
"0xf7050d192cf3751d7af29b710f0205f2de695bb2390bad646032d050e7ed9340-22","28364429","1753781478","0xf7050d192cf3751d7af29b710f0205f2de695bb2390bad646032d050e7ed9340","0xddd77e91c222e36d4bd5ca8e78682a2172314197","0x0fba475e92cfef19f7dbada8ec2cce4ad7bbc0d9","0xe24bc357251c1ff543804060384fb1afd1e4c126","553633217993079584775086"
"0xf7073b3bcc7d89b98ebbcc58956602eeb502437b045b18b55035d1bcd9948c6c-151","28334080","1753763189","0xf7073b3bcc7d89b98ebbcc58956602eeb502437b045b18b55035d1bcd9948c6c","0xddd77e91c222e36d4bd5ca8e78682a2172314197","0x0fba475e92cfef19f7dbada8ec2cce4ad7bbc0d9","0xe8750a5b84ef31886c45685400bdca13e867e66d","553633217993079584775086"
"0xf70eb18a00bcfaecdef6b93bf1426e05d807c173a8f9e748d097a72489f7c545-144","28358250","1753777736","0xf70eb18a00bcfaecdef6b93bf1426e05d807c173a8f9e748d097a72489f7c545","0xddd77e91c222e36d4bd5ca8e78682a2172314197","0x0fba475e92cfef19f7dbada8ec2cce4ad7bbc0d9","0xc7ebff74a9832b766d63bde3c95361d9ca0a31c5","553633217993079584775086"
"0xf7366d29110d841be6b6c197a4fceaf2de875dfa6343934276675d3f92b99339-41","28371417","1753785664","0xf7366d29110d841be6b6c197a4fceaf2de875dfa6343934276675d3f92b99339","0xddd77e91c222e36d4bd5ca8e78682a2172314197","0x0fba475e92cfef19f7dbada8ec2cce4ad7bbc0d9","0x03e59b2e231c931fd1aae01dd82f5ede47eafb17","553633217993079584775086"
"0xf75b0c4918c1358261569b1cd5168e384945cf2635094c2fbd5d40610abff595-118","28338196","1753765670","0xf75b0c4918c1358261569b1cd5168e384945cf2635094c2fbd5d40610abff595","0xddd77e91c222e36d4bd5ca8e78682a2172314197","0x0fba475e92cfef19f7dbada8ec2cce4ad7bbc0d9","0x0b56c37483c213ca6f73720fbcdccc215e562c4f","553633217993079584775086"
"0xf77175052336a732427b1e8f94ff4a57ff40b0fef5ab16ce7cd1bee8852c23ff-59","28371681","1753785827","0xf77175052336a732427b1e8f94ff4a57ff40b0fef5ab16ce7cd1bee8852c23ff","0xddd77e91c222e36d4bd5ca8e78682a2172314197","0x0fba475e92cfef19f7dbada8ec2cce4ad7bbc0d9","0x54b0be6202a57f2a9e3e767644089d29ec09eef5","553633217993079584775086"
"0xf77e6f784e0e30bc409723227bad9d96e1a731a4c530ea1d719d7127ef80a619-309","28331177","1753761474","0xf77e6f784e0e30bc409723227bad9d96e1a731a4c530ea1d719d7127ef80a619","0xddd77e91c222e36d4bd5ca8e78682a2172314197","0x0fba475e92cfef19f7dbada8ec2cce4ad7bbc0d9","0x2b05642bdecbfb36f419f9d1ac070e83baeded78","553633217993079584775086"
"0xf7817f6694ae7c32904add61f06123443f343ec5f84dbe6fbe4d9bfa065a8ff5-293","28400800","1753803446","0xf7817f6694ae7c32904add61f06123443f343ec5f84dbe6fbe4d9bfa065a8ff5","0xddd77e91c222e36d4bd5ca8e78682a2172314197","0x0fba475e92cfef19f7dbada8ec2cce4ad7bbc0d9","0xbbac316c235f288506b53b22e24c958528f951b9","553633217993079584775086"
"0xf78b3d782f802b3db868730f7881452d41a320e5c2ccd543a9f52aa71c0048e4-36","28362786","1753780485","0xf78b3d782f802b3db868730f7881452d41a320e5c2ccd543a9f52aa71c0048e4","0xddd77e91c222e36d4bd5ca8e78682a2172314197","0x0fba475e92cfef19f7dbada8ec2cce4ad7bbc0d9","0x96e01ad74077abe733532cbd9a18f4d8ba8d67d9","553633217993079584775086"
"0xf78b9140640a623407025603f1380d91637ecf5551920565f0b5709deee01e6a-14","28339772","1753766641","0xf78b9140640a623407025603f1380d91637ecf5551920565f0b5709deee01e6a","0xddd77e91c222e36d4bd5ca8e78682a2172314197","0x0fba475e92cfef19f7dbada8ec2cce4ad7bbc0d9","0xea28005a23da5c657593d86b8c378b2a72ea466b","553633217993079584775086"
"0xf79026f048349c2a4dad4117f865dafa7d3dc599609b4f2175823ce2ea8bc08b-50","28350324","1753772982","0xf79026f048349c2a4dad4117f865dafa7d3dc599609b4f2175823ce2ea8bc08b","0xddd77e91c222e36d4bd5ca8e78682a2172314197","0x0fba475e92cfef19f7dbada8ec2cce4ad7bbc0d9","0x077aec9122a0939563454a9d103031a32b710363","553633217993079584775086"
"0xf7a3f2402dcd27e8c99c6162a6e9527bbc0e81037e66fcf04dc639114c00eb6c-132","28367106","1753783100","0xf7a3f2402dcd27e8c99c6162a6e9527bbc0e81037e66fcf04dc639114c00eb6c","0xddd77e91c222e36d4bd5ca8e78682a2172314197","0x0fba475e92cfef19f7dbada8ec2cce4ad7bbc0d9","0xe20ab648e47eca044ccf360c22a5ea2afda74164","553633217993079584775086"
"0xf7a82853eb1c141f7621f0eabf1b6a15ad6e623d66ac60069d387ba5b9f65973-4","28361429","1753779659","0xf7a82853eb1c141f7621f0eabf1b6a15ad6e623d66ac60069d387ba5b9f65973","0xddd77e91c222e36d4bd5ca8e78682a2172314197","0x0fba475e92cfef19f7dbada8ec2cce4ad7bbc0d9","0xef1c34344abfa02c246798c223a117da99c09fc6","553633217993079584775086"
"0xf7de28359f7d44bfc3e74f3a8c4bce70b2dc31681bbd57ee78a0843f1a8bbb3d-36","28394842","1753799810","0xf7de28359f7d44bfc3e74f3a8c4bce70b2dc31681bbd57ee78a0843f1a8bbb3d","0xddd77e91c222e36d4bd5ca8e78682a2172314197","0x0fba475e92cfef19f7dbada8ec2cce4ad7bbc0d9","0xd2eab3fbea3b6315ff775210591e6011dc78daac","553633217993079584775086"
"0xf7e6c17435a15adf1b93dd86ebf85ed7c69c77b1098f877a9676e60c174b2da8-40","28352077","1753774025","0xf7e6c17435a15adf1b93dd86ebf85ed7c69c77b1098f877a9676e60c174b2da8","0xddd77e91c222e36d4bd5ca8e78682a2172314197","0x0fba475e92cfef19f7dbada8ec2cce4ad7bbc0d9","0xa09616ea0d03649dd9507fe8b5e93dc1c69fc5af","553633217993079584775086"
"0xf80fd924b3b486020f120737ec800ffbdb89e3d01c01d20b1b75568c594ebdcc-98","28380545","1753791215","0xf80fd924b3b486020f120737ec800ffbdb89e3d01c01d20b1b75568c594ebdcc","0xddd77e91c222e36d4bd5ca8e78682a2172314197","0x0fba475e92cfef19f7dbada8ec2cce4ad7bbc0d9","0xbbd26bcde47dbea874c648935b135b416ed351c9","553633217993079584775086"
"0xf83a095ae70981d1e4d3a3a0fad39761bd86ecf062d6767c51fe5918109b9fed-168","28403730","1753805221","0xf83a095ae70981d1e4d3a3a0fad39761bd86ecf062d6767c51fe5918109b9fed","0xddd77e91c222e36d4bd5ca8e78682a2172314197","0x0fba475e92cfef19f7dbada8ec2cce4ad7bbc0d9","0x13e52c74765483ba6d1c18c6709d0bbda90f29bb","553633217993079584775086"
"0xf85be25181fe271b424cfc86730b9928465eccfd6a727dfc728b5ba74c78a798-91","28388666","1753796022","0xf85be25181fe271b424cfc86730b9928465eccfd6a727dfc728b5ba74c78a798","0xddd77e91c222e36d4bd5ca8e78682a2172314197","0x0fba475e92cfef19f7dbada8ec2cce4ad7bbc0d9","0x73bc9108dcf2de3a89d51bac3815be0d5fb03015","553633217993079584775086"
"0xf866c980019c31e9299b009fdcd82e847070efd30f45f71eebf5487fb2687d3a-105","28333025","1753762555","0xf866c980019c31e9299b009fdcd82e847070efd30f45f71eebf5487fb2687d3a","0xddd77e91c222e36d4bd5ca8e78682a2172314197","0x0fba475e92cfef19f7dbada8ec2cce4ad7bbc0d9","0xd541f9dbb5f6f6817db7c80a0234edd7138406fa","553633217993079584775086"
"0xf874f3ca0a1be835c8ffc59e5d04cb018dc0c17ded0f5aa70483a928e3ad85f1-645","28346904","1753770941","0xf874f3ca0a1be835c8ffc59e5d04cb018dc0c17ded0f5aa70483a928e3ad85f1","0xddd77e91c222e36d4bd5ca8e78682a2172314197","0x0fba475e92cfef19f7dbada8ec2cce4ad7bbc0d9","0x9bb20e177afd7be5bae1258b73ee23bf0e71495f","553633217993079584775086"
"0xf88028e3e371e83d9920f0a2dcf0696e91722a017545bd7fdbab32864bcec058-59","28337109","1753765036","0xf88028e3e371e83d9920f0a2dcf0696e91722a017545bd7fdbab32864bcec058","0xddd77e91c222e36d4bd5ca8e78682a2172314197","0x0fba475e92cfef19f7dbada8ec2cce4ad7bbc0d9","0xfab8a7f3d3a7b8d3d2fb53a5ff64668d3d8f91ac","553633217993079584775086"
"0xf8843494c853860e9fa2222058bfd3c5b54a5129de97ab0f63b0d18d6b8dc791-41","28381734","1753791931","0xf8843494c853860e9fa2222058bfd3c5b54a5129de97ab0f63b0d18d6b8dc791","0xddd77e91c222e36d4bd5ca8e78682a2172314197","0x0fba475e92cfef19f7dbada8ec2cce4ad7bbc0d9","0xf530ffdb63292f676ecb8f5cd973a73d87c143c4","553633217993079584775086"
"0xf88a16ea201b4ff8b438503ebd0d9ccbf837f7f5b90104ee171101f6e1754000-66","28352777","1753774446","0xf88a16ea201b4ff8b438503ebd0d9ccbf837f7f5b90104ee171101f6e1754000","0xddd77e91c222e36d4bd5ca8e78682a2172314197","0x0fba475e92cfef19f7dbada8ec2cce4ad7bbc0d9","0x3b0280d3dcdb392fc34faafc9329c52ff89deb07","553633217993079584775086"
"0xf89c7aec5bd379b51ada23a01a32d63c4f4800f27d347646235942da491c686f-54","28381281","1753791658","0xf89c7aec5bd379b51ada23a01a32d63c4f4800f27d347646235942da491c686f","0xddd77e91c222e36d4bd5ca8e78682a2172314197","0x0fba475e92cfef19f7dbada8ec2cce4ad7bbc0d9","0xf5db7c03a1d58c947567b48d6a0aceb9676880c5","553633217993079584775086"
"0xf8bcd3438c396e9454e229ca87381bf5942a97119024aa9a2ea8465c62c46c04-206","28355502","1753776075","0xf8bcd3438c396e9454e229ca87381bf5942a97119024aa9a2ea8465c62c46c04","0xddd77e91c222e36d4bd5ca8e78682a2172314197","0x0fba475e92cfef19f7dbada8ec2cce4ad7bbc0d9","0x7b4a0ed91922210c17c969c361541e80dada934a","553633217993079584775086"
"0xf8c2f46dd9eb88080fca651a55917df26c2e6c71ef026e389a677b678d563fac-893","28357336","1753777178","0xf8c2f46dd9eb88080fca651a55917df26c2e6c71ef026e389a677b678d563fac","0xddd77e91c222e36d4bd5ca8e78682a2172314197","0x0fba475e92cfef19f7dbada8ec2cce4ad7bbc0d9","0x08673b47a6f1458a05601369e866ee352d25502b","553633217993079584775086"
"0xf9082afffbfef6d739a545cc2cb40d482b9694858fe07c93da2488d36be8d83f-80","28130531","1753641056","0xf9082afffbfef6d739a545cc2cb40d482b9694858fe07c93da2488d36be8d83f","0xddd77e91c222e36d4bd5ca8e78682a2172314197","0x0fba475e92cfef19f7dbada8ec2cce4ad7bbc0d9","0x593f20f98a406a18a5dfe6bac2b5f247982959df","553633217993079584775086"
"0xf90a664a210d6aface49787f9a1211ba9d40446d641e4a0092265bd6bc22bfd4-117","28390630","1753797249","0xf90a664a210d6aface49787f9a1211ba9d40446d641e4a0092265bd6bc22bfd4","0xddd77e91c222e36d4bd5ca8e78682a2172314197","0x0fba475e92cfef19f7dbada8ec2cce4ad7bbc0d9","0x7e1ff582437a1d1ae4b529ffee609c7f1ba3d189","553633217993079584775086"
"0xf91639a68450dfa756f4506e4afbc8250a587f11b75d1fa8602a804e694bd571-88","28359551","1753778542","0xf91639a68450dfa756f4506e4afbc8250a587f11b75d1fa8602a804e694bd571","0xddd77e91c222e36d4bd5ca8e78682a2172314197","0x0fba475e92cfef19f7dbada8ec2cce4ad7bbc0d9","0x82275d9c5cbc2e069ab98ffd2d8537b10dc36553","553633217993079584775086"
"0xf9364cd0e35cee1c3f21d84dbf769590d7f99735cc59fd7a6a9455b2a8463d68-59","28352773","1753774444","0xf9364cd0e35cee1c3f21d84dbf769590d7f99735cc59fd7a6a9455b2a8463d68","0xddd77e91c222e36d4bd5ca8e78682a2172314197","0x0fba475e92cfef19f7dbada8ec2cce4ad7bbc0d9","0x15125168c48f9301fc888573f2d9285e1bf617d4","553633217993079584775086"
"0xf93d3fd63f83ceb37592f4b74114fe8e3a915e06c67f9441592cea03d80b9884-664","28377214","1753789205","0xf93d3fd63f83ceb37592f4b74114fe8e3a915e06c67f9441592cea03d80b9884","0xddd77e91c222e36d4bd5ca8e78682a2172314197","0x0fba475e92cfef19f7dbada8ec2cce4ad7bbc0d9","0xdcba3f2d2447e0b3e4c26bcecf938f2f07d6b6a7","553633217993079584775086"
"0xf94549ca987acd12f5b2b1b5d167165795d680b907d2bac9133ec4b225c5af0f-62","28378156","1753789764","0xf94549ca987acd12f5b2b1b5d167165795d680b907d2bac9133ec4b225c5af0f","0xddd77e91c222e36d4bd5ca8e78682a2172314197","0x0fba475e92cfef19f7dbada8ec2cce4ad7bbc0d9","0x8fb0a2135ac6ae782685a2192199dd1395013ff7","553633217993079584775086"
"0xf9716e5b98b0afc2172884c8228a08abc4d28a3429a599e89e7d27d6c8a02955-117","28368821","1753784146","0xf9716e5b98b0afc2172884c8228a08abc4d28a3429a599e89e7d27d6c8a02955","0xddd77e91c222e36d4bd5ca8e78682a2172314197","0x0fba475e92cfef19f7dbada8ec2cce4ad7bbc0d9","0x50b5ed2f0251beedea8ea6c0ebe47b98907f0dd1","553633217993079584775086"
"0xf9969519b630c68671195eabb9ecbe00ca61fff1e8afb3e01800c96dab63aaef-128","28122187","1753636005","0xf9969519b630c68671195eabb9ecbe00ca61fff1e8afb3e01800c96dab63aaef","0xddd77e91c222e36d4bd5ca8e78682a2172314197","0x0fba475e92cfef19f7dbada8ec2cce4ad7bbc0d9","0x27faa6497818ec151fb1828d68b60fb6966e4063","553633217993079584775086"
"0xf9abe1e1450b74b983541e26dfb4cdf814d9158d33b739e640bc1270f2f79b1d-368","28354595","1753775536","0xf9abe1e1450b74b983541e26dfb4cdf814d9158d33b739e640bc1270f2f79b1d","0xddd77e91c222e36d4bd5ca8e78682a2172314197","0x0fba475e92cfef19f7dbada8ec2cce4ad7bbc0d9","0x1ecfb807dd3a6bc1e238f302b6fea0fe4d84e172","553633217993079584775086"
"0xf9b91ce5dfac53a7619be602a6cf0168d4c09f6a37558722f7fc572943aafe3d-575","28330518","1753761055","0xf9b91ce5dfac53a7619be602a6cf0168d4c09f6a37558722f7fc572943aafe3d","0xddd77e91c222e36d4bd5ca8e78682a2172314197","0x0fba475e92cfef19f7dbada8ec2cce4ad7bbc0d9","0x2c176f5ee3a069252e00f7fd30f325e411b3dcc8","553633217993079584775086"
"0xf9d5a7dae6e0d2098e9af9a047098b438841fd51b58ef9a082825a50d5319a4a-46","28341543","1753767681","0xf9d5a7dae6e0d2098e9af9a047098b438841fd51b58ef9a082825a50d5319a4a","0xddd77e91c222e36d4bd5ca8e78682a2172314197","0x0fba475e92cfef19f7dbada8ec2cce4ad7bbc0d9","0x3f6249c4d782aab00b5e9ab99e090035b80e0c15","553633217993079584775086"
"0xf9fbc97d68962c0c4958571d48582c74b463dfa4ce4d07569c4803abec65dfa9-102","28383156","1753792807","0xf9fbc97d68962c0c4958571d48582c74b463dfa4ce4d07569c4803abec65dfa9","0xddd77e91c222e36d4bd5ca8e78682a2172314197","0x0fba475e92cfef19f7dbada8ec2cce4ad7bbc0d9","0x36124bd93cd3678425bd72c758807fd8bbba231b","553633217993079584775086"
"0xfa0c0b30c54faed9b79d9a2da3df61f8eb4346293a6ba1c8d6cec0fbf7cc259f-160","28352411","1753774229","0xfa0c0b30c54faed9b79d9a2da3df61f8eb4346293a6ba1c8d6cec0fbf7cc259f","0xddd77e91c222e36d4bd5ca8e78682a2172314197","0x0fba475e92cfef19f7dbada8ec2cce4ad7bbc0d9","0xd2b169549a381adc1e33540edfec077b31c76eef","553633217993079584775086"
"0xfa30e00632e2952e2fb1138ed1941cd2b54a8dd6fd380f72aaa46a7dead0fea5-103","28394278","1753799469","0xfa30e00632e2952e2fb1138ed1941cd2b54a8dd6fd380f72aaa46a7dead0fea5","0xddd77e91c222e36d4bd5ca8e78682a2172314197","0x0fba475e92cfef19f7dbada8ec2cce4ad7bbc0d9","0x7b26a6f18afe429782a88e5c9899919ea503fec9","553633217993079584775086"
"0xfa6a08ddf0dfb5f9b3b8e006a81be2a062bf72391143b475e09f4177a40847fc-101","28401705","1753804006","0xfa6a08ddf0dfb5f9b3b8e006a81be2a062bf72391143b475e09f4177a40847fc","0xddd77e91c222e36d4bd5ca8e78682a2172314197","0x0fba475e92cfef19f7dbada8ec2cce4ad7bbc0d9","0xdc3a952b3585a25970e59d2ff790ba0023996242","553633217993079584775086"
"0xfa8e4a5e5f4afef10adce1622cab9df4e5422466cfb6f416f590309897bff015-179","28354834","1753775674","0xfa8e4a5e5f4afef10adce1622cab9df4e5422466cfb6f416f590309897bff015","0xddd77e91c222e36d4bd5ca8e78682a2172314197","0x0fba475e92cfef19f7dbada8ec2cce4ad7bbc0d9","0x90359cb746862d487b288bc39372f249cc434e8e","553633217993079584775086"
"0xfaa74fd17f82f6e1aa8ce008155ef5d5e2d01ba660c5d7ad152d06f27728a1a7-464","28338841","1753766065","0xfaa74fd17f82f6e1aa8ce008155ef5d5e2d01ba660c5d7ad152d06f27728a1a7","0xddd77e91c222e36d4bd5ca8e78682a2172314197","0x0fba475e92cfef19f7dbada8ec2cce4ad7bbc0d9","0xada7e6d162c3ff6f493cc848f9fe1bd74dd70a17","553633217993079584775086"
"0xfaa7b7b7694f253f938c5ed096df47b32b653abaccc45bff82dc2270d92b2e29-9","28130415","1753640982","0xfaa7b7b7694f253f938c5ed096df47b32b653abaccc45bff82dc2270d92b2e29","0xddd77e91c222e36d4bd5ca8e78682a2172314197","0x0fba475e92cfef19f7dbada8ec2cce4ad7bbc0d9","0xfa777865ac387cdfb8480822147682f076c739d7","553633217993079584775086"
"0xfac1531875c547a1cf6ad242d3f0fc37fe7a8cde0786ad4bef2d1cb738b6b474-81","28341199","1753767484","0xfac1531875c547a1cf6ad242d3f0fc37fe7a8cde0786ad4bef2d1cb738b6b474","0xddd77e91c222e36d4bd5ca8e78682a2172314197","0x0fba475e92cfef19f7dbada8ec2cce4ad7bbc0d9","0x7a42436c6bfd9120455ef29bd4cec06afe3ce667","553633217993079584775086"
"0xfac8facd7a0dd88791edf662225f5f98dde5ad831b53f700caa5f1a723a502c2-3","28360570","1753779157","0xfac8facd7a0dd88791edf662225f5f98dde5ad831b53f700caa5f1a723a502c2","0xddd77e91c222e36d4bd5ca8e78682a2172314197","0x0fba475e92cfef19f7dbada8ec2cce4ad7bbc0d9","0x528608f40f9835cc5e26244309384c8c15e07e60","553633217993079584775086"
"0xfaea5aad2aaad38f0a106aac8970d069527189a9a9ec60c50bf182cc65005100-160","28357762","1753777450","0xfaea5aad2aaad38f0a106aac8970d069527189a9a9ec60c50bf182cc65005100","0xddd77e91c222e36d4bd5ca8e78682a2172314197","0x0fba475e92cfef19f7dbada8ec2cce4ad7bbc0d9","0x2b8ebe6e711f863f57db6901ffab113907cd350f","553633217993079584775086"
"0xfb2c115601c630f43cd3bb08c00edd44f7e0986297653ba6cec55c16e4c59622-63","28355927","1753776344","0xfb2c115601c630f43cd3bb08c00edd44f7e0986297653ba6cec55c16e4c59622","0xddd77e91c222e36d4bd5ca8e78682a2172314197","0x0fba475e92cfef19f7dbada8ec2cce4ad7bbc0d9","0xc8c0b4d9d3dae10c205637da941db32b2c3efcb6","553633217993079584775086"
"0xfb3053b6e765246da02e6db30ebfa21de4d5b36c157c8da9d6efb47b8d165f1c-104","28335914","1753764321","0xfb3053b6e765246da02e6db30ebfa21de4d5b36c157c8da9d6efb47b8d165f1c","0xddd77e91c222e36d4bd5ca8e78682a2172314197","0x0fba475e92cfef19f7dbada8ec2cce4ad7bbc0d9","0x344bb920ba88e4c682cd8db235b0664db3867491","553633217993079584775086"
"0xfb37d445fc851a0e79871df4a1785ffcbb49a5986f3af4930e92af8be8d916c4-3","28405331","1753806181","0xfb37d445fc851a0e79871df4a1785ffcbb49a5986f3af4930e92af8be8d916c4","0xddd77e91c222e36d4bd5ca8e78682a2172314197","0x0fba475e92cfef19f7dbada8ec2cce4ad7bbc0d9","0xfd1a95c9441f02bf1f3ee7c3268df8492b3f622d","553633217993079584775086"
"0xfb5cd3ecee8e0c5e250ea107c51ed6dd3ceb4b75a9999ab25c42a154af98ae64-584","28347316","1753771184","0xfb5cd3ecee8e0c5e250ea107c51ed6dd3ceb4b75a9999ab25c42a154af98ae64","0xddd77e91c222e36d4bd5ca8e78682a2172314197","0x0fba475e92cfef19f7dbada8ec2cce4ad7bbc0d9","0x267b89e16737220693f2c7e2bd7347e26bbaa38c","553633217993079584775086"
"0xfb7c3856d143968e03b70b595c98f801f5345be348ebe4e757a7c71877abb490-12","28373626","1753787007","0xfb7c3856d143968e03b70b595c98f801f5345be348ebe4e757a7c71877abb490","0xddd77e91c222e36d4bd5ca8e78682a2172314197","0x0fba475e92cfef19f7dbada8ec2cce4ad7bbc0d9","0x592013f104dd6ff9b66f847ebfec20bdcac8c116","553633217993079584775086"
"0xfb956090646fca12036fb6892b3ef682e386d2e3b0a7d03e40e01dd675f6eee5-122","28349662","1753772581","0xfb956090646fca12036fb6892b3ef682e386d2e3b0a7d03e40e01dd675f6eee5","0xddd77e91c222e36d4bd5ca8e78682a2172314197","0x0fba475e92cfef19f7dbada8ec2cce4ad7bbc0d9","0x854225ec76101be493b34e6dd1cf956bc273c672","553633217993079584775086"
"0xfbc35e4c018834abe712a0d190616cb9754fc6e656173fe43219780b1c6376e1-202","28384175","1753793409","0xfbc35e4c018834abe712a0d190616cb9754fc6e656173fe43219780b1c6376e1","0xddd77e91c222e36d4bd5ca8e78682a2172314197","0x0fba475e92cfef19f7dbada8ec2cce4ad7bbc0d9","0xc3c5b3097d76e29beedab7821928784cbd0192b3","553633217993079584775086"
"0xfbd05e7ec4a37351f924b428e5bedf2c4156639e0dd4e8e6898a09b626fcb638-171","28338628","1753765930","0xfbd05e7ec4a37351f924b428e5bedf2c4156639e0dd4e8e6898a09b626fcb638","0xddd77e91c222e36d4bd5ca8e78682a2172314197","0x0fba475e92cfef19f7dbada8ec2cce4ad7bbc0d9","0x3cf6cf57bef2073b2b9668d2c3d9bdf9fbd887d9","553633217993079584775086"
"0xfbfb46d9757722e1df254bc1cad034ca5d8a6a056ae0e2776a92a6b21c726712-187","28367385","1753783273","0xfbfb46d9757722e1df254bc1cad034ca5d8a6a056ae0e2776a92a6b21c726712","0xddd77e91c222e36d4bd5ca8e78682a2172314197","0x0fba475e92cfef19f7dbada8ec2cce4ad7bbc0d9","0xc5ccb2c262b07fb3c2ad5edb10e1874044509355","553633217993079584775086"
"0xfbfc9ee52b18ad9d21e0bd79a2f3177eeb90824246ed003d0f61a7326bf306f3-70","28357806","1753777472","0xfbfc9ee52b18ad9d21e0bd79a2f3177eeb90824246ed003d0f61a7326bf306f3","0xddd77e91c222e36d4bd5ca8e78682a2172314197","0x0fba475e92cfef19f7dbada8ec2cce4ad7bbc0d9","0x3baf9a519367613ad4b0c096b137aa433a2c1059","553633217993079584775086"
"0xfc042cd4fc2863b9c765f4713c9863c940f9361854a1c30f181278ab9efff907-255","28372444","1753786283","0xfc042cd4fc2863b9c765f4713c9863c940f9361854a1c30f181278ab9efff907","0xddd77e91c222e36d4bd5ca8e78682a2172314197","0x0fba475e92cfef19f7dbada8ec2cce4ad7bbc0d9","0x9ca119c2a482f5f518de077a0d27ff0706a8cc25","553633217993079584775086"
"0xfc15d081a45bb0eaa695504ffe320e5e15793b247ece32f13f1fbf961d623341-35","28338023","1753765571","0xfc15d081a45bb0eaa695504ffe320e5e15793b247ece32f13f1fbf961d623341","0xddd77e91c222e36d4bd5ca8e78682a2172314197","0x0fba475e92cfef19f7dbada8ec2cce4ad7bbc0d9","0xf72694102f1f77da61e5ed003ae1fcab3b925aa9","553633217993079584775086"
"0xfc414b9d21976d8f553eb7845d7673cb2e9965cc836578ae33f738050854e831-182","28387737","1753795461","0xfc414b9d21976d8f553eb7845d7673cb2e9965cc836578ae33f738050854e831","0xddd77e91c222e36d4bd5ca8e78682a2172314197","0x0fba475e92cfef19f7dbada8ec2cce4ad7bbc0d9","0x71e9689892263fb36a75052bc9e571636c45b28c","553633217993079584775086"
"0xfc5ac61b9afc28a3f2cd9e9306f5aed4112e7efe0446f8f77869a7faa7e22b24-36","28404453","1753805655","0xfc5ac61b9afc28a3f2cd9e9306f5aed4112e7efe0446f8f77869a7faa7e22b24","0xddd77e91c222e36d4bd5ca8e78682a2172314197","0x0fba475e92cfef19f7dbada8ec2cce4ad7bbc0d9","0x21ee1aad15871aeedc4fdf54366dca31cce572ae","553633217993079584775086"
"0xfc7aefa615ea319a1db3570daeb7a5f88dc8816d9fd06c47dd325770a4c0572a-148","28395914","1753800461","0xfc7aefa615ea319a1db3570daeb7a5f88dc8816d9fd06c47dd325770a4c0572a","0xddd77e91c222e36d4bd5ca8e78682a2172314197","0x0fba475e92cfef19f7dbada8ec2cce4ad7bbc0d9","0xe77a035621f29a1501735aa05fb308671e7a243e","553633217993079584775086"
"0xfc8b4f6344f9a4895ba0d7f91295b5cbd0b409bcd25e1e61e856facbc4c3fbac-11","28379762","1753790737","0xfc8b4f6344f9a4895ba0d7f91295b5cbd0b409bcd25e1e61e856facbc4c3fbac","0xddd77e91c222e36d4bd5ca8e78682a2172314197","0x0fba475e92cfef19f7dbada8ec2cce4ad7bbc0d9","0xa805a869af8de6b70a589e07d9a2601c4741c45f","553633217993079584775086"
"0xfc982c25d2d8980ff1cc5f19e46c93dab4aec8a3cd37f6110d2d56326848a1e7-23","28348359","1753771826","0xfc982c25d2d8980ff1cc5f19e46c93dab4aec8a3cd37f6110d2d56326848a1e7","0xddd77e91c222e36d4bd5ca8e78682a2172314197","0x0fba475e92cfef19f7dbada8ec2cce4ad7bbc0d9","0x4972822d66a3392d8646c48452305cf8f0c5ec02","553633217993079584775086"
"0xfc9afdc42d1a420e4d320fe9b65d39c895f98c3e927c36dd33ef7ea7817977d5-406","28377799","1753789556","0xfc9afdc42d1a420e4d320fe9b65d39c895f98c3e927c36dd33ef7ea7817977d5","0xddd77e91c222e36d4bd5ca8e78682a2172314197","0x0fba475e92cfef19f7dbada8ec2cce4ad7bbc0d9","0xee4a0c64fef207e938801f60322e8437f54ff870","553633217993079584775086"
"0xfc9f2ef54fb4444f0114a04289e83bb2e1b9f1e6fc869767640d4bbf810502e5-78","28376036","1753788480","0xfc9f2ef54fb4444f0114a04289e83bb2e1b9f1e6fc869767640d4bbf810502e5","0xddd77e91c222e36d4bd5ca8e78682a2172314197","0x0fba475e92cfef19f7dbada8ec2cce4ad7bbc0d9","0x531dca31a861dae63a8d70de5b4e627636019dfe","553633217993079584775086"
"0xfca40fb6c13dc57541100d73e2d603167f951fd359d7df7151eb82625250110f-16","28370959","1753785397","0xfca40fb6c13dc57541100d73e2d603167f951fd359d7df7151eb82625250110f","0xddd77e91c222e36d4bd5ca8e78682a2172314197","0x0fba475e92cfef19f7dbada8ec2cce4ad7bbc0d9","0x542a5e2897745eec36c16cceba1a0808ebfe931f","553633217993079584775086"
"0xfcb4a5dcfb7f0d8603da3eb6a63b9729334f24f7779336354319be6cab9d1c00-11","28346234","1753770523","0xfcb4a5dcfb7f0d8603da3eb6a63b9729334f24f7779336354319be6cab9d1c00","0xddd77e91c222e36d4bd5ca8e78682a2172314197","0x0fba475e92cfef19f7dbada8ec2cce4ad7bbc0d9","0x07516a3de00487085b3d53afcd237fcd76f4242b","553633217993079584775086"
"0xfccf48c44439fef4fa409d6763c56313c98ceedb9ebc6b4ec508cc92da5e565d-90","28354761","1753775628","0xfccf48c44439fef4fa409d6763c56313c98ceedb9ebc6b4ec508cc92da5e565d","0xddd77e91c222e36d4bd5ca8e78682a2172314197","0x0fba475e92cfef19f7dbada8ec2cce4ad7bbc0d9","0x97bb0f3618b6564a400dbc33c8aeb898868be3f6","553633217993079584775086"
"0xfd2722c9ed3b9c32f90255514ac51908b821f229a7647c9f2e57b726aac7436d-787","28343461","1753768845","0xfd2722c9ed3b9c32f90255514ac51908b821f229a7647c9f2e57b726aac7436d","0xddd77e91c222e36d4bd5ca8e78682a2172314197","0x0fba475e92cfef19f7dbada8ec2cce4ad7bbc0d9","0xca5cd8be96ea6196fcb30c8b232c679e7a835657","553633217993079584775086"
"0xfd29bbab2c71ce03d59d78d3e0001a14ddfe57b4eae9715c345aaa2c39e05c0f-207","28352684","1753774395","0xfd29bbab2c71ce03d59d78d3e0001a14ddfe57b4eae9715c345aaa2c39e05c0f","0xddd77e91c222e36d4bd5ca8e78682a2172314197","0x0fba475e92cfef19f7dbada8ec2cce4ad7bbc0d9","0x0a58e46a0e0c9232a0c69bce1dcf9bb2e06d879a","553633217993079584775086"
"0xfd331dd2b22948787fbedeef0892692449566e602484f318001c0a56b15c8ae5-34","28343267","1753768729","0xfd331dd2b22948787fbedeef0892692449566e602484f318001c0a56b15c8ae5","0xddd77e91c222e36d4bd5ca8e78682a2172314197","0x0fba475e92cfef19f7dbada8ec2cce4ad7bbc0d9","0x2502a324ca239deb9a4494f2b056dcad0b7f5055","553633217993079584775086"
"0xfd5aa59ba243728028dae0ab1223ae3e0c25861028ea6c269d0bbcb1ee00de0a-681","28339216","1753766318","0xfd5aa59ba243728028dae0ab1223ae3e0c25861028ea6c269d0bbcb1ee00de0a","0xddd77e91c222e36d4bd5ca8e78682a2172314197","0x0fba475e92cfef19f7dbada8ec2cce4ad7bbc0d9","0x1443aeb1bc96fb8faca196140f21a02d0081fe18","553633217993079584775086"
"0xfd5ca6231a490a06ad1ef7352265b845e771fb9b5dc8769c1a7003c7d2df3bdf-131","28388128","1753795699","0xfd5ca6231a490a06ad1ef7352265b845e771fb9b5dc8769c1a7003c7d2df3bdf","0xddd77e91c222e36d4bd5ca8e78682a2172314197","0x0fba475e92cfef19f7dbada8ec2cce4ad7bbc0d9","0x8192ba69c5e86e0b3ff0fb9fe17ff7a686a76c54","553633217993079584775086"
"0xfd5edd7c70617e1463f80e30423af543ab9497ead822a14f7a84922b2cf0f804-129","28405943","1753806549","0xfd5edd7c70617e1463f80e30423af543ab9497ead822a14f7a84922b2cf0f804","0xddd77e91c222e36d4bd5ca8e78682a2172314197","0x0fba475e92cfef19f7dbada8ec2cce4ad7bbc0d9","0x54aa6851411740db9378617484815fb056bbee63","553633217993079584775086"
"0xfd743a2651d6598b474088fa2e48e16d196b51039ccca58ee6a091b5d1f53c7e-242","28394844","1753799813","0xfd743a2651d6598b474088fa2e48e16d196b51039ccca58ee6a091b5d1f53c7e","0xddd77e91c222e36d4bd5ca8e78682a2172314197","0x0fba475e92cfef19f7dbada8ec2cce4ad7bbc0d9","0xc1c759c5575e83e597475bbf53ea5a69d84a8aac","553633217993079584775086"
"0xfd78666396182135a3d5caaf5da41f91293ce82e3f849d1e801a9c989f3ef6b8-93","28396090","1753800554","0xfd78666396182135a3d5caaf5da41f91293ce82e3f849d1e801a9c989f3ef6b8","0xddd77e91c222e36d4bd5ca8e78682a2172314197","0x0fba475e92cfef19f7dbada8ec2cce4ad7bbc0d9","0xeab3eab6792cef26ade269dd461a550616eb8fa2","553633217993079584775086"
"0xfda6aea885a7c80fa79998beb53b2f98bf4602388cdb55540d7efe7a6d27212a-62","28398917","1753802265","0xfda6aea885a7c80fa79998beb53b2f98bf4602388cdb55540d7efe7a6d27212a","0xddd77e91c222e36d4bd5ca8e78682a2172314197","0x0fba475e92cfef19f7dbada8ec2cce4ad7bbc0d9","0x97be74bc02d1a528bcd45a7474947c328d3a2c9e","553633217993079584775086"
"0xfdaca33cc867787d92d565e833f2a6fdc9380d449de5b791cd5e55c7df98e69b-76","28344643","1753769557","0xfdaca33cc867787d92d565e833f2a6fdc9380d449de5b791cd5e55c7df98e69b","0xddd77e91c222e36d4bd5ca8e78682a2172314197","0x0fba475e92cfef19f7dbada8ec2cce4ad7bbc0d9","0x55285ac34cb9b73477385612ad11730765833b7d","553633217993079584775086"
"0xfdb680212ff1b8bc9ad5fb5768b082a7bfc93365e7aaf3b4eb184d631788bc9f-67","28343947","1753769159","0xfdb680212ff1b8bc9ad5fb5768b082a7bfc93365e7aaf3b4eb184d631788bc9f","0xddd77e91c222e36d4bd5ca8e78682a2172314197","0x0fba475e92cfef19f7dbada8ec2cce4ad7bbc0d9","0xd5daf3962b9bce31e173ee23c179ff7a80a6197e","553633217993079584775086"
"0xfdc958aaba8cae0166080d8f1fbfdc5e9ac1333ad8190d35f55d990ce097f1fe-76","28382305","1753792293","0xfdc958aaba8cae0166080d8f1fbfdc5e9ac1333ad8190d35f55d990ce097f1fe","0xddd77e91c222e36d4bd5ca8e78682a2172314197","0x0fba475e92cfef19f7dbada8ec2cce4ad7bbc0d9","0x7fb382ecadc9a7c296897c5d32c7b7d17a554aed","553633217993079584775086"
"0xfdca8208a161a3b0f68790a406fc9ea73a9d83491a9a99f943dfd480543b7eb8-77","28385865","1753794407","0xfdca8208a161a3b0f68790a406fc9ea73a9d83491a9a99f943dfd480543b7eb8","0xddd77e91c222e36d4bd5ca8e78682a2172314197","0x0fba475e92cfef19f7dbada8ec2cce4ad7bbc0d9","0x583db960d14834bde2417e128366b9f48fe0b7ae","553633217993079584775086"
"0xfe2ec2431fb697aa4f327c3c0a515623d06d1b19f49a0df40a25394a8352798a-155","28363854","1753781133","0xfe2ec2431fb697aa4f327c3c0a515623d06d1b19f49a0df40a25394a8352798a","0xddd77e91c222e36d4bd5ca8e78682a2172314197","0x0fba475e92cfef19f7dbada8ec2cce4ad7bbc0d9","0x7fc0df2a76fc423c3d150d603292fabd06d5f782","553633217993079584775086"
"0xfe49964e6b5f8c8c7bfef76d2d3bb36bdae08f41055d42f30949d110fbc20163-11","28360113","1753778872","0xfe49964e6b5f8c8c7bfef76d2d3bb36bdae08f41055d42f30949d110fbc20163","0xddd77e91c222e36d4bd5ca8e78682a2172314197","0x0fba475e92cfef19f7dbada8ec2cce4ad7bbc0d9","0x933f01eac4ec65f4f35af6fd9f5e8bd64757ad68","553633217993079584775086"
"0xfe4f21f34def9b8b57d0c8453468199358795af1a7daf967e691a0ec392dd27f-13","28363350","1753780818","0xfe4f21f34def9b8b57d0c8453468199358795af1a7daf967e691a0ec392dd27f","0xddd77e91c222e36d4bd5ca8e78682a2172314197","0x0fba475e92cfef19f7dbada8ec2cce4ad7bbc0d9","0x7640fcd45d8be565de0ce18f2d2948212cca1624","553633217993079584775086"
"0xfe668098ba5be599361f6996c3694a70bf6c1f8bd468daa6fd3f6cf9cf44f541-4","28359986","1753778791","0xfe668098ba5be599361f6996c3694a70bf6c1f8bd468daa6fd3f6cf9cf44f541","0xddd77e91c222e36d4bd5ca8e78682a2172314197","0x0fba475e92cfef19f7dbada8ec2cce4ad7bbc0d9","0x0f2f46c8875309b8b3357491c160bbed93510131","553633217993079584775086"
"0xfe912d9ac0917e077aa90a5f1f971b0550d23c655b2561cf998509ba890416d5-59","28365978","1753782405","0xfe912d9ac0917e077aa90a5f1f971b0550d23c655b2561cf998509ba890416d5","0xddd77e91c222e36d4bd5ca8e78682a2172314197","0x0fba475e92cfef19f7dbada8ec2cce4ad7bbc0d9","0x9af5c67dd5807ad648e3f3c80504b809420e487e","553633217993079584775086"
"0xfe932c7c2d41ae4e27c2554edebb23179ff8a1c91e2f2f76e6ca94d40d25b7ed-35","28358236","1753777729","0xfe932c7c2d41ae4e27c2554edebb23179ff8a1c91e2f2f76e6ca94d40d25b7ed","0xddd77e91c222e36d4bd5ca8e78682a2172314197","0x0fba475e92cfef19f7dbada8ec2cce4ad7bbc0d9","0xfab79af5f164b4d1bc1f5e47c6ec8c5bd70b8740","553633217993079584775086"
"0xfea17784bada656bc9813a7aae81efcf2e9853496eb9975e7b34b02257e6677a-43","28341697","1753767770","0xfea17784bada656bc9813a7aae81efcf2e9853496eb9975e7b34b02257e6677a","0xddd77e91c222e36d4bd5ca8e78682a2172314197","0x0fba475e92cfef19f7dbada8ec2cce4ad7bbc0d9","0xc9914b30ec2bea3d567d70c3a99f845e91e17346","553633217993079584775086"
"0xfeccb31125f7af1871d17ad1a16bff2a2f80a4a2cbf2c9ec03e1a19fb9229b80-26","28392446","1753798357","0xfeccb31125f7af1871d17ad1a16bff2a2f80a4a2cbf2c9ec03e1a19fb9229b80","0xddd77e91c222e36d4bd5ca8e78682a2172314197","0x0fba475e92cfef19f7dbada8ec2cce4ad7bbc0d9","0xa09699f0d6c34b114811923d5c92ad263baebca8","553633217993079584775086"
"0xfed081877b9fd4df3a1e704bcec479031f4c5f2ecba0157c02146c9b4b84436c-9","28334911","1753763716","0xfed081877b9fd4df3a1e704bcec479031f4c5f2ecba0157c02146c9b4b84436c","0xddd77e91c222e36d4bd5ca8e78682a2172314197","0x0fba475e92cfef19f7dbada8ec2cce4ad7bbc0d9","0xd84bbb4b1464061fd47827105a448184064aa949","553633217993079584775086"
"0xfed9cf2497a36847f3ccee63ec483bd4f86bc6780816fa0aee2becf37ffd49f2-181","28137925","1753645526","0xfed9cf2497a36847f3ccee63ec483bd4f86bc6780816fa0aee2becf37ffd49f2","0xddd77e91c222e36d4bd5ca8e78682a2172314197","0x0fba475e92cfef19f7dbada8ec2cce4ad7bbc0d9","0xfe71989e1c067a8879408f1d525cbd6d215cc245","553633217993079584775086"
"0xff08334b23eb05be9b539a40cf65401716a73ea49e719306078ce9bf951e85dc-140","28381877","1753792022","0xff08334b23eb05be9b539a40cf65401716a73ea49e719306078ce9bf951e85dc","0xddd77e91c222e36d4bd5ca8e78682a2172314197","0x0fba475e92cfef19f7dbada8ec2cce4ad7bbc0d9","0x54df94abc531ab418190a7ddeed82230947be2f4","553633217993079584775086"
"0xff09b744f43da8275c607cadba79b71d4019328ee49376a6a38a789fd841ec13-137","28341405","1753767605","0xff09b744f43da8275c607cadba79b71d4019328ee49376a6a38a789fd841ec13","0xddd77e91c222e36d4bd5ca8e78682a2172314197","0x0fba475e92cfef19f7dbada8ec2cce4ad7bbc0d9","0xfa2ed5a1569194b36a10a6f6c319e5091dd2b7f0","553633217993079584775086"
"0xff28b57f95c9403eccc8f2d442f31da655ba4586c346561de1ea91d42dabc5d3-85","28344550","1753769508","0xff28b57f95c9403eccc8f2d442f31da655ba4586c346561de1ea91d42dabc5d3","0xddd77e91c222e36d4bd5ca8e78682a2172314197","0x0fba475e92cfef19f7dbada8ec2cce4ad7bbc0d9","0xfee5d79340da7f922688bd97da9b9a56a1aeb67f","553633217993079584775086"
"0xff3f8ee8c9b40550c9802beff7f19d53f1cdb578c5e05f46dbf23f7e310c96ad-78","28388303","1753795809","0xff3f8ee8c9b40550c9802beff7f19d53f1cdb578c5e05f46dbf23f7e310c96ad","0xddd77e91c222e36d4bd5ca8e78682a2172314197","0x0fba475e92cfef19f7dbada8ec2cce4ad7bbc0d9","0x03526b44884dbc4f32e9d82ae4255701e8dab319","553633217993079584775086"
"0xff455915d3447c20dfb3f0f64395b246c3ecfb1e8d9507b504c00fb85579f58e-653","28343125","1753768633","0xff455915d3447c20dfb3f0f64395b246c3ecfb1e8d9507b504c00fb85579f58e","0xddd77e91c222e36d4bd5ca8e78682a2172314197","0x0fba475e92cfef19f7dbada8ec2cce4ad7bbc0d9","0x0ac79a400b426e4b75cdf3a306cf97a37a1f2457","553633217993079584775086"
"0xff6c5fcec342fa06bab36b3fe3ee9f463842e957a9f867b2c9f1444fa36b209c-247","28368592","1753783998","0xff6c5fcec342fa06bab36b3fe3ee9f463842e957a9f867b2c9f1444fa36b209c","0xddd77e91c222e36d4bd5ca8e78682a2172314197","0x0fba475e92cfef19f7dbada8ec2cce4ad7bbc0d9","0x00b3dcb1acab19865a7d0d61545cb4e67091532b","553633217993079584775086"
"0xff6cf290de78e6a460f77503407b27119da99775bd55dc297a2fb69e2e1145ce-129","28347563","1753771324","0xff6cf290de78e6a460f77503407b27119da99775bd55dc297a2fb69e2e1145ce","0xddd77e91c222e36d4bd5ca8e78682a2172314197","0x0fba475e92cfef19f7dbada8ec2cce4ad7bbc0d9","0x573d3a1d74614155b59fabbd50617fe6516f0d5e","553633217993079584775086"
"0xff7af135b1c662e2d50b174f238dd686a85e39b86ae2dd7163add4d396850dd9-564","28340674","1753767158","0xff7af135b1c662e2d50b174f238dd686a85e39b86ae2dd7163add4d396850dd9","0xddd77e91c222e36d4bd5ca8e78682a2172314197","0x0fba475e92cfef19f7dbada8ec2cce4ad7bbc0d9","0x60049796b48490babb4b6ef9820bddc70cfd80e6","553633217993079584775086"
"0xff8367af186915bf9dfdedc4cd98dab2286f4f81a04d9823f0a616c2721147dd-4","28364899","1753781747","0xff8367af186915bf9dfdedc4cd98dab2286f4f81a04d9823f0a616c2721147dd","0xddd77e91c222e36d4bd5ca8e78682a2172314197","0x0fba475e92cfef19f7dbada8ec2cce4ad7bbc0d9","0x679f360cdea00ddc17a60680f211d15a87342601","553633217993079584775086"
"0xff87dbcccfeedf90fe004af9f4757235083ed19e5ae260bce36d4ad5cb515d5a-320","28348051","1753771643","0xff87dbcccfeedf90fe004af9f4757235083ed19e5ae260bce36d4ad5cb515d5a","0xddd77e91c222e36d4bd5ca8e78682a2172314197","0x0fba475e92cfef19f7dbada8ec2cce4ad7bbc0d9","0xec5bddb1d987d6bc5b400107b305794922e64b29","553633217993079584775086"
"0xff90cbecbd8eaa73f1f13b068ef72d3e4512f14c755a51448246eab95f956603-84","28359551","1753778542","0xff90cbecbd8eaa73f1f13b068ef72d3e4512f14c755a51448246eab95f956603","0xddd77e91c222e36d4bd5ca8e78682a2172314197","0x0fba475e92cfef19f7dbada8ec2cce4ad7bbc0d9","0x038c8e1ca81d57f78ba48d639b7b7c5b5d2b4795","553633217993079584775086"
"0xffab1ef397a9124a1e608c3eb753358d80cb19f7059c3a8c7dbd33ac392eb622-156","28347875","1753771526","0xffab1ef397a9124a1e608c3eb753358d80cb19f7059c3a8c7dbd33ac392eb622","0xddd77e91c222e36d4bd5ca8e78682a2172314197","0x0fba475e92cfef19f7dbada8ec2cce4ad7bbc0d9","0xf7fea692f0cea728672798fd87fd5404cde69d2d","553633217993079584775086"
"0xffd3367a05ca546b4fca5a74b4cd43eb485e7f511a19d1ac848ddb82148bbb1e-129","28371078","1753785476","0xffd3367a05ca546b4fca5a74b4cd43eb485e7f511a19d1ac848ddb82148bbb1e","0xddd77e91c222e36d4bd5ca8e78682a2172314197","0x0fba475e92cfef19f7dbada8ec2cce4ad7bbc0d9","0xe5d5a63967786d54aea0f80d75d491037233f7db","553633217993079584775086"